aggregation,algorithm,base_dataset,batch_strategy,device,duplicate_sources,feature_mode,force_undirected,iterations,machines,method,mod_weight,mode,modularity_mean,modularity_std,nmi_mean,nmi_std,radius,resolution,run_key,sources,subcoms_depth,time_mean,time_std,unique_runs
,dese-L:3-r:1-gpu,dyn_acm,999:10,gpu,0,,False,,cn69,dese,,smart,0.3168572187423706,0.0,,,1,,experiment|dese-L:3-r:1-gpu|dese|smart|None|3|1|None|gpu|None|None|None|dyn_acm|False|999:10,results/archive/12s_5small_999:10.json,3,10.536491870880127,0.0,1
,dese-L:3-r:1-gpu,dyn_bat,999:10,gpu,0,,False,,cn69,dese,,smart,0.28114455938339233,0.0,,,1,,experiment|dese-L:3-r:1-gpu|dese|smart|None|3|1|None|gpu|None|None|None|dyn_bat|False|999:10,results/archive/12s_5small_999:10.json,3,0.17476963996887207,0.0,1
,dese-L:3-r:1-gpu,dyn_blogcatalog,999:10,gpu,0,,False,,dev_256g,dese,,smart,0.0,0.0,,,1,,experiment|dese-L:3-r:1-gpu|dese|smart|None|3|1|None|gpu|None|None|None|dyn_blogcatalog|False|999:10,results/archive/55s_dyn_blogcatalog_b999:10.json,3,6336.902386188507,0.0,1
,dese-L:3-r:1-gpu,dyn_citeseer,999:10,gpu,0,,False,,cn69,dese,,smart,0.6762653589248657,0.0,,,1,,experiment|dese-L:3-r:1-gpu|dese|smart|None|3|1|None|gpu|None|None|None|dyn_citeseer|False|999:10,results/archive/12s_5small_999:10.json,3,27.58556294441223,0.0,1
,dese-L:3-r:1-gpu,dyn_cora,999:10,gpu,0,,False,,cn69,dese,,smart,0.7735245823860168,0.0,,,1,,experiment|dese-L:3-r:1-gpu|dese|smart|None|3|1|None|gpu|None|None|None|dyn_cora|False|999:10,results/archive/12s_5small_999:10.json,3,4.139235734939575,0.0,1
,dese-L:3-r:1-gpu,dyn_wikics,999:10,gpu,0,,False,,dev_256g,dese,,smart,0.08774891495704651,0.0,,,1,,experiment|dese-L:3-r:1-gpu|dese|smart|None|3|1|None|gpu|None|None|None|dyn_wikics|False|999:10,results/archive/55s_dyn_blogcatalog_b999:10.json,3,13764.469881534576,0.0,1
,dese-L:3-r:1-gpu,dyn_wiki,999:10,gpu,0,,False,,dev_256g,dese,,smart,0.09818673878908157,0.0,,,1,,experiment|dese-L:3-r:1-gpu|dese|smart|None|3|1|None|gpu|None|None|None|dyn_wiki|False|999:10,results/archive/5ss_dyn_wiki_b999:10.json,3,50.477495431900024,0.0,1
,dese-i:1-mod:0.0-res:1.0-naive-feat:dataset,dyn_cora,999:10,,0,dataset,False,1,cn69,dese,0.0,naive,0.0,0.0,,,,1.0,experiment|dese-i:1-mod:0.0-res:1.0-naive-feat:dataset|dese|naive|1|None|None|None|None|dataset|0.0|1.0|dyn_cora|False|999:10,results/egorov/mod_little_test_20260522_1145.json,,22.387104596942663,0.0,1
norm,dese-i:10-mod:0.0-res:1.0-L:3-r:1-agg:norm-gpu-feat:dataset,dyn_cora,999:10,gpu,0,dataset,False,10,cn69,dese,0.0,smart,0.7936729788780212,0.0,,,1,1.0,experiment|dese-i:10-mod:0.0-res:1.0-L:3-r:1-agg:norm-gpu-feat:dataset|dese|smart|10|3|1|norm|gpu|dataset|0.0|1.0|dyn_cora|False|999:10,results/egorov/mod_little_test_20260522_1208.json,3,119.6828174777329,0.0,1
norm,dese-i:10-mod:0.0-res:1.0-L:3-r:1-agg:norm-gpu-feat:random,dyn_acm,999:10,gpu,0,random,False,10,cn69,dese,0.0,smart,0.37379083037376404,0.0,,,1,1.0,experiment|dese-i:10-mod:0.0-res:1.0-L:3-r:1-agg:norm-gpu-feat:random|dese|smart|10|3|1|norm|gpu|random|0.0|1.0|dyn_acm|False|999:10,results/egorov/mod_little_test_20260522_2054.json,3,110.37876902520657,0.0,1
norm,dese-i:10-mod:0.0-res:1.0-L:3-r:1-agg:norm-gpu-feat:random,dyn_cora,999:10,gpu,0,random,False,10,cn69,dese,0.0,smart,0.7887044548988342,0.0,,,1,1.0,experiment|dese-i:10-mod:0.0-res:1.0-L:3-r:1-agg:norm-gpu-feat:random|dese|smart|10|3|1|norm|gpu|random|0.0|1.0|dyn_cora|False|999:10,results/egorov/mod_little_test_20260522_1413.json,3,29.38344294577837,0.0,1
,dese-i:10-mod:0.0-res:1.0-naive-feat:dataset,dyn_cora,999:10,,0,dataset,False,10,cn69,dese,0.0,naive,0.0,0.0,,,,1.0,experiment|dese-i:10-mod:0.0-res:1.0-naive-feat:dataset|dese|naive|10|None|None|None|None|dataset|0.0|1.0|dyn_cora|False|999:10,results/egorov/mod_little_test_20260522_1208.json,,182.33441624045372,0.0,1
norm,dese-i:10-mod:0.1-res:1.0-L:3-r:1-agg:norm-gpu-feat:dataset,dyn_cora,999:10,gpu,0,dataset,False,10,cn69,dese,0.1,smart,0.7936156988143921,0.0,,,1,1.0,experiment|dese-i:10-mod:0.1-res:1.0-L:3-r:1-agg:norm-gpu-feat:dataset|dese|smart|10|3|1|norm|gpu|dataset|0.1|1.0|dyn_cora|False|999:10,results/egorov/mod_little_test_20260522_1208.json,3,111.39486946165562,0.0,1
norm,dese-i:10-mod:0.1-res:1.0-L:3-r:1-agg:norm-gpu-feat:random,dyn_acm,999:10,gpu,0,random,False,10,cn69,dese,0.1,smart,0.4336673319339752,0.0,,,1,1.0,experiment|dese-i:10-mod:0.1-res:1.0-L:3-r:1-agg:norm-gpu-feat:random|dese|smart|10|3|1|norm|gpu|random|0.1|1.0|dyn_acm|False|999:10,results/egorov/mod_little_test_20260522_2054.json,3,113.09121247008443,0.0,1
norm,dese-i:10-mod:0.1-res:1.0-L:3-r:1-agg:norm-gpu-feat:random,dyn_cora,999:10,gpu,0,random,False,10,cn69,dese,0.1,smart,0.7900998592376709,0.0,,,1,1.0,experiment|dese-i:10-mod:0.1-res:1.0-L:3-r:1-agg:norm-gpu-feat:random|dese|smart|10|3|1|norm|gpu|random|0.1|1.0|dyn_cora|False|999:10,results/egorov/mod_little_test_20260522_1413.json,3,29.155447632074356,0.0,1
,dese-i:10-mod:0.1-res:1.0-naive-feat:dataset,dyn_cora,999:10,,0,dataset,False,10,cn69,dese,0.1,naive,0.0,0.0,,,,1.0,experiment|dese-i:10-mod:0.1-res:1.0-naive-feat:dataset|dese|naive|10|None|None|None|None|dataset|0.1|1.0|dyn_cora|False|999:10,results/egorov/mod_little_test_20260522_1208.json,,172.9329086318612,0.0,1
norm,dese-i:10-mod:0.2-res:1.0-L:3-r:1-agg:norm-gpu-feat:dataset,dyn_cora,999:10,gpu,0,dataset,False,10,cn69,dese,0.2,smart,0.7936729788780212,0.0,,,1,1.0,experiment|dese-i:10-mod:0.2-res:1.0-L:3-r:1-agg:norm-gpu-feat:dataset|dese|smart|10|3|1|norm|gpu|dataset|0.2|1.0|dyn_cora|False|999:10,results/egorov/mod_little_test_20260522_1208.json,3,110.21940929815173,0.0,1
norm,dese-i:10-mod:0.2-res:1.0-L:3-r:1-agg:norm-gpu-feat:random,dyn_acm,999:10,gpu,0,random,False,10,cn69,dese,0.2,smart,0.39982175827026367,0.0,,,1,1.0,experiment|dese-i:10-mod:0.2-res:1.0-L:3-r:1-agg:norm-gpu-feat:random|dese|smart|10|3|1|norm|gpu|random|0.2|1.0|dyn_acm|False|999:10,results/egorov/mod_little_test_20260522_1733.json,3,110.21240281313658,0.0,1
norm,dese-i:10-mod:0.2-res:1.0-L:3-r:1-agg:norm-gpu-feat:random,dyn_citeseer,999:10,gpu,0,random,False,10,cn69,dese,0.2,smart,0.7451677322387695,0.0,,,1,1.0,experiment|dese-i:10-mod:0.2-res:1.0-L:3-r:1-agg:norm-gpu-feat:random|dese|smart|10|3|1|norm|gpu|random|0.2|1.0|dyn_citeseer|False|999:10,results/egorov/mod_little_test_20260522_1733.json,3,34.96141691878438,0.0,1
norm,dese-i:10-mod:0.2-res:1.0-L:3-r:1-agg:norm-gpu-feat:random,dyn_cora,999:10,gpu,0,random,False,10,cn69,dese,0.2,smart,0.7811290621757507,0.0,,,1,1.0,experiment|dese-i:10-mod:0.2-res:1.0-L:3-r:1-agg:norm-gpu-feat:random|dese|smart|10|3|1|norm|gpu|random|0.2|1.0|dyn_cora|False|999:10,results/egorov/mod_little_test_20260522_1413.json,3,29.04534550383687,0.0,1
,dese-i:10-mod:0.2-res:1.0-naive-feat:dataset,dyn_cora,999:10,,0,dataset,False,10,cn69,dese,0.2,naive,0.0,0.0,,,,1.0,experiment|dese-i:10-mod:0.2-res:1.0-naive-feat:dataset|dese|naive|10|None|None|None|None|dataset|0.2|1.0|dyn_cora|False|999:10,results/egorov/mod_little_test_20260522_1208.json,,171.55334547534585,0.0,1
norm,dese-i:10-mod:0.5-res:1.0-L:3-r:1-agg:norm-gpu-feat:random,dyn_acm,999:10,gpu,0,random,False,10,cn69,dese,0.5,smart,0.44916242361068726,0.0,,,1,1.0,experiment|dese-i:10-mod:0.5-res:1.0-L:3-r:1-agg:norm-gpu-feat:random|dese|smart|10|3|1|norm|gpu|random|0.5|1.0|dyn_acm|False|999:10,results/egorov/mod_little_test_20260522_1733.json,3,113.37009064480662,0.0,1
norm,dese-i:10-mod:0.5-res:1.0-L:3-r:1-agg:norm-gpu-feat:random,dyn_citeseer,999:10,gpu,0,random,False,10,cn69,dese,0.5,smart,0.6838465929031372,0.0,,,1,1.0,experiment|dese-i:10-mod:0.5-res:1.0-L:3-r:1-agg:norm-gpu-feat:random|dese|smart|10|3|1|norm|gpu|random|0.5|1.0|dyn_citeseer|False|999:10,results/egorov/mod_little_test_20260522_1733.json,3,34.3385814614594,0.0,1
norm,dese-i:10-mod:1.0-res:1.0-L:3-r:1-agg:norm-gpu-feat:random,dyn_acm,999:10,gpu,0,random,False,10,cn69,dese,1.0,smart,0.4260433614253998,0.0,,,1,1.0,experiment|dese-i:10-mod:1.0-res:1.0-L:3-r:1-agg:norm-gpu-feat:random|dese|smart|10|3|1|norm|gpu|random|1.0|1.0|dyn_acm|False|999:10,results/egorov/mod_little_test_20260522_1733.json,3,111.1596305295825,0.0,1
norm,dese-i:10-mod:1.0-res:1.0-L:3-r:1-agg:norm-gpu-feat:random,dyn_citeseer,999:10,gpu,0,random,False,10,cn69,dese,1.0,smart,0.6665472984313965,0.0,,,1,1.0,experiment|dese-i:10-mod:1.0-res:1.0-L:3-r:1-agg:norm-gpu-feat:random|dese|smart|10|3|1|norm|gpu|random|1.0|1.0|dyn_citeseer|False|999:10,results/egorov/mod_little_test_20260522_1733.json,3,34.834841925650835,0.0,1
,dese-naive,dyn_acm,999:10,,0,,False,,cn69,dese,,naive,0.0,0.0,,,,,experiment|dese-naive|dese|naive|None|None|None|None|None|None|None|None|dyn_acm|False|999:10,results/archive/12s_5small_999:10.json,,84.73058247566223,0.0,1
,dese-naive,dyn_bat,999:10,,0,,False,,cn69,dese,,naive,0.0,0.0,,,,,experiment|dese-naive|dese|naive|None|None|None|None|None|None|None|None|dyn_bat|False|999:10,results/archive/12s_5small_999:10.json,,0.21056485176086426,0.0,1
,dese-naive,dyn_blogcatalog,999:10,,0,,False,,dev_256g,dese,,naive,0.0,0.0,,,,,experiment|dese-naive|dese|naive|None|None|None|None|None|None|None|None|dyn_blogcatalog|False|999:10,results/archive/55s_dyn_blogcatalog_b999:10.json,,421.5985891819,0.0,1
,dese-naive,dyn_citeseer,999:10,,0,,False,,cn69,dese,,naive,0.15219901502132416,0.0,,,,,experiment|dese-naive|dese|naive|None|None|None|None|None|None|None|None|dyn_citeseer|False|999:10,results/archive/12s_5small_999:10.json,,118.85575795173645,0.0,1
,dese-naive,dyn_cora,999:10,,0,,False,,cn69,dese,,naive,0.00037564802914857864,0.0,,,,,experiment|dese-naive|dese|naive|None|None|None|None|None|None|None|None|dyn_cora|False|999:10,results/archive/12s_5small_999:10.json,,33.180596351623535,0.0,1
,dese-naive,dyn_wikics,999:10,,0,,False,,dev_256g,dese,,naive,0.0,0.0,,,,,experiment|dese-naive|dese|naive|None|None|None|None|None|None|None|None|dyn_wikics|False|999:10,results/archive/55s_dyn_blogcatalog_b999:10.json,,228.11146640777588,0.0,1
,dese-naive,dyn_wiki,999:10,,0,,False,,dev_256g,dese,,naive,0.27404892444610596,0.0,,,,,experiment|dese-naive|dese|naive|None|None|None|None|None|None|None|None|dyn_wiki|False|999:10,results/archive/5ss_dyn_wiki_b999:10.json,,39.167001724243164,0.0,1
sum,dfleiden-L:3-r:1-agg:sum-gpu-feat:dataset,arxivcs,999:10,gpu,0,dataset,False,,cn69,dfleiden,,smart,0.5533600449562073,0.0,,,1,,experiment|dfleiden-L:3-r:1-agg:sum-gpu-feat:dataset|dfleiden|smart|None|3|1|sum|gpu|dataset|None|None|arxivcs|False|999:10,results/archive/5fs_no_konect_ns.json,3,5.351419925689697,0.0,1
sum,dfleiden-L:3-r:1-agg:sum-gpu-feat:dataset,arxivlarge,999:10,gpu,0,dataset,False,,cn69,dfleiden,,smart,0.6896377801895142,0.0,,,1,,experiment|dfleiden-L:3-r:1-agg:sum-gpu-feat:dataset|dfleiden|smart|None|3|1|sum|gpu|dataset|None|None|arxivlarge|False|999:10,results/archive/5fs_no_konect_ns.json,3,38.24088954925537,0.0,1
sum,dfleiden-L:3-r:1-agg:sum-gpu-feat:dataset,arxivmath,999:10,gpu,0,dataset,False,,cn69,dfleiden,,smart,0.8480848670005798,0.0,,,1,,experiment|dfleiden-L:3-r:1-agg:sum-gpu-feat:dataset|dfleiden|smart|None|3|1|sum|gpu|dataset|None|None|arxivmath|False|999:10,results/archive/5fs_no_konect_ns.json,3,0.3697843551635742,0.0,1
sum,dfleiden-L:3-r:1-agg:sum-gpu-feat:dataset,arxivphy,999:10,gpu,0,dataset,False,,cn69,dfleiden,,smart,0.664988100528717,0.0,,,1,,experiment|dfleiden-L:3-r:1-agg:sum-gpu-feat:dataset|dfleiden|smart|None|3|1|sum|gpu|dataset|None|None|arxivphy|False|999:10,results/archive/5fs_no_konect_ns.json,3,34.799514055252075,0.0,1
sum,dfleiden-L:3-r:1-agg:sum-gpu-feat:dataset,dblp-tgc,999:10,gpu,0,dataset,False,,cn69,dfleiden,,smart,0.7550011277198792,0.0,,,1,,experiment|dfleiden-L:3-r:1-agg:sum-gpu-feat:dataset|dfleiden|smart|None|3|1|sum|gpu|dataset|None|None|dblp-tgc|False|999:10,results/archive/5fs_no_konect_ns.json,3,0.1702280044555664,0.0,1
sum,dfleiden-L:3-r:1-agg:sum-gpu-feat:dataset,dyn_acm,999:10,gpu,0,dataset,False,,cn69,dfleiden,,smart,0.7839307188987732,0.0,,,1,,experiment|dfleiden-L:3-r:1-agg:sum-gpu-feat:dataset|dfleiden|smart|None|3|1|sum|gpu|dataset|None|None|dyn_acm|False|999:10,results/archive/5fs_no_konect_ns.json,3,0.09693622589111328,0.0,1
sum,dfleiden-L:3-r:1-agg:sum-gpu-feat:dataset,dyn_bat,999:10,gpu,0,dataset,False,,cn69,dfleiden,,smart,0.26909229159355164,0.0,,,1,,experiment|dfleiden-L:3-r:1-agg:sum-gpu-feat:dataset|dfleiden|smart|None|3|1|sum|gpu|dataset|None|None|dyn_bat|False|999:10,results/archive/5fs_no_konect_ns.json,3,0.01543426513671875,0.0,1
sum,dfleiden-L:3-r:1-agg:sum-gpu-feat:dataset,dyn_citeseer,999:10,gpu,0,dataset,False,,cn69,dfleiden,,smart,0.8836420178413391,0.0,,,1,,experiment|dfleiden-L:3-r:1-agg:sum-gpu-feat:dataset|dfleiden|smart|None|3|1|sum|gpu|dataset|None|None|dyn_citeseer|False|999:10,results/archive/5fs_no_konect_ns.json,3,0.07177019119262695,0.0,1
sum,dfleiden-L:3-r:1-agg:sum-gpu-feat:dataset,dyn_coauthorcs,999:10,gpu,0,dataset,False,,cn69,dfleiden,,smart,0.7447592616081238,0.0,,,1,,experiment|dfleiden-L:3-r:1-agg:sum-gpu-feat:dataset|dfleiden|smart|None|3|1|sum|gpu|dataset|None|None|dyn_coauthorcs|False|999:10,results/archive/5fs_no_konect_ns.json,3,0.14837145805358887,0.0,1
sum,dfleiden-L:3-r:1-agg:sum-gpu-feat:dataset,dyn_coauthorphysics,999:10,gpu,0,dataset,False,,cn69,dfleiden,,smart,0.6866592168807983,0.0,,,1,,experiment|dfleiden-L:3-r:1-agg:sum-gpu-feat:dataset|dfleiden|smart|None|3|1|sum|gpu|dataset|None|None|dyn_coauthorphysics|False|999:10,results/archive/5fs_no_konect_ns.json,3,0.52691650390625,0.0,1
sum,dfleiden-L:3-r:1-agg:sum-gpu-feat:dataset,dyn_cora,999:10,gpu,0,dataset,False,,cn69,dfleiden,,smart,0.7878962755203247,0.0,,,1,,experiment|dfleiden-L:3-r:1-agg:sum-gpu-feat:dataset|dfleiden|smart|None|3|1|sum|gpu|dataset|None|None|dyn_cora|False|999:10,results/archive/5fs_no_konect_ns.json,3,0.08463478088378906,0.0,1
sum,dfleiden-L:3-r:1-agg:sum-gpu-feat:dataset,dyn_flickr,999:10,gpu,0,dataset,False,,cn69,dfleiden,,smart,0.5367681384086609,0.0,,,1,,experiment|dfleiden-L:3-r:1-agg:sum-gpu-feat:dataset|dfleiden|smart|None|3|1|sum|gpu|dataset|None|None|dyn_flickr|False|999:10,results/archive/5fs_no_konect_ns.json,3,1.7460718154907227,0.0,1
sum,dfleiden-L:3-r:1-agg:sum-gpu-feat:dataset,dyn_nell,999:10,gpu,0,dataset,False,,cn69,dfleiden,,smart,0.8319602012634277,0.0,,,1,,experiment|dfleiden-L:3-r:1-agg:sum-gpu-feat:dataset|dfleiden|smart|None|3|1|sum|gpu|dataset|None|None|dyn_nell|False|999:10,results/archive/5fs_no_konect_ns.json,3,0.8527214527130127,0.0,1
sum,dfleiden-L:3-r:1-agg:sum-gpu-feat:dataset,dyn_ogbn-arxiv,999:10,gpu,0,dataset,False,,cn69,dfleiden,,smart,0.529506504535675,0.0,,,1,,experiment|dfleiden-L:3-r:1-agg:sum-gpu-feat:dataset|dfleiden|smart|None|3|1|sum|gpu|dataset|None|None|dyn_ogbn-arxiv|False|999:10,results/archive/5fs_no_konect_ns.json,3,8.366766691207886,0.0,1
sum,dfleiden-L:3-r:1-agg:sum-gpu-feat:dataset,dyn_pubmed,999:10,gpu,0,dataset,False,,cn69,dfleiden,,smart,0.6362161636352539,0.0,,,1,,experiment|dfleiden-L:3-r:1-agg:sum-gpu-feat:dataset|dfleiden|smart|None|3|1|sum|gpu|dataset|None|None|dyn_pubmed|False|999:10,results/archive/5fs_no_konect_ns.json,3,0.10685563087463379,0.0,1
sum,dfleiden-L:3-r:1-agg:sum-gpu-feat:dataset,dyn_wiki,999:10,gpu,0,dataset,False,,cn69,dfleiden,,smart,0.7384025454521179,0.0,,,1,,experiment|dfleiden-L:3-r:1-agg:sum-gpu-feat:dataset|dfleiden|smart|None|3|1|sum|gpu|dataset|None|None|dyn_wiki|False|999:10,results/archive/5fs_no_konect_ns.json,3,0.08889913558959961,0.0,1
sum,dfleiden-L:3-r:1-agg:sum-gpu-feat:dataset,patent,999:10,gpu,0,dataset,False,,cn69,dfleiden,,smart,0.5462541580200195,0.0,,,1,,experiment|dfleiden-L:3-r:1-agg:sum-gpu-feat:dataset|dfleiden|smart|None|3|1|sum|gpu|dataset|None|None|patent|False|999:10,results/archive/5fs_no_konect_ns.json,3,0.16951751708984375,0.0,1
,dfleiden-L:3-r:1-gpu,arxivcs,999:10,gpu,0,,True,,cn69,dfleiden,,smart,0.7138064503669739,0.0,0.40298657427170237,0.0,1,,experiment|dfleiden-L:3-r:1-gpu|dfleiden|smart|None|3|1|None|gpu|None|None|None|arxivcs|True|999:10,results/konovalov/sym_dfleiden_ds_20260518_1129.json,3,8.190149124711752,0.0,1
,dfleiden-L:3-r:1-gpu,arxivlarge,999:10,gpu,0,,True,,cn69,dfleiden,,smart,0.8132869005203247,0.0,0.48910920264594593,0.0,1,,experiment|dfleiden-L:3-r:1-gpu|dfleiden|smart|None|3|1|None|gpu|None|None|None|arxivlarge|True|999:10,results/konovalov/sym_dfleiden_ds_20260518_1129.json,3,67.98482521250844,0.0,1
,dfleiden-L:3-r:1-gpu,arxivmath,999:10,gpu,0,,True,,cn69,dfleiden,,smart,0.8804961442947388,0.0,0.4003782975445254,0.0,1,,experiment|dfleiden-L:3-r:1-gpu|dfleiden|smart|None|3|1|None|gpu|None|None|None|arxivmath|True|999:10,results/drobyshev/dynamic-smart_20260523_0933.json;results/konovalov/split_20260525_1547.json;results/konovalov/sym_dfleiden_ds_20260518_1129.json;results/paper_icdm/main_topology_20260525_1848.json,3,0.45272979885339737,0.014734787471578477,4
,dfleiden-L:3-r:1-gpu,arxivmath,999:100,gpu,0,,True,,cn69,dfleiden,,smart,0.8608009219169617,0.0,0.33284906779273304,0.0,1,,experiment|dfleiden-L:3-r:1-gpu|dfleiden|smart|None|3|1|None|gpu|None|None|None|arxivmath|True|999:100,results/paper_icdm/long_horizon_topology_20260525_1853.json,3,2.1361984238028526,0.0,1
,dfleiden-L:3-r:1-gpu,arxivmath,999:160,gpu,0,,True,,cn69,dfleiden,,smart,0.8433176279067993,0.0,0.3058575644345678,0.0,1,,experiment|dfleiden-L:3-r:1-gpu|dfleiden|smart|None|3|1|None|gpu|None|None|None|arxivmath|True|999:160,results/konovalov/split_20260525_1547.json,3,2.9267318323254585,0.0,1
,dfleiden-L:3-r:1-gpu,arxivmath,999:20,gpu,0,,True,,cn69,dfleiden,,smart,0.8760727047920227,0.0,0.3775093113217032,0.0,1,,experiment|dfleiden-L:3-r:1-gpu|dfleiden|smart|None|3|1|None|gpu|None|None|None|arxivmath|True|999:20,results/konovalov/split_20260525_1547.json,3,0.6231971904635429,0.0,1
,dfleiden-L:3-r:1-gpu,arxivmath,999:320,gpu,0,,True,,cn69,dfleiden,,smart,0.8397778272628784,0.0,0.31718943870416716,0.0,1,,experiment|dfleiden-L:3-r:1-gpu|dfleiden|smart|None|3|1|None|gpu|None|None|None|arxivmath|True|999:320,results/konovalov/split_20260525_1547.json,3,5.52769835293293,0.0,1
,dfleiden-L:3-r:1-gpu,arxivmath,999:40,gpu,0,,True,,cn69,dfleiden,,smart,0.8629350066184998,0.0,0.34416923225977447,0.0,1,,experiment|dfleiden-L:3-r:1-gpu|dfleiden|smart|None|3|1|None|gpu|None|None|None|arxivmath|True|999:40,results/konovalov/split_20260525_1547.json,3,0.9750891029834747,0.0,1
,dfleiden-L:3-r:1-gpu,arxivmath,999:5,gpu,0,,True,,cn69,dfleiden,,smart,0.8806673288345337,0.0,0.40416893462275355,0.0,1,,experiment|dfleiden-L:3-r:1-gpu|dfleiden|smart|None|3|1|None|gpu|None|None|None|arxivmath|True|999:5,results/konovalov/split_20260525_1547.json,3,0.35895124077796936,0.0,1
,dfleiden-L:3-r:1-gpu,arxivmath,999:50,gpu,0,,True,,cn69,dfleiden,,smart,0.8650402426719666,0.0,0.33350752733224537,0.0,1,,experiment|dfleiden-L:3-r:1-gpu|dfleiden|smart|None|3|1|None|gpu|None|None|None|arxivmath|True|999:50,results/paper_icdm/long_horizon_topology_20260525_1853.json,3,1.3247311860322952,0.0,1
,dfleiden-L:3-r:1-gpu,arxivmath,999:80,gpu,0,,True,,cn69,dfleiden,,smart,0.8459595441818237,0.0,0.30375537887416676,0.0,1,,experiment|dfleiden-L:3-r:1-gpu|dfleiden|smart|None|3|1|None|gpu|None|None|None|arxivmath|True|999:80,results/konovalov/split_20260525_1547.json,3,1.6234231069684029,0.0,1
,dfleiden-L:3-r:1-gpu,arxivphy,999:10,gpu,0,,True,,cn69,dfleiden,,smart,0.7918145060539246,0.0,0.4957141846365529,0.0,1,,experiment|dfleiden-L:3-r:1-gpu|dfleiden|smart|None|3|1|None|gpu|None|None|None|arxivphy|True|999:10,results/konovalov/sym_dfleiden_ds_20260518_1129.json,3,60.07614375278354,0.0,1
,dfleiden-L:3-r:1-gpu,dblp-cite,999:10,gpu,0,,True,,cn69,dfleiden,,smart,0.6092101335525513,0.0,,,1,,experiment|dfleiden-L:3-r:1-gpu|dfleiden|smart|None|3|1|None|gpu|None|None|None|dblp-cite|True|999:10,results/konovalov/sym_dfleiden_ds_20260518_1128.json;results/konovalov/sym_dfleiden_ds_20260518_1129.json,3,0.10891699232161045,0.0030246606808502145,2
,dfleiden-L:3-r:1-gpu,dblp-tgc,999:10,gpu,0,,False,,cn69,dfleiden,,smart,0.7563360333442688,0.0,0.29417585264982604,0.0,1,,experiment|dfleiden-L:3-r:1-gpu|dfleiden|smart|None|3|1|None|gpu|None|None|None|dblp-tgc|False|999:10,results/konovalov/sym_dfleiden_ds_20260518_1128.json;results/konovalov/sym_dfleiden_ds_20260518_1129.json,3,0.17262046225368977,0.0029114647824620807,2
,dfleiden-L:3-r:1-gpu,dblp_coauthor,999:10,gpu,0,,False,,cn69,dfleiden,,smart,0.7736333012580872,0.0,,,1,,experiment|dfleiden-L:3-r:1-gpu|dfleiden|smart|None|3|1|None|gpu|None|None|None|dblp_coauthor|False|999:10,results/konovalov/sym_dfleiden_ds_20260518_1129.json,3,70.20981702581048,0.0,1
,dfleiden-L:3-r:1-gpu,digg-friends,999:10,gpu,0,,True,,cn69,dfleiden,,smart,0.4567049741744995,0.0,,,1,,experiment|dfleiden-L:3-r:1-gpu|dfleiden|smart|None|3|1|None|gpu|None|None|None|digg-friends|True|999:10,results/konovalov/sym_dfleiden_ds_20260518_1129.json,3,15.66334355250001,0.0,1
,dfleiden-L:3-r:1-gpu,dyn_acm,999:10,gpu,0,,False,,cn69,dfleiden,,smart,0.7902608633041381,0.01230838480642498,0.2492936300764154,0.0,1,,experiment|dfleiden-L:3-r:1-gpu|dfleiden|smart|None|3|1|None|gpu|None|None|None|dyn_acm|False|999:10,results/archive/12s_5small_999:10.json;results/drobyshev/dynamic-smart_20260523_0933.json;results/konovalov/sym_dfleiden_ds_20260518_1128.json;results/konovalov/sym_dfleiden_ds_20260518_1129.json;results/paper_icdm/main_topology_20260525_1848.json,3,0.10028383359313012,0.0064973831292938185,5
,dfleiden-L:3-r:1-gpu,dyn_bat,999:10,gpu,0,,False,,cn69,dfleiden,,smart,0.27183011174201965,0.0,,,1,,experiment|dfleiden-L:3-r:1-gpu|dfleiden|smart|None|3|1|None|gpu|None|None|None|dyn_bat|False|999:10,results/archive/12s_5small_999:10.json,3,0.01632523536682129,0.0,1
,dfleiden-L:3-r:1-gpu,dyn_blogcatalog,999:10,gpu,0,,False,,dev_256g,dfleiden,,smart,0.3231746554374695,0.0,,,1,,experiment|dfleiden-L:3-r:1-gpu|dfleiden|smart|None|3|1|None|gpu|None|None|None|dyn_blogcatalog|False|999:10,results/archive/5s_5-6d_b999:10.json,3,3.574524402618408,0.0,1
,dfleiden-L:3-r:1-gpu,dyn_citeseer,999:10,gpu,0,,False,,cn69,dfleiden,,smart,0.8775085806846619,0.0068599235297390326,0.3275653547202819,0.0,1,,experiment|dfleiden-L:3-r:1-gpu|dfleiden|smart|None|3|1|None|gpu|None|None|None|dyn_citeseer|False|999:10,results/archive/12s_5small_999:10.json;results/drobyshev/dynamic-smart_20260523_0933.json;results/konovalov/sym_dfleiden_ds_20260518_1128.json;results/konovalov/sym_dfleiden_ds_20260518_1129.json;results/paper_icdm/main_topology_20260525_1848.json,3,0.0728498674929142,0.002766604154980501,5
,dfleiden-L:3-r:1-gpu,dyn_coauthorcs,999:10,gpu,0,,False,,cn69;dev_256g,dfleiden,,smart,0.7463316321372986,0.00738979558979155,0.6076828272533321,0.0,1,,experiment|dfleiden-L:3-r:1-gpu|dfleiden|smart|None|3|1|None|gpu|None|None|None|dyn_coauthorcs|False|999:10,results/archive/5s_5-6d_b999:10.json;results/konovalov/sym_dfleiden_ds_20260518_1128.json;results/konovalov/sym_dfleiden_ds_20260518_1129.json,3,0.24814415847261748,0.167854081304465,3
,dfleiden-L:3-r:1-gpu,dyn_coauthorphysics,999:10,gpu,0,,False,,cn69;dev_256g,dfleiden,,smart,0.6771124601364136,0.004062735762015463,0.48540806935531694,0.0,1,,experiment|dfleiden-L:3-r:1-gpu|dfleiden|smart|None|3|1|None|gpu|None|None|None|dyn_coauthorphysics|False|999:10,results/archive/5s_5-6d_b999:10.json;results/konovalov/sym_dfleiden_ds_20260518_1128.json;results/konovalov/sym_dfleiden_ds_20260518_1129.json,3,0.8280777558684349,0.49177710645102635,3
,dfleiden-L:3-r:1-gpu,dyn_cora,999:10,gpu,0,,False,,cn69,dfleiden,,smart,0.802897822856903,0.0036607761337990297,0.4501351242660992,0.0,1,,experiment|dfleiden-L:3-r:1-gpu|dfleiden|smart|None|3|1|None|gpu|None|None|None|dyn_cora|False|999:10,results/archive/12s_5small_999:10.json;results/drobyshev/dynamic-smart_20260523_0933.json;results/konovalov/sym_dfleiden_ds_20260518_1128.json;results/konovalov/sym_dfleiden_ds_20260518_1129.json;results/paper_icdm/main_topology_20260525_1848.json,3,0.16418661847710608,0.07235145176814446,5
,dfleiden-L:3-r:1-gpu,dyn_dblp,999:10,gpu,0,,False,,cn69,dfleiden,,smart,0.8422778248786926,0.0,,,1,,experiment|dfleiden-L:3-r:1-gpu|dfleiden|smart|None|3|1|None|gpu|None|None|None|dyn_dblp|False|999:10,results/archive/12s_5small_999:10.json,3,0.05641579627990723,0.0,1
,dfleiden-L:3-r:1-gpu,dyn_flickr,999:10,gpu,0,,False,,cn69;dev_256g,dfleiden,,smart,0.5232688784599304,0.024742560299411406,0.04879315959651793,0.0,1,,experiment|dfleiden-L:3-r:1-gpu|dfleiden|smart|None|3|1|None|gpu|None|None|None|dyn_flickr|False|999:10,results/archive/3s_2d_b999:10.json;results/konovalov/sym_dfleiden_ds_20260518_1129.json,3,5.486472312361002,5.323222573103789,2
,dfleiden-L:3-r:1-gpu,dyn_nell,999:10,gpu,0,,False,,cn69;dev_256g,dfleiden,,smart,0.8309150338172913,0.0018168663456076199,0.20365790331754682,0.0,1,,experiment|dfleiden-L:3-r:1-gpu|dfleiden|smart|None|3|1|None|gpu|None|None|None|dyn_nell|False|999:10,results/archive/3s_2d_b999:10.json;results/konovalov/sym_dfleiden_ds_20260518_1129.json,3,1.8312219996005297,1.4129610396948702,2
,dfleiden-L:3-r:1-gpu,dyn_ogbn-arxiv,999:10,gpu,0,,True,,cn69,dfleiden,,smart,0.7141422629356384,0.0,0.397402448734426,0.0,1,,experiment|dfleiden-L:3-r:1-gpu|dfleiden|smart|None|3|1|None|gpu|None|None|None|dyn_ogbn-arxiv|True|999:10,results/konovalov/sym_dfleiden_ds_20260518_1129.json,3,12.222577024251223,0.0,1
,dfleiden-L:3-r:1-gpu,dyn_pubmed,999:10,gpu,0,,False,,dev_256g,dfleiden,,smart,0.7701015472412109,0.0,,,1,,experiment|dfleiden-L:3-r:1-gpu|dfleiden|smart|None|3|1|None|gpu|None|None|None|dyn_pubmed|False|999:10,results/archive/5s_5-6d_b999:10.json,3,0.29282236099243164,0.0,1
,dfleiden-L:3-r:1-gpu,dyn_pubmed,999:10,gpu,0,,True,,cn69,dfleiden,,smart,0.7794275283813477,0.0,0.1967547875971956,0.0,1,,experiment|dfleiden-L:3-r:1-gpu|dfleiden|smart|None|3|1|None|gpu|None|None|None|dyn_pubmed|True|999:10,results/drobyshev/dynamic-smart_20260523_0933.json;results/konovalov/sym_dfleiden_ds_20260518_1128.json;results/konovalov/sym_dfleiden_ds_20260518_1129.json;results/paper_icdm/main_topology_20260525_1848.json,3,0.11088962852954865,0.002235552810400628,4
,dfleiden-L:3-r:1-gpu,dyn_pubmed,999:100,gpu,0,,True,,cn69,dfleiden,,smart,0.7438639998435974,0.0,0.17784732090927421,0.0,1,,experiment|dfleiden-L:3-r:1-gpu|dfleiden|smart|None|3|1|None|gpu|None|None|None|dyn_pubmed|True|999:100,results/paper_icdm/long_horizon_topology_20260525_1853.json,3,0.4504050016403198,0.0,1
,dfleiden-L:3-r:1-gpu,dyn_pubmed,999:50,gpu,0,,True,,cn69,dfleiden,,smart,0.7438639998435974,0.0,0.17784732090927421,0.0,1,,experiment|dfleiden-L:3-r:1-gpu|dfleiden|smart|None|3|1|None|gpu|None|None|None|dyn_pubmed|True|999:50,results/paper_icdm/long_horizon_topology_20260525_1853.json,3,0.43776021152734756,0.0,1
,dfleiden-L:3-r:1-gpu,dyn_wikics,999:10,gpu,0,,False,,dev_256g,dfleiden,,smart,0.6409788131713867,0.0,,,1,,experiment|dfleiden-L:3-r:1-gpu|dfleiden|smart|None|3|1|None|gpu|None|None|None|dyn_wikics|False|999:10,results/archive/5s_5-6d_b999:10.json,3,4.5538012981414795,0.0,1
,dfleiden-L:3-r:1-gpu,dyn_wiki,999:10,gpu,0,,False,,dev_256g,dfleiden,,smart,0.7418877482414246,0.0,,,1,,experiment|dfleiden-L:3-r:1-gpu|dfleiden|smart|None|3|1|None|gpu|None|None|None|dyn_wiki|False|999:10,results/archive/5s_5-6d_b999:10.json,3,0.12164139747619629,0.0,1
,dfleiden-L:3-r:1-gpu,enron,999:10,gpu,0,,True,,cn69,dfleiden,,smart,0.691568911075592,0.0,,,1,,experiment|dfleiden-L:3-r:1-gpu|dfleiden|smart|None|3|1|None|gpu|None|None|None|enron|True|999:10,results/konovalov/sym_dfleiden_ds_20260518_1129.json,3,0.8720738403499126,0.0,1
,dfleiden-L:3-r:1-gpu,facebook-wosn-links,999:10,gpu,0,,False,,cn69,dfleiden,,smart,0.6411458253860474,0.0,,,1,,experiment|dfleiden-L:3-r:1-gpu|dfleiden|smart|None|3|1|None|gpu|None|None|None|facebook-wosn-links|False|999:10,results/konovalov/sym_dfleiden_ds_20260518_1129.json,3,1.666313223540783,0.0,1
,dfleiden-L:3-r:1-gpu,facebook-wosn-wall,999:10,gpu,0,,True,,cn69,dfleiden,,smart,0.724708616733551,0.0,,,1,,experiment|dfleiden-L:3-r:1-gpu|dfleiden|smart|None|3|1|None|gpu|None|None|None|facebook-wosn-wall|True|999:10,results/konovalov/sym_dfleiden_ds_20260518_1128.json;results/konovalov/sym_dfleiden_ds_20260518_1129.json,3,0.42868919111788273,0.0031564696812119717,2
,dfleiden-L:3-r:1-gpu,hyves,999:10,gpu,0,,False,,cn69,dfleiden,,smart,0.7920127511024475,0.0,,,1,,experiment|dfleiden-L:3-r:1-gpu|dfleiden|smart|None|3|1|None|gpu|None|None|None|hyves|False|999:10,results/konovalov/sym_dfleiden_ds_20260518_1129.json,3,10.363359544426203,0.0,1
,dfleiden-L:3-r:1-gpu,lkml-reply,999:10,gpu,0,,True,,cn69,dfleiden,,smart,0.373081773519516,0.0,,,1,,experiment|dfleiden-L:3-r:1-gpu|dfleiden|smart|None|3|1|None|gpu|None|None|None|lkml-reply|True|999:10,results/konovalov/sym_dfleiden_ds_20260518_1128.json;results/konovalov/sym_dfleiden_ds_20260518_1129.json,3,2.804063992574811,0.004461915630276276,2
,dfleiden-L:3-r:1-gpu,patent,999:10,gpu,1,,True,,cn69,dfleiden,,smart,0.7797136902809143,0.0,0.36476308141488967,0.0,1,,experiment|dfleiden-L:3-r:1-gpu|dfleiden|smart|None|3|1|None|gpu|None|None|None|patent|True|999:10,results/drobyshev/dynamic-smart_20260523_0933.json;results/konovalov/sym_dfleiden_ds_20260518_1129.json;results/paper_icdm/main_topology_20260525_1848.json,3,0.22975141430894533,0.001882627360015503,3
,dfleiden-L:3-r:1-gpu,slashdot-threads,999:10,gpu,0,,True,,cn69,dfleiden,,smart,0.4929037094116211,0.0,,,1,,experiment|dfleiden-L:3-r:1-gpu|dfleiden|smart|None|3|1|None|gpu|None|None|None|slashdot-threads|True|999:10,results/konovalov/sym_dfleiden_ds_20260518_1128.json;results/konovalov/sym_dfleiden_ds_20260518_1129.json,3,0.43839226849377155,0.0012549092435217102,2
,dfleiden-L:3-r:1-gpu,sx-askubuntu,999:10,gpu,0,,True,,cn69,dfleiden,,smart,0.6005108952522278,0.0,,,1,,experiment|dfleiden-L:3-r:1-gpu|dfleiden|smart|None|3|1|None|gpu|None|None|None|sx-askubuntu|True|999:10,results/konovalov/sym_dfleiden_ds_20260518_1129.json,3,4.530612550675869,0.0,1
,dfleiden-L:3-r:1-gpu,sx-superuser,999:10,gpu,0,,True,,cn69,dfleiden,,smart,0.5456632971763611,0.0,,,1,,experiment|dfleiden-L:3-r:1-gpu|dfleiden|smart|None|3|1|None|gpu|None|None|None|sx-superuser|True|999:10,results/konovalov/sym_dfleiden_ds_20260518_1129.json,3,8.296079806983471,0.0,1
,dfleiden-L:3-r:1-gpu,topology,999:10,gpu,0,,False,,cn69,dfleiden,,smart,0.4599844813346863,0.0,,,1,,experiment|dfleiden-L:3-r:1-gpu|dfleiden|smart|None|3|1|None|gpu|None|None|None|topology|False|999:10,results/konovalov/sym_dfleiden_ds_20260518_1128.json;results/konovalov/sym_dfleiden_ds_20260518_1129.json,3,0.76354088075459,0.002259526792983444,2
,dfleiden-L:3-r:1-gpu,wiki_talk_eo,999:10,gpu,0,,True,,cn69,dfleiden,,smart,0.5051740407943726,0.0,,,1,,experiment|dfleiden-L:3-r:1-gpu|dfleiden|smart|None|3|1|None|gpu|None|None|None|wiki_talk_eo|True|999:10,results/konovalov/sym_dfleiden_ds_20260518_1128.json;results/konovalov/sym_dfleiden_ds_20260518_1129.json,3,0.1689877975732088,0.002797125650808089,2
,dfleiden-L:3-r:1-gpu,wiki_talk_sk,999:10,gpu,0,,True,,cn69,dfleiden,,smart,0.6191418766975403,0.0,,,1,,experiment|dfleiden-L:3-r:1-gpu|dfleiden|smart|None|3|1|None|gpu|None|None|None|wiki_talk_sk|True|999:10,results/konovalov/sym_dfleiden_ds_20260518_1128.json;results/konovalov/sym_dfleiden_ds_20260518_1129.json,3,0.25662687234580517,0.0025097368275244303,2
,dfleiden-L:3-r:1,dyn_blogcatalog,10,,0,,False,,dev_256g,dfleiden,,smart,0.3284568786621094,0.0,,,1,,experiment|dfleiden-L:3-r:1|dfleiden|smart|None|3|1|None|None|None|None|None|dyn_blogcatalog|False|10,"results/archive/3s_8-9d_b0,999:10,100.json",3,14.741774559020996,0.0,1
,dfleiden-L:3-r:1,dyn_blogcatalog,100,,0,,False,,dev_256g,dfleiden,,smart,0.3284568786621094,0.0,,,1,,experiment|dfleiden-L:3-r:1|dfleiden|smart|None|3|1|None|None|None|None|None|dyn_blogcatalog|False|100,"results/archive/3s_8-9d_b0,999:10,100.json",3,141.6851875782013,0.0,1
,dfleiden-L:3-r:1,dyn_blogcatalog,999:10,,0,,False,,dev_256g,dfleiden,,smart,0.3231746554374695,0.0,,,1,,experiment|dfleiden-L:3-r:1|dfleiden|smart|None|3|1|None|None|None|None|None|dyn_blogcatalog|False|999:10,"results/archive/3s_8-9d_b0,999:10,100.json",3,15.287061929702759,0.0,1
,dfleiden-L:3-r:1,dyn_blogcatalog,999:100,,0,,False,,dev_256g,dfleiden,,smart,0.3043105900287628,0.0,,,1,,experiment|dfleiden-L:3-r:1|dfleiden|smart|None|3|1|None|None|None|None|None|dyn_blogcatalog|False|999:100,"results/archive/3s_8-9d_b0,999:10,100.json",3,118.05458498001099,0.0,1
,dfleiden-L:3-r:1,dyn_coauthorcs,10,,0,,False,,dev_256g,dfleiden,,smart,0.6910656690597534,0.0,,,1,,experiment|dfleiden-L:3-r:1|dfleiden|smart|None|3|1|None|None|None|None|None|dyn_coauthorcs|False|10,"results/archive/3s_8-9d_b0,999:10,100.json",3,44.92612838745117,0.0,1
,dfleiden-L:3-r:1,dyn_coauthorcs,100,,0,,False,,dev_256g,dfleiden,,smart,0.7394285798072815,0.0,,,1,,experiment|dfleiden-L:3-r:1|dfleiden|smart|None|3|1|None|None|None|None|None|dyn_coauthorcs|False|100,"results/archive/3s_8-9d_b0,999:10,100.json",3,656.6644673347473,0.0,1
,dfleiden-L:3-r:1,dyn_coauthorcs,999:10,,0,,False,,dev_256g,dfleiden,,smart,0.7377986311912537,0.0,,,1,,experiment|dfleiden-L:3-r:1|dfleiden|smart|None|3|1|None|None|None|None|None|dyn_coauthorcs|False|999:10,"results/archive/3s_8-9d_b0,999:10,100.json",3,40.69336199760437,0.0,1
,dfleiden-L:3-r:1,dyn_coauthorcs,999:100,,0,,False,,dev_256g,dfleiden,,smart,0.6964052319526672,0.0,,,1,,experiment|dfleiden-L:3-r:1|dfleiden|smart|None|3|1|None|None|None|None|None|dyn_coauthorcs|False|999:100,"results/archive/3s_8-9d_b0,999:10,100.json",3,246.19620990753174,0.0,1
,dfleiden-L:3-r:1,dyn_coauthorphysics,10,,0,,False,,dev_256g,dfleiden,,smart,0.6091935038566589,0.0,,,1,,experiment|dfleiden-L:3-r:1|dfleiden|smart|None|3|1|None|None|None|None|None|dyn_coauthorphysics|False|10,"results/archive/3s_8-9d_b0,999:10,100.json",3,99.12977313995361,0.0,1
,dfleiden-L:3-r:1,dyn_coauthorphysics,100,,0,,False,,dev_256g,dfleiden,,smart,0.6669389605522156,0.0,,,1,,experiment|dfleiden-L:3-r:1|dfleiden|smart|None|3|1|None|None|None|None|None|dyn_coauthorphysics|False|100,"results/archive/3s_8-9d_b0,999:10,100.json",3,1870.115800857544,0.0,1
,dfleiden-L:3-r:1,dyn_coauthorphysics,999:10,,0,,False,,dev_256g,dfleiden,,smart,0.6724212169647217,0.0,,,1,,experiment|dfleiden-L:3-r:1|dfleiden|smart|None|3|1|None|None|None|None|None|dyn_coauthorphysics|False|999:10,"results/archive/3s_8-9d_b0,999:10,100.json",3,135.78234553337097,0.0,1
,dfleiden-L:3-r:1,dyn_coauthorphysics,999:100,,0,,False,,dev_256g,dfleiden,,smart,0.6133392453193665,0.0,,,1,,experiment|dfleiden-L:3-r:1|dfleiden|smart|None|3|1|None|None|None|None|None|dyn_coauthorphysics|False|999:100,"results/archive/3s_8-9d_b0,999:10,100.json",3,1700.7470536231995,0.0,1
,dfleiden-L:3-r:1,dyn_flickr,10,,0,,False,,dev_256g,dfleiden,,smart,0.4985874891281128,0.0,,,1,,experiment|dfleiden-L:3-r:1|dfleiden|smart|None|3|1|None|None|None|None|None|dyn_flickr|False|10,"results/archive/3s_8-9d_b0,999:10,100.json",3,928.158087015152,0.0,1
,dfleiden-L:3-r:1,dyn_flickr,100,,0,,False,,dev_256g,dfleiden,,smart,0.5155853033065796,0.0,,,1,,experiment|dfleiden-L:3-r:1|dfleiden|smart|None|3|1|None|None|None|None|None|dyn_flickr|False|100,"results/archive/3s_8-9d_b0,999:10,100.json",3,13500.063767433167,0.0,1
,dfleiden-L:3-r:1,dyn_flickr,999:10,,0,,False,,dev_256g,dfleiden,,smart,0.5057732462882996,0.0,,,1,,experiment|dfleiden-L:3-r:1|dfleiden|smart|None|3|1|None|None|None|None|None|dyn_flickr|False|999:10,"results/archive/3s_8-9d_b0,999:10,100.json",3,1312.9014723300934,0.0,1
,dfleiden-L:3-r:1,dyn_flickr,999:100,,0,,False,,dev_256g,dfleiden,,smart,0.48386311531066895,0.0,,,1,,experiment|dfleiden-L:3-r:1|dfleiden|smart|None|3|1|None|None|None|None|None|dyn_flickr|False|999:100,"results/archive/3s_8-9d_b0,999:10,100.json",3,15222.030596733093,0.0,1
,dfleiden-L:3-r:1,dyn_nell,10,,0,,False,,dev_256g,dfleiden,,smart,0.8246009349822998,0.0,,,1,,experiment|dfleiden-L:3-r:1|dfleiden|smart|None|3|1|None|None|None|None|None|dyn_nell|False|10,"results/archive/3s_8-9d_b0,999:10,100.json",3,1734.2132468223572,0.0,1
,dfleiden-L:3-r:1,dyn_nell,100,,0,,False,,dev_256g,dfleiden,,smart,0.8233197927474976,0.0,,,1,,experiment|dfleiden-L:3-r:1|dfleiden|smart|None|3|1|None|None|None|None|None|dyn_nell|False|100,"results/archive/3s_8-9d_b0,999:10,100.json",3,19483.98746728897,0.0,1
,dfleiden-L:3-r:1,dyn_nell,999:10,,0,,False,,dev_256g,dfleiden,,smart,0.8296303153038025,0.0,,,1,,experiment|dfleiden-L:3-r:1|dfleiden|smart|None|3|1|None|None|None|None|None|dyn_nell|False|999:10,"results/archive/3s_8-9d_b0,999:10,100.json",3,484.50813031196594,0.0,1
,dfleiden-L:3-r:1,dyn_nell,999:100,,0,,False,,dev_256g,dfleiden,,smart,0.745028555393219,0.0,,,1,,experiment|dfleiden-L:3-r:1|dfleiden|smart|None|3|1|None|None|None|None|None|dyn_nell|False|999:100,"results/archive/3s_8-9d_b0,999:10,100.json",3,4669.4646100997925,0.0,1
,dfleiden-L:3-r:1,dyn_ogbn-arxiv,10,,0,,False,,dev_256g,dfleiden,,smart,0.6592863202095032,0.0,,,1,,experiment|dfleiden-L:3-r:1|dfleiden|smart|None|3|1|None|None|None|None|None|dyn_ogbn-arxiv|False|10,"results/archive/3s_8-9d_b0,999:10,100.json",3,2358.7404918670654,0.0,1
,dfleiden-L:3-r:1,dyn_ogbn-arxiv,999:10,,0,,False,,dev_256g,dfleiden,,smart,0.7115985155105591,0.0,,,1,,experiment|dfleiden-L:3-r:1|dfleiden|smart|None|3|1|None|None|None|None|None|dyn_ogbn-arxiv|False|999:10,"results/archive/3s_8-9d_b0,999:10,100.json",3,2374.887574672699,0.0,1
,dfleiden-L:3-r:1,dyn_ogbn-arxiv,999:100,,0,,False,,dev_256g,dfleiden,,smart,0.6997312903404236,0.0,,,1,,experiment|dfleiden-L:3-r:1|dfleiden|smart|None|3|1|None|None|None|None|None|dyn_ogbn-arxiv|False|999:100,"results/archive/3s_8-9d_b0,999:10,100.json",3,26079.99533224106,0.0,1
,dfleiden-L:3-r:1,dyn_pubmed,10,,0,,False,,dev_256g,dfleiden,,smart,0.7509170770645142,0.0,,,1,,experiment|dfleiden-L:3-r:1|dfleiden|smart|None|3|1|None|None|None|None|None|dyn_pubmed|False|10,"results/archive/3s_8-9d_b0,999:10,100.json",3,83.13886594772339,0.0,1
,dfleiden-L:3-r:1,dyn_pubmed,100,,0,,False,,dev_256g,dfleiden,,smart,0.7671242356300354,0.0,,,1,,experiment|dfleiden-L:3-r:1|dfleiden|smart|None|3|1|None|None|None|None|None|dyn_pubmed|False|100,"results/archive/3s_8-9d_b0,999:10,100.json",3,1093.1225926876068,0.0,1
,dfleiden-L:3-r:1,dyn_pubmed,999:10,,0,,False,,dev_256g,dfleiden,,smart,0.7701015472412109,0.0,,,1,,experiment|dfleiden-L:3-r:1|dfleiden|smart|None|3|1|None|None|None|None|None|dyn_pubmed|False|999:10,"results/archive/3s_8-9d_b0,999:10,100.json",3,22.514155864715576,0.0,1
,dfleiden-L:3-r:1,dyn_pubmed,999:100,,0,,False,,dev_256g,dfleiden,,smart,0.7291560173034668,0.0,,,1,,experiment|dfleiden-L:3-r:1|dfleiden|smart|None|3|1|None|None|None|None|None|dyn_pubmed|False|999:100,"results/archive/3s_8-9d_b0,999:10,100.json",3,45.82253384590149,0.0,1
,dfleiden-L:3-r:1,dyn_wikics,10,,0,,False,,dev_256g,dfleiden,,smart,0.6472510099411011,0.0,,,1,,experiment|dfleiden-L:3-r:1|dfleiden|smart|None|3|1|None|None|None|None|None|dyn_wikics|False|10,"results/archive/3s_8-9d_b0,999:10,100.json",3,23.835853576660156,0.0,1
,dfleiden-L:3-r:1,dyn_wikics,100,,0,,False,,dev_256g,dfleiden,,smart,0.6447193026542664,0.0,,,1,,experiment|dfleiden-L:3-r:1|dfleiden|smart|None|3|1|None|None|None|None|None|dyn_wikics|False|100,"results/archive/3s_8-9d_b0,999:10,100.json",3,280.66712498664856,0.0,1
,dfleiden-L:3-r:1,dyn_wikics,999:10,,0,,False,,dev_256g,dfleiden,,smart,0.6409788131713867,0.0,,,1,,experiment|dfleiden-L:3-r:1|dfleiden|smart|None|3|1|None|None|None|None|None|dyn_wikics|False|999:10,"results/archive/3s_8-9d_b0,999:10,100.json",3,23.412113904953003,0.0,1
,dfleiden-L:3-r:1,dyn_wikics,999:100,,0,,False,,dev_256g,dfleiden,,smart,0.6353224515914917,0.0,,,1,,experiment|dfleiden-L:3-r:1|dfleiden|smart|None|3|1|None|None|None|None|None|dyn_wikics|False|999:100,"results/archive/3s_8-9d_b0,999:10,100.json",3,232.0805470943451,0.0,1
,dfleiden-L:3-r:1,dyn_wiki,10,,0,,False,,dev_256g,dfleiden,,smart,0.7622269988059998,0.0,,,1,,experiment|dfleiden-L:3-r:1|dfleiden|smart|None|3|1|None|None|None|None|None|dyn_wiki|False|10,"results/archive/3s_8-9d_b0,999:10,100.json",3,2.296281576156616,0.0,1
,dfleiden-L:3-r:1,dyn_wiki,100,,0,,False,,dev_256g,dfleiden,,smart,0.7525666356086731,0.0,,,1,,experiment|dfleiden-L:3-r:1|dfleiden|smart|None|3|1|None|None|None|None|None|dyn_wiki|False|100,"results/archive/3s_8-9d_b0,999:10,100.json",3,16.733663320541382,0.0,1
,dfleiden-L:3-r:1,dyn_wiki,999:10,,0,,False,,dev_256g,dfleiden,,smart,0.7418877482414246,0.0,,,1,,experiment|dfleiden-L:3-r:1|dfleiden|smart|None|3|1|None|None|None|None|None|dyn_wiki|False|999:10,"results/archive/3s_8-9d_b0,999:10,100.json",3,0.29317593574523926,0.0,1
,dfleiden-L:3-r:1,dyn_wiki,999:100,,0,,False,,dev_256g,dfleiden,,smart,0.7421619892120361,0.0,,,1,,experiment|dfleiden-L:3-r:1|dfleiden|smart|None|3|1|None|None|None|None|None|dyn_wiki|False|999:100,"results/archive/3s_8-9d_b0,999:10,100.json",3,0.3594985008239746,0.0,1
,dfleiden-dynamic,arxivcs,999:10,,0,,True,,cn69,dfleiden,,dynamic,0.6709847692360071,0.0,0.3933526729073193,0.0,,,experiment|dfleiden-dynamic|dfleiden|dynamic|None|None|None|None|None|None|None|None|arxivcs|True|999:10,results/konovalov/sym_dfleiden_ds_20260518_1129.json,,3.965,0.0,1
,dfleiden-dynamic,arxivlarge,999:10,,0,,True,,cn69,dfleiden,,dynamic,0.718752915514232,0.0,0.4846786122269583,0.0,,,experiment|dfleiden-dynamic|dfleiden|dynamic|None|None|None|None|None|None|None|None|arxivlarge|True|999:10,results/konovalov/sym_dfleiden_ds_20260518_1129.json,,75.992,0.0,1
,dfleiden-dynamic,arxivmath,999:10,,0,,False,,cn69,dfleiden,,dynamic,0.6039616659993903,0.0,0.39870414345274285,0.0,,,experiment|dfleiden-dynamic|dfleiden|dynamic|None|None|None|None|None|None|None|None|arxivmath|False|999:10,results/drobyshev/dynamic_20260512_1205.json,,3.612,0.0,1
,dfleiden-dynamic,arxivmath,999:10,,0,,True,,cn69,dfleiden,,dynamic,0.8499872566262273,0.0,0.39464751188555997,0.0,,,experiment|dfleiden-dynamic|dfleiden|dynamic|None|None|None|None|None|None|None|None|arxivmath|True|999:10,results/drobyshev/dynamic_20260519_1126.json;results/konovalov/split_20260525_1547.json;results/konovalov/sym_dfleiden_ds_20260518_1129.json;results/paper_icdm/main_topology_20260525_1848.json,,3.73175,0.0698730992585845,4
,dfleiden-dynamic,arxivmath,999:100,,0,,True,,cn69,dfleiden,,dynamic,0.85985278780548,0.0,0.3802340410685389,0.0,,,experiment|dfleiden-dynamic|dfleiden|dynamic|None|None|None|None|None|None|None|None|arxivmath|True|999:100,results/paper_icdm/long_horizon_topology_20260525_1853.json,,28.507999999999992,0.0,1
,dfleiden-dynamic,arxivmath,999:160,,0,,True,,cn69,dfleiden,,dynamic,0.8566801158088158,0.0,0.36195040542282353,0.0,,,experiment|dfleiden-dynamic|dfleiden|dynamic|None|None|None|None|None|None|None|None|arxivmath|True|999:160,results/konovalov/split_20260525_1547.json,,33.70899999999999,0.0,1
,dfleiden-dynamic,arxivmath,999:20,,0,,True,,cn69,dfleiden,,dynamic,0.8455101530189689,0.0,0.4009549667088198,0.0,,,experiment|dfleiden-dynamic|dfleiden|dynamic|None|None|None|None|None|None|None|None|arxivmath|True|999:20,results/konovalov/split_20260525_1547.json,,6.795000000000001,0.0,1
,dfleiden-dynamic,arxivmath,999:320,,0,,True,,cn69,dfleiden,,dynamic,0.8529019341690808,0.0,0.3546742865629376,0.0,,,experiment|dfleiden-dynamic|dfleiden|dynamic|None|None|None|None|None|None|None|None|arxivmath|True|999:320,results/konovalov/split_20260525_1547.json,,60.038999999999994,0.0,1
,dfleiden-dynamic,arxivmath,999:40,,0,,True,,cn69,dfleiden,,dynamic,0.8576910475375639,0.0,0.38730318494879307,0.0,,,experiment|dfleiden-dynamic|dfleiden|dynamic|None|None|None|None|None|None|None|None|arxivmath|True|999:40,results/konovalov/split_20260525_1547.json,,11.450999999999999,0.0,1
,dfleiden-dynamic,arxivmath,999:5,,0,,True,,cn69,dfleiden,,dynamic,0.8506525689382016,0.0,0.39321953838980195,0.0,,,experiment|dfleiden-dynamic|dfleiden|dynamic|None|None|None|None|None|None|None|None|arxivmath|True|999:5,results/konovalov/split_20260525_1547.json,,2.432,0.0,1
,dfleiden-dynamic,arxivmath,999:50,,0,,True,,cn69,dfleiden,,dynamic,0.8538704403957287,0.0,0.3830205334523236,0.0,,,experiment|dfleiden-dynamic|dfleiden|dynamic|None|None|None|None|None|None|None|None|arxivmath|True|999:50,results/paper_icdm/long_horizon_topology_20260525_1853.json,,19.368999999999996,0.0,1
,dfleiden-dynamic,arxivmath,999:80,,0,,True,,cn69,dfleiden,,dynamic,0.8588452302985449,0.0,0.3833864797285849,0.0,,,experiment|dfleiden-dynamic|dfleiden|dynamic|None|None|None|None|None|None|None|None|arxivmath|True|999:80,results/konovalov/split_20260525_1547.json,,19.337000000000007,0.0,1
,dfleiden-dynamic,arxivphy,999:10,,0,,True,,cn69,dfleiden,,dynamic,0.7073243811088724,0.0,0.45376813466495886,0.0,,,experiment|dfleiden-dynamic|dfleiden|dynamic|None|None|None|None|None|None|None|None|arxivphy|True|999:10,results/konovalov/sym_dfleiden_ds_20260518_1129.json,,54.895,0.0,1
,dfleiden-dynamic,dblp-cite,999:10,,1,,True,,cn69,dfleiden,,dynamic,0.6289223026227796,0.0,,,,,experiment|dfleiden-dynamic|dfleiden|dynamic|None|None|None|None|None|None|None|None|dblp-cite|True|999:10,results/konovalov/sym_dfleiden_ds_20260518_1128.json,,0.035,0.0,1
,dfleiden-dynamic,dblp-tgc,999:10,,0,,False,,cn69,dfleiden,,dynamic,0.743931151996484,0.0,0.26587526910929304,0.0,,,experiment|dfleiden-dynamic|dfleiden|dynamic|None|None|None|None|None|None|None|None|dblp-tgc|False|999:10,results/konovalov/sym_dfleiden_ds_20260518_1128.json;results/konovalov/sym_dfleiden_ds_20260518_1129.json,,0.15400000000000003,0.0028284271247461927,2
,dfleiden-dynamic,dblp_coauthor,999:10,,0,,False,,cn69,dfleiden,,dynamic,0.7403365074571717,0.0,,,,,experiment|dfleiden-dynamic|dfleiden|dynamic|None|None|None|None|None|None|None|None|dblp_coauthor|False|999:10,results/konovalov/sym_dfleiden_ds_20260518_1129.json,,47.721000000000004,0.0,1
,dfleiden-dynamic,digg-friends,999:10,,0,,True,,cn69,dfleiden,,dynamic,0.4625046586148588,0.0,,,,,experiment|dfleiden-dynamic|dfleiden|dynamic|None|None|None|None|None|None|None|None|digg-friends|True|999:10,results/konovalov/sym_dfleiden_ds_20260518_1129.json,,2.978,0.0,1
,dfleiden-dynamic,dyn_acm,999:10,,4,,False,,cn69,dfleiden,,dynamic,0.8154641609905904,0.0,0.26331561021242633,0.0,,,experiment|dfleiden-dynamic|dfleiden|dynamic|None|None|None|None|None|None|None|None|dyn_acm|False|999:10,results/drobyshev/dynamic_20260512_1205.json,,0.010000000000000002,0.0,1
,dfleiden-dynamic,dyn_blogcatalog,999:10,,0,,False,,dev_256g,dfleiden,,dynamic,0.3576110382238993,0.0,,,,,experiment|dfleiden-dynamic|dfleiden|dynamic|None|None|None|None|None|None|None|None|dyn_blogcatalog|False|999:10,results/archive/3s_dynamic_10d_999:10.json,,0.347,0.0,1
,dfleiden-dynamic,dyn_citeseer,999:10,,3,,False,,cn69,dfleiden,,dynamic,0.8869752929244162,0.0,0.32566850315598894,0.0,,,experiment|dfleiden-dynamic|dfleiden|dynamic|None|None|None|None|None|None|None|None|dyn_citeseer|False|999:10,results/drobyshev/dynamic_20260512_1205.json;results/konovalov/sym_dfleiden_ds_20260518_1128.json,,0.0015,0.0007071067811865475,2
,dfleiden-dynamic,dyn_coauthorcs,999:10,,1,,False,,cn69;dev_256g,dfleiden,,dynamic,0.7104311746930674,0.0029678476180257447,0.5684797447416108,0.0,,,experiment|dfleiden-dynamic|dfleiden|dynamic|None|None|None|None|None|None|None|None|dyn_coauthorcs|False|999:10,results/archive/3s_dynamic_10d_999:10.json;results/konovalov/sym_dfleiden_ds_20260518_1128.json,,0.262,0.019798989873223347,2
,dfleiden-dynamic,dyn_coauthorphysics,999:10,,0,,False,,cn69;dev_256g,dfleiden,,dynamic,0.6365398413181628,0.0031083875352615345,0.42790590490616986,0.0,,,experiment|dfleiden-dynamic|dfleiden|dynamic|None|None|None|None|None|None|None|None|dyn_coauthorphysics|False|999:10,results/archive/3s_dynamic_10d_999:10.json;results/konovalov/sym_dfleiden_ds_20260518_1128.json;results/konovalov/sym_dfleiden_ds_20260518_1129.json,,0.7966666666666666,0.02631222782915444,3
,dfleiden-dynamic,dyn_cora,999:10,,4,,False,,cn69,dfleiden,,dynamic,0.8089878395898155,0.0,0.4390942352630823,0.0,,,experiment|dfleiden-dynamic|dfleiden|dynamic|None|None|None|None|None|None|None|None|dyn_cora|False|999:10,results/drobyshev/dynamic_20260512_1205.json,,0.001,0.0,1
,dfleiden-dynamic,dyn_flickr,999:10,,0,,False,,cn69;dev_256g,dfleiden,,dynamic,0.5086574175807079,0.010666079920200727,0.04587215858747794,0.0,,,experiment|dfleiden-dynamic|dfleiden|dynamic|None|None|None|None|None|None|None|None|dyn_flickr|False|999:10,results/archive/3s_dynamic_10d_999:10.json;results/konovalov/sym_dfleiden_ds_20260518_1129.json,,2.9080000000000004,0.3719381669041242,2
,dfleiden-dynamic,dyn_nell,999:10,,0,,False,,cn69;dev_256g,dfleiden,,dynamic,0.8256321568351355,0.0018509506161046609,0.21055713515294822,0.0,,,experiment|dfleiden-dynamic|dfleiden|dynamic|None|None|None|None|None|None|None|None|dyn_nell|False|999:10,results/archive/3s_dynamic_10d_999:10.json;results/konovalov/sym_dfleiden_ds_20260518_1129.json,,0.2475,0.013435028842544433,2
,dfleiden-dynamic,dyn_ogbn-arxiv,999:10,,0,,False,,dev_256g,dfleiden,,dynamic,0.5082856769599592,0.0,,,,,experiment|dfleiden-dynamic|dfleiden|dynamic|None|None|None|None|None|None|None|None|dyn_ogbn-arxiv|False|999:10,results/archive/3s_dynamic_10d_999:10.json,,4.006,0.0,1
,dfleiden-dynamic,dyn_ogbn-arxiv,999:10,,0,,True,,cn69,dfleiden,,dynamic,0.6725231298847063,0.0,0.39521629388682583,0.0,,,experiment|dfleiden-dynamic|dfleiden|dynamic|None|None|None|None|None|None|None|None|dyn_ogbn-arxiv|True|999:10,results/konovalov/sym_dfleiden_ds_20260518_1129.json,,5.236999999999999,0.0,1
,dfleiden-dynamic,dyn_pubmed,999:10,,0,,False,,cn69;dev_256g,dfleiden,,dynamic,0.024792146711877378,0.0,0.19386594229066167,0.0,,,experiment|dfleiden-dynamic|dfleiden|dynamic|None|None|None|None|None|None|None|None|dyn_pubmed|False|999:10,results/archive/3s_dynamic_10d_999:10.json;results/drobyshev/dynamic_20260512_1205.json,,0.21200000000000002,0.03535533905932738,2
,dfleiden-dynamic,dyn_pubmed,999:10,,1,,True,,cn69,dfleiden,,dynamic,0.7615452615005541,0.0,0.19055051130374537,0.0,,,experiment|dfleiden-dynamic|dfleiden|dynamic|None|None|None|None|None|None|None|None|dyn_pubmed|True|999:10,results/drobyshev/dynamic_20260519_1126.json;results/konovalov/sym_dfleiden_ds_20260518_1128.json;results/paper_icdm/main_topology_20260525_1848.json,,0.10366666666666666,0.0020816659994661426,3
,dfleiden-dynamic,dyn_pubmed,999:100,,0,,True,,cn69,dfleiden,,dynamic,0.7599805263476568,0.0,0.18453332218835516,0.0,,,experiment|dfleiden-dynamic|dfleiden|dynamic|None|None|None|None|None|None|None|None|dyn_pubmed|True|999:100,results/paper_icdm/long_horizon_topology_20260525_1853.json,,0.3430000000000002,0.0,1
,dfleiden-dynamic,dyn_pubmed,999:50,,0,,True,,cn69,dfleiden,,dynamic,0.7599805263476568,0.0,0.18453332218835516,0.0,,,experiment|dfleiden-dynamic|dfleiden|dynamic|None|None|None|None|None|None|None|None|dyn_pubmed|True|999:50,results/paper_icdm/long_horizon_topology_20260525_1853.json,,0.31800000000000017,0.0,1
,dfleiden-dynamic,dyn_reddit2,999:10,,0,,False,,dev_256g,dfleiden,,dynamic,0.7707957076599905,0.0,,,,,experiment|dfleiden-dynamic|dfleiden|dynamic|None|None|None|None|None|None|None|None|dyn_reddit2|False|999:10,results/archive/3s_dynamic_10d_999:10.json,,26.506999999999998,0.0,1
,dfleiden-dynamic,dyn_wikics,999:10,,0,,False,,dev_256g,dfleiden,,dynamic,0.6480681455845603,0.0,,,,,experiment|dfleiden-dynamic|dfleiden|dynamic|None|None|None|None|None|None|None|None|dyn_wikics|False|999:10,results/archive/3s_dynamic_10d_999:10.json,,0.40099999999999997,0.0,1
,dfleiden-dynamic,dyn_wiki,999:10,,0,,False,,dev_256g,dfleiden,,dynamic,0.7389409439753043,0.0,,,,,experiment|dfleiden-dynamic|dfleiden|dynamic|None|None|None|None|None|None|None|None|dyn_wiki|False|999:10,results/archive/3s_dynamic_10d_999:10.json,,0.005,0.0,1
,dfleiden-dynamic,enron,999:10,,0,,True,,cn69,dfleiden,,dynamic,0.6970166421499423,0.0,,,,,experiment|dfleiden-dynamic|dfleiden|dynamic|None|None|None|None|None|None|None|None|enron|True|999:10,results/konovalov/sym_dfleiden_ds_20260518_1129.json,,0.4010000000000001,0.0,1
,dfleiden-dynamic,facebook-wosn-links,999:10,,0,,False,,cn69,dfleiden,,dynamic,0.6175068212965977,0.0,,,,,experiment|dfleiden-dynamic|dfleiden|dynamic|None|None|None|None|None|None|None|None|facebook-wosn-links|False|999:10,results/konovalov/sym_dfleiden_ds_20260518_1129.json,,1.197,0.0,1
,dfleiden-dynamic,facebook-wosn-wall,999:10,,0,,True,,cn69,dfleiden,,dynamic,0.698517626955557,0.0,,,,,experiment|dfleiden-dynamic|dfleiden|dynamic|None|None|None|None|None|None|None|None|facebook-wosn-wall|True|999:10,results/konovalov/sym_dfleiden_ds_20260518_1128.json;results/konovalov/sym_dfleiden_ds_20260518_1129.json,,0.8044999999999998,0.0007071067811865481,2
,dfleiden-dynamic,hyves,999:10,,0,,False,,cn69,dfleiden,,dynamic,0.7618203425521144,0.0,,,,,experiment|dfleiden-dynamic|dfleiden|dynamic|None|None|None|None|None|None|None|None|hyves|False|999:10,results/konovalov/sym_dfleiden_ds_20260518_1129.json,,17.07,0.0,1
,dfleiden-dynamic,lkml-reply,999:10,,0,,False,,cn69,dfleiden,,dynamic,0.38003030622834194,0.0,,,,,experiment|dfleiden-dynamic|dfleiden|dynamic|None|None|None|None|None|None|None|None|lkml-reply|False|999:10,results/drobyshev/dynamic_20260512_1205.json,,0.4199999999999999,0.0,1
,dfleiden-dynamic,lkml-reply,999:10,,0,,True,,cn69,dfleiden,,dynamic,0.388872097355864,0.0,,,,,experiment|dfleiden-dynamic|dfleiden|dynamic|None|None|None|None|None|None|None|None|lkml-reply|True|999:10,results/konovalov/sym_dfleiden_ds_20260518_1128.json;results/konovalov/sym_dfleiden_ds_20260518_1129.json,,0.42549999999999993,0.0021213203435596446,2
,dfleiden-dynamic,patent,999:10,,0,,False,,cn69,dfleiden,,dynamic,0.10174988164267833,0.0,0.2968017612078987,0.0,,,experiment|dfleiden-dynamic|dfleiden|dynamic|None|None|None|None|None|None|None|None|patent|False|999:10,results/drobyshev/dynamic_20260512_1205.json,,0.08000000000000002,0.0,1
,dfleiden-dynamic,patent,999:10,,3,,True,,cn69,dfleiden,,dynamic,0.855975143908619,0.0,0.3676932804496643,0.0,,,experiment|dfleiden-dynamic|dfleiden|dynamic|None|None|None|None|None|None|None|None|patent|True|999:10,results/drobyshev/dynamic_20260519_1126.json,,0.029999999999999995,0.0,1
,dfleiden-dynamic,slashdot-threads,999:10,,0,,True,,cn69,dfleiden,,dynamic,0.5016924432779334,0.0,,,,,experiment|dfleiden-dynamic|dfleiden|dynamic|None|None|None|None|None|None|None|None|slashdot-threads|True|999:10,results/konovalov/sym_dfleiden_ds_20260518_1128.json;results/konovalov/sym_dfleiden_ds_20260518_1129.json,,0.19799999999999998,0.004242640687119289,2
,dfleiden-dynamic,sx-askubuntu,999:10,,0,,True,,cn69,dfleiden,,dynamic,0.6039490676510103,0.0,,,,,experiment|dfleiden-dynamic|dfleiden|dynamic|None|None|None|None|None|None|None|None|sx-askubuntu|True|999:10,results/konovalov/sym_dfleiden_ds_20260518_1129.json,,1.2950000000000002,0.0,1
,dfleiden-dynamic,sx-superuser,999:10,,0,,True,,cn69,dfleiden,,dynamic,0.5437220440059644,0.0,,,,,experiment|dfleiden-dynamic|dfleiden|dynamic|None|None|None|None|None|None|None|None|sx-superuser|True|999:10,results/konovalov/sym_dfleiden_ds_20260518_1129.json,,2.331,0.0,1
,dfleiden-dynamic,topology,999:10,,0,,False,,cn69,dfleiden,,dynamic,0.5024290845725015,0.0,,,,,experiment|dfleiden-dynamic|dfleiden|dynamic|None|None|None|None|None|None|None|None|topology|False|999:10,results/konovalov/sym_dfleiden_ds_20260518_1128.json;results/konovalov/sym_dfleiden_ds_20260518_1129.json,,0.16100000000000003,0.004242640687119289,2
,dfleiden-dynamic,wiki_talk_eo,999:10,,1,,True,,cn69,dfleiden,,dynamic,0.5540692329145194,0.0,,,,,experiment|dfleiden-dynamic|dfleiden|dynamic|None|None|None|None|None|None|None|None|wiki_talk_eo|True|999:10,results/konovalov/sym_dfleiden_ds_20260518_1128.json,,0.013000000000000005,0.0,1
,dfleiden-dynamic,wiki_talk_sk,999:10,,0,,True,,cn69,dfleiden,,dynamic,0.6366615002506032,0.0,,,,,experiment|dfleiden-dynamic|dfleiden|dynamic|None|None|None|None|None|None|None|None|wiki_talk_sk|True|999:10,results/konovalov/sym_dfleiden_ds_20260518_1128.json;results/konovalov/sym_dfleiden_ds_20260518_1129.json,,0.08999999999999998,0.0014142135623730963,2
,dfleiden-naive-feat:dataset,arxivcs,999:10,,0,dataset,False,,cn69,dfleiden,,naive,0.37909135222435,0.0,,,,,experiment|dfleiden-naive-feat:dataset|dfleiden|naive|None|None|None|None|None|dataset|None|None|arxivcs|False|999:10,results/archive/5fs_no_konect_ns.json,,11.010019063949585,0.0,1
,dfleiden-naive-feat:dataset,arxivlarge,999:10,,0,dataset,False,,cn69,dfleiden,,naive,0.355961412191391,0.0,,,,,experiment|dfleiden-naive-feat:dataset|dfleiden|naive|None|None|None|None|None|dataset|None|None|arxivlarge|False|999:10,results/archive/5fs_no_konect_ns.json,,175.78099417686462,0.0,1
,dfleiden-naive-feat:dataset,arxivmath,999:10,,0,dataset,False,,cn69,dfleiden,,naive,0.4979402422904968,0.0,,,,,experiment|dfleiden-naive-feat:dataset|dfleiden|naive|None|None|None|None|None|dataset|None|None|arxivmath|False|999:10,results/archive/5fs_no_konect_ns.json,,10.716794967651367,0.0,1
,dfleiden-naive-feat:dataset,arxivphy,999:10,,0,dataset,False,,cn69,dfleiden,,naive,0.34160494804382324,0.0,,,,,experiment|dfleiden-naive-feat:dataset|dfleiden|naive|None|None|None|None|None|dataset|None|None|arxivphy|False|999:10,results/archive/5fs_no_konect_ns.json,,152.61795258522034,0.0,1
,dfleiden-naive-feat:dataset,dblp-tgc,999:10,,0,dataset,False,,cn69,dfleiden,,naive,0.7448795437812805,0.0,,,,,experiment|dfleiden-naive-feat:dataset|dfleiden|naive|None|None|None|None|None|dataset|None|None|dblp-tgc|False|999:10,results/archive/5fs_no_konect_ns.json,,1.4009926319122314,0.0,1
,dfleiden-naive-feat:dataset,dyn_acm,999:10,,0,dataset,False,,cn69,dfleiden,,naive,0.8221638798713684,0.0,,,,,experiment|dfleiden-naive-feat:dataset|dfleiden|naive|None|None|None|None|None|dataset|None|None|dyn_acm|False|999:10,results/archive/5fs_no_konect_ns.json,,0.0792388916015625,0.0,1
,dfleiden-naive-feat:dataset,dyn_bat,999:10,,0,dataset,False,,cn69,dfleiden,,naive,0.2667905390262604,0.0,,,,,experiment|dfleiden-naive-feat:dataset|dfleiden|naive|None|None|None|None|None|dataset|None|None|dyn_bat|False|999:10,results/archive/5fs_no_konect_ns.json,,0.0016446113586425781,0.0,1
,dfleiden-naive-feat:dataset,dyn_citeseer,999:10,,0,dataset,False,,cn69,dfleiden,,naive,0.8846429586410522,0.0,,,,,experiment|dfleiden-naive-feat:dataset|dfleiden|naive|None|None|None|None|None|dataset|None|None|dyn_citeseer|False|999:10,results/archive/5fs_no_konect_ns.json,,0.04424452781677246,0.0,1
,dfleiden-naive-feat:dataset,dyn_coauthorcs,999:10,,0,dataset,False,,cn69,dfleiden,,naive,0.707677960395813,0.0,,,,,experiment|dfleiden-naive-feat:dataset|dfleiden|naive|None|None|None|None|None|dataset|None|None|dyn_coauthorcs|False|999:10,results/archive/5fs_no_konect_ns.json,,0.9582149982452393,0.0,1
,dfleiden-naive-feat:dataset,dyn_coauthorphysics,999:10,,0,dataset,False,,cn69,dfleiden,,naive,0.6288180351257324,0.0,,,,,experiment|dfleiden-naive-feat:dataset|dfleiden|naive|None|None|None|None|None|dataset|None|None|dyn_coauthorphysics|False|999:10,results/archive/5fs_no_konect_ns.json,,3.053311824798584,0.0,1
,dfleiden-naive-feat:dataset,dyn_cora,999:10,,0,dataset,False,,cn69,dfleiden,,naive,0.8099035620689392,0.0,,,,,experiment|dfleiden-naive-feat:dataset|dfleiden|naive|None|None|None|None|None|dataset|None|None|dyn_cora|False|999:10,results/archive/5fs_no_konect_ns.json,,0.059212684631347656,0.0,1
,dfleiden-naive-feat:dataset,dyn_flickr,999:10,,0,dataset,False,,cn69,dfleiden,,naive,0.5166703462600708,0.0,,,,,experiment|dfleiden-naive-feat:dataset|dfleiden|naive|None|None|None|None|None|dataset|None|None|dyn_flickr|False|999:10,results/archive/5fs_no_konect_ns.json,,7.6524035930633545,0.0,1
,dfleiden-naive-feat:dataset,dyn_nell,999:10,,0,dataset,False,,cn69,dfleiden,,naive,0.8261956572532654,0.0,,,,,experiment|dfleiden-naive-feat:dataset|dfleiden|naive|None|None|None|None|None|dataset|None|None|dyn_nell|False|999:10,results/archive/5fs_no_konect_ns.json,,1.1377980709075928,0.0,1
,dfleiden-naive-feat:dataset,dyn_ogbn-arxiv,999:10,,0,dataset,False,,cn69,dfleiden,,naive,0.37909135222435,0.0,,,,,experiment|dfleiden-naive-feat:dataset|dfleiden|naive|None|None|None|None|None|dataset|None|None|dyn_ogbn-arxiv|False|999:10,results/archive/5fs_no_konect_ns.json,,11.011683940887451,0.0,1
,dfleiden-naive-feat:dataset,dyn_pubmed,999:10,,0,dataset,False,,cn69,dfleiden,,naive,0.017477653920650482,0.0,,,,,experiment|dfleiden-naive-feat:dataset|dfleiden|naive|None|None|None|None|None|dataset|None|None|dyn_pubmed|False|999:10,results/archive/5fs_no_konect_ns.json,,0.38984203338623047,0.0,1
,dfleiden-naive-feat:dataset,dyn_wiki,999:10,,0,dataset,False,,cn69,dfleiden,,naive,0.7259923219680786,0.0,,,,,experiment|dfleiden-naive-feat:dataset|dfleiden|naive|None|None|None|None|None|dataset|None|None|dyn_wiki|False|999:10,results/archive/5fs_no_konect_ns.json,,0.06636786460876465,0.0,1
,dfleiden-naive-feat:dataset,patent,999:10,,0,dataset,False,,cn69,dfleiden,,naive,0.11069381982088089,0.0,,,,,experiment|dfleiden-naive-feat:dataset|dfleiden|naive|None|None|None|None|None|dataset|None|None|patent|False|999:10,results/archive/5fs_no_konect_ns.json,,0.17962217330932617,0.0,1
,dfleiden-naive,arxivmath,999:10,,0,,True,,cn69,dfleiden,,naive,0.8270214200019836,0.0,0.40107947497667673,0.0,,,experiment|dfleiden-naive|dfleiden|naive|None|None|None|None|None|None|None|None|arxivmath|True|999:10,results/paper_icdm/main_topology_20260525_1848.json,,16.37607331573963,0.0,1
,dfleiden-naive,arxivmath,999:100,,0,,True,,cn69,dfleiden,,naive,0.8270214200019836,0.0,0.40107947497667673,0.0,,,experiment|dfleiden-naive|dfleiden|naive|None|None|None|None|None|None|None|None|arxivmath|True|999:100,results/paper_icdm/long_horizon_topology_20260525_1853.json,,261.1777342259884,0.0,1
,dfleiden-naive,arxivmath,999:50,,0,,True,,cn69,dfleiden,,naive,0.8270214200019836,0.0,0.40107947497667673,0.0,,,experiment|dfleiden-naive|dfleiden|naive|None|None|None|None|None|None|None|None|arxivmath|True|999:50,results/paper_icdm/long_horizon_topology_20260525_1853.json,,101.67863630503416,0.0,1
,dfleiden-naive,dyn_acm,999:10,,0,,False,,cn69,dfleiden,,naive,0.8214676082134247,0.0009846768217600173,0.26934130114423044,0.0,,,experiment|dfleiden-naive|dfleiden|naive|None|None|None|None|None|None|None|None|dyn_acm|False|999:10,results/archive/12s_5small_999:10.json;results/paper_icdm/main_topology_20260525_1848.json,,0.09739645197987556,0.026356505374507264,2
,dfleiden-naive,dyn_bat,999:10,,0,,False,,cn69,dfleiden,,naive,0.2747724950313568,0.0,,,,,experiment|dfleiden-naive|dfleiden|naive|None|None|None|None|None|None|None|None|dyn_bat|False|999:10,results/archive/12s_5small_999:10.json,,0.0027458667755126953,0.0,1
,dfleiden-naive,dyn_blogcatalog,10,,0,,False,,dev_256g,dfleiden,,naive,0.3284568786621094,0.0,,,,,experiment|dfleiden-naive|dfleiden|naive|None|None|None|None|None|None|None|None|dyn_blogcatalog|False|10,"results/archive/3s_8-9d_b0,999:10,100.json",,0.9946269989013672,0.0,1
,dfleiden-naive,dyn_blogcatalog,100,,0,,False,,dev_256g,dfleiden,,naive,0.3284568786621094,0.0,,,,,experiment|dfleiden-naive|dfleiden|naive|None|None|None|None|None|None|None|None|dyn_blogcatalog|False|100,"results/archive/3s_8-9d_b0,999:10,100.json",,9.176054954528809,0.0,1
,dfleiden-naive,dyn_blogcatalog,999:10,,0,,False,,dev_256g,dfleiden,,naive,0.3284568786621094,0.0,,,,,experiment|dfleiden-naive|dfleiden|naive|None|None|None|None|None|None|None|None|dyn_blogcatalog|False|999:10,"results/archive/3s_8-9d_b0,999:10,100.json",,1.7646844387054443,0.0,1
,dfleiden-naive,dyn_blogcatalog,999:100,,0,,False,,dev_256g,dfleiden,,naive,0.3284568786621094,0.0,,,,,experiment|dfleiden-naive|dfleiden|naive|None|None|None|None|None|None|None|None|dyn_blogcatalog|False|999:100,"results/archive/3s_8-9d_b0,999:10,100.json",,17.413342237472534,0.0,1
,dfleiden-naive,dyn_citeseer,999:10,,0,,False,,cn69,dfleiden,,naive,0.8844024538993835,0.00034012506748291486,0.3243850106698354,0.0,,,experiment|dfleiden-naive|dfleiden|naive|None|None|None|None|None|None|None|None|dyn_citeseer|False|999:10,results/archive/12s_5small_999:10.json;results/paper_icdm/main_topology_20260525_1848.json,,0.05845550820231438,0.021812453439017353,2
,dfleiden-naive,dyn_coauthorcs,10,,0,,False,,dev_256g,dfleiden,,naive,0.6866885423660278,0.0,,,,,experiment|dfleiden-naive|dfleiden|naive|None|None|None|None|None|None|None|None|dyn_coauthorcs|False|10,"results/archive/3s_8-9d_b0,999:10,100.json",,0.6831753253936768,0.0,1
,dfleiden-naive,dyn_coauthorcs,100,,0,,False,,dev_256g,dfleiden,,naive,0.6866885423660278,0.0,,,,,experiment|dfleiden-naive|dfleiden|naive|None|None|None|None|None|None|None|None|dyn_coauthorcs|False|100,"results/archive/3s_8-9d_b0,999:10,100.json",,6.356170415878296,0.0,1
,dfleiden-naive,dyn_coauthorcs,999:10,,0,,False,,dev_256g,dfleiden,,naive,0.6866885423660278,0.0,,,,,experiment|dfleiden-naive|dfleiden|naive|None|None|None|None|None|None|None|None|dyn_coauthorcs|False|999:10,"results/archive/3s_8-9d_b0,999:10,100.json",,1.1100821495056152,0.0,1
,dfleiden-naive,dyn_coauthorcs,999:100,,0,,False,,dev_256g,dfleiden,,naive,0.6866885423660278,0.0,,,,,experiment|dfleiden-naive|dfleiden|naive|None|None|None|None|None|None|None|None|dyn_coauthorcs|False|999:100,"results/archive/3s_8-9d_b0,999:10,100.json",,11.112921953201294,0.0,1
,dfleiden-naive,dyn_coauthorphysics,10,,0,,False,,dev_256g,dfleiden,,naive,0.6117974519729614,0.0,,,,,experiment|dfleiden-naive|dfleiden|naive|None|None|None|None|None|None|None|None|dyn_coauthorphysics|False|10,"results/archive/3s_8-9d_b0,999:10,100.json",,2.3079094886779785,0.0,1
,dfleiden-naive,dyn_coauthorphysics,100,,0,,False,,dev_256g,dfleiden,,naive,0.6117974519729614,0.0,,,,,experiment|dfleiden-naive|dfleiden|naive|None|None|None|None|None|None|None|None|dyn_coauthorphysics|False|100,"results/archive/3s_8-9d_b0,999:10,100.json",,21.22852396965027,0.0,1
,dfleiden-naive,dyn_coauthorphysics,999:10,,0,,False,,dev_256g,dfleiden,,naive,0.6117974519729614,0.0,,,,,experiment|dfleiden-naive|dfleiden|naive|None|None|None|None|None|None|None|None|dyn_coauthorphysics|False|999:10,"results/archive/3s_8-9d_b0,999:10,100.json",,3.9250540733337402,0.0,1
,dfleiden-naive,dyn_coauthorphysics,999:100,,0,,False,,dev_256g,dfleiden,,naive,0.6117974519729614,0.0,,,,,experiment|dfleiden-naive|dfleiden|naive|None|None|None|None|None|None|None|None|dyn_coauthorphysics|False|999:100,"results/archive/3s_8-9d_b0,999:10,100.json",,38.95996880531311,0.0,1
,dfleiden-naive,dyn_cora,999:10,,0,,False,,cn69,dfleiden,,naive,0.8099976778030396,0.00013309974759740336,0.4503883778890277,0.0,,,experiment|dfleiden-naive|dfleiden|naive|None|None|None|None|None|None|None|None|dyn_cora|False|999:10,results/archive/12s_5small_999:10.json;results/paper_icdm/main_topology_20260525_1848.json,,0.07860616222023964,0.028725221481092276,2
,dfleiden-naive,dyn_dblp,999:10,,0,,False,,cn69,dfleiden,,naive,0.8581214547157288,0.0,,,,,experiment|dfleiden-naive|dfleiden|naive|None|None|None|None|None|None|None|None|dyn_dblp|False|999:10,results/archive/12s_5small_999:10.json,,0.05192828178405762,0.0,1
,dfleiden-naive,dyn_flickr,10,,0,,False,,dev_256g,dfleiden,,naive,0.5009293556213379,0.0,,,,,experiment|dfleiden-naive|dfleiden|naive|None|None|None|None|None|None|None|None|dyn_flickr|False|10,"results/archive/3s_8-9d_b0,999:10,100.json",,5.661850690841675,0.0,1
,dfleiden-naive,dyn_flickr,100,,0,,False,,dev_256g,dfleiden,,naive,0.5009293556213379,0.0,,,,,experiment|dfleiden-naive|dfleiden|naive|None|None|None|None|None|None|None|None|dyn_flickr|False|100,"results/archive/3s_8-9d_b0,999:10,100.json",,51.89232683181763,0.0,1
,dfleiden-naive,dyn_flickr,999:10,,0,,False,,dev_256g,dfleiden,,naive,0.5009293556213379,0.0,,,,,experiment|dfleiden-naive|dfleiden|naive|None|None|None|None|None|None|None|None|dyn_flickr|False|999:10,"results/archive/3s_8-9d_b0,999:10,100.json",,10.193860530853271,0.0,1
,dfleiden-naive,dyn_flickr,999:100,,0,,False,,dev_256g,dfleiden,,naive,0.5009293556213379,0.0,,,,,experiment|dfleiden-naive|dfleiden|naive|None|None|None|None|None|None|None|None|dyn_flickr|False|999:100,"results/archive/3s_8-9d_b0,999:10,100.json",,99.41179132461548,0.0,1
,dfleiden-naive,dyn_nell,10,,0,,False,,dev_256g,dfleiden,,naive,0.8252412676811218,0.0,,,,,experiment|dfleiden-naive|dfleiden|naive|None|None|None|None|None|None|None|None|dyn_nell|False|10,"results/archive/3s_8-9d_b0,999:10,100.json",,0.9742510318756104,0.0,1
,dfleiden-naive,dyn_nell,100,,0,,False,,dev_256g,dfleiden,,naive,0.8252412676811218,0.0,,,,,experiment|dfleiden-naive|dfleiden|naive|None|None|None|None|None|None|None|None|dyn_nell|False|100,"results/archive/3s_8-9d_b0,999:10,100.json",,9.42660641670227,0.0,1
,dfleiden-naive,dyn_nell,999:10,,0,,False,,dev_256g,dfleiden,,naive,0.8252412676811218,0.0,,,,,experiment|dfleiden-naive|dfleiden|naive|None|None|None|None|None|None|None|None|dyn_nell|False|999:10,"results/archive/3s_8-9d_b0,999:10,100.json",,1.5273587703704834,0.0,1
,dfleiden-naive,dyn_nell,999:100,,0,,False,,dev_256g,dfleiden,,naive,0.8252412676811218,0.0,,,,,experiment|dfleiden-naive|dfleiden|naive|None|None|None|None|None|None|None|None|dyn_nell|False|999:100,"results/archive/3s_8-9d_b0,999:10,100.json",,15.33724045753479,0.0,1
,dfleiden-naive,dyn_ogbn-arxiv,10,,0,,False,,dev_256g,dfleiden,,naive,0.6646436452865601,0.0,,,,,experiment|dfleiden-naive|dfleiden|naive|None|None|None|None|None|None|None|None|dyn_ogbn-arxiv|False|10,"results/archive/3s_8-9d_b0,999:10,100.json",,13.658612489700317,0.0,1
,dfleiden-naive,dyn_ogbn-arxiv,100,,0,,False,,dev_256g,dfleiden,,naive,0.6646436452865601,0.0,,,,,experiment|dfleiden-naive|dfleiden|naive|None|None|None|None|None|None|None|None|dyn_ogbn-arxiv|False|100,"results/archive/3s_8-9d_b0,999:10,100.json",,124.69523453712463,0.0,1
,dfleiden-naive,dyn_ogbn-arxiv,999:10,,0,,False,,dev_256g,dfleiden,,naive,0.6646436452865601,0.0,,,,,experiment|dfleiden-naive|dfleiden|naive|None|None|None|None|None|None|None|None|dyn_ogbn-arxiv|False|999:10,"results/archive/3s_8-9d_b0,999:10,100.json",,22.56828260421753,0.0,1
,dfleiden-naive,dyn_ogbn-arxiv,999:100,,0,,False,,dev_256g,dfleiden,,naive,0.6646436452865601,0.0,,,,,experiment|dfleiden-naive|dfleiden|naive|None|None|None|None|None|None|None|None|dyn_ogbn-arxiv|False|999:100,"results/archive/3s_8-9d_b0,999:10,100.json",,223.1155924797058,0.0,1
,dfleiden-naive,dyn_pubmed,10,,0,,False,,dev_256g,dfleiden,,naive,0.7302059531211853,0.0,,,,,experiment|dfleiden-naive|dfleiden|naive|None|None|None|None|None|None|None|None|dyn_pubmed|False|10,"results/archive/3s_8-9d_b0,999:10,100.json",,0.3586618900299072,0.0,1
,dfleiden-naive,dyn_pubmed,100,,0,,False,,dev_256g,dfleiden,,naive,0.7302059531211853,0.0,,,,,experiment|dfleiden-naive|dfleiden|naive|None|None|None|None|None|None|None|None|dyn_pubmed|False|100,"results/archive/3s_8-9d_b0,999:10,100.json",,3.408867835998535,0.0,1
,dfleiden-naive,dyn_pubmed,999:10,,0,,False,,dev_256g,dfleiden,,naive,0.7302059531211853,0.0,,,,,experiment|dfleiden-naive|dfleiden|naive|None|None|None|None|None|None|None|None|dyn_pubmed|False|999:10,"results/archive/3s_8-9d_b0,999:10,100.json",,0.5586378574371338,0.0,1
,dfleiden-naive,dyn_pubmed,999:100,,0,,False,,dev_256g,dfleiden,,naive,0.7302059531211853,0.0,,,,,experiment|dfleiden-naive|dfleiden|naive|None|None|None|None|None|None|None|None|dyn_pubmed|False|999:100,"results/archive/3s_8-9d_b0,999:10,100.json",,2.45947265625,0.0,1
,dfleiden-naive,dyn_pubmed,999:10,,0,,True,,cn69,dfleiden,,naive,0.7301188707351685,0.0,0.1813853212334508,0.0,,,experiment|dfleiden-naive|dfleiden|naive|None|None|None|None|None|None|None|None|dyn_pubmed|True|999:10,results/paper_icdm/main_topology_20260525_1848.json,,0.5403480678796768,0.0,1
,dfleiden-naive,dyn_pubmed,999:100,,0,,True,,cn69,dfleiden,,naive,0.7301188707351685,0.0,0.1813853212334508,0.0,,,experiment|dfleiden-naive|dfleiden|naive|None|None|None|None|None|None|None|None|dyn_pubmed|True|999:100,results/paper_icdm/long_horizon_topology_20260525_1853.json,,2.772784151136875,0.0,1
,dfleiden-naive,dyn_pubmed,999:50,,0,,True,,cn69,dfleiden,,naive,0.7301188707351685,0.0,0.1813853212334508,0.0,,,experiment|dfleiden-naive|dfleiden|naive|None|None|None|None|None|None|None|None|dyn_pubmed|True|999:50,results/paper_icdm/long_horizon_topology_20260525_1853.json,,2.619082823395729,0.0,1
,dfleiden-naive,dyn_wikics,10,,0,,False,,dev_256g,dfleiden,,naive,0.6473562717437744,0.0,,,,,experiment|dfleiden-naive|dfleiden|naive|None|None|None|None|None|None|None|None|dyn_wikics|False|10,"results/archive/3s_8-9d_b0,999:10,100.json",,1.2918152809143066,0.0,1
,dfleiden-naive,dyn_wikics,100,,0,,False,,dev_256g,dfleiden,,naive,0.6473562717437744,0.0,,,,,experiment|dfleiden-naive|dfleiden|naive|None|None|None|None|None|None|None|None|dyn_wikics|False|100,"results/archive/3s_8-9d_b0,999:10,100.json",,11.824926614761353,0.0,1
,dfleiden-naive,dyn_wikics,999:10,,0,,False,,dev_256g,dfleiden,,naive,0.6473562717437744,0.0,,,,,experiment|dfleiden-naive|dfleiden|naive|None|None|None|None|None|None|None|None|dyn_wikics|False|999:10,"results/archive/3s_8-9d_b0,999:10,100.json",,2.3027658462524414,0.0,1
,dfleiden-naive,dyn_wikics,999:100,,0,,False,,dev_256g,dfleiden,,naive,0.6473562717437744,0.0,,,,,experiment|dfleiden-naive|dfleiden|naive|None|None|None|None|None|None|None|None|dyn_wikics|False|999:100,"results/archive/3s_8-9d_b0,999:10,100.json",,22.763050079345703,0.0,1
,dfleiden-naive,dyn_wiki,10,,0,,False,,dev_256g,dfleiden,,naive,0.7658537030220032,0.0,,,,,experiment|dfleiden-naive|dfleiden|naive|None|None|None|None|None|None|None|None|dyn_wiki|False|10,"results/archive/3s_8-9d_b0,999:10,100.json",,0.0668632984161377,0.0,1
,dfleiden-naive,dyn_wiki,100,,0,,False,,dev_256g,dfleiden,,naive,0.7658537030220032,0.0,,,,,experiment|dfleiden-naive|dfleiden|naive|None|None|None|None|None|None|None|None|dyn_wiki|False|100,"results/archive/3s_8-9d_b0,999:10,100.json",,0.6315135955810547,0.0,1
,dfleiden-naive,dyn_wiki,999:10,,0,,False,,dev_256g,dfleiden,,naive,0.7658537030220032,0.0,,,,,experiment|dfleiden-naive|dfleiden|naive|None|None|None|None|None|None|None|None|dyn_wiki|False|999:10,"results/archive/3s_8-9d_b0,999:10,100.json",,0.09972000122070312,0.0,1
,dfleiden-naive,dyn_wiki,999:100,,0,,False,,dev_256g,dfleiden,,naive,0.7658537030220032,0.0,,,,,experiment|dfleiden-naive|dfleiden|naive|None|None|None|None|None|None|None|None|dyn_wiki|False|999:100,"results/archive/3s_8-9d_b0,999:10,100.json",,0.15597033500671387,0.0,1
,dfleiden-naive,patent,999:10,,0,,True,,cn69,dfleiden,,naive,0.8559761047363281,0.0,0.367728479389218,0.0,,,experiment|dfleiden-naive|dfleiden|naive|None|None|None|None|None|None|None|None|patent|True|999:10,results/paper_icdm/main_topology_20260525_1848.json,,0.2240523099899292,0.0,1
,dfleiden-raw,dyn_blogcatalog,999:10,,0,,False,,dev_256g,dfleiden,,raw,0.3284568786621094,0.0,,,,,experiment|dfleiden-raw|dfleiden|raw|None|None|None|None|None|None|None|None|dyn_blogcatalog|False|999:10,results/archive/5s_5-6d_b999:10.json,,1.8453974723815918,0.0,1
,dfleiden-raw,dyn_coauthorcs,999:10,,0,,False,,dev_256g,dfleiden,,raw,0.6866885423660278,0.0,,,,,experiment|dfleiden-raw|dfleiden|raw|None|None|None|None|None|None|None|None|dyn_coauthorcs|False|999:10,results/archive/5s_5-6d_b999:10.json,,1.1917741298675537,0.0,1
,dfleiden-raw,dyn_coauthorphysics,999:10,,0,,False,,dev_256g,dfleiden,,raw,0.6117974519729614,0.0,,,,,experiment|dfleiden-raw|dfleiden|raw|None|None|None|None|None|None|None|None|dyn_coauthorphysics|False|999:10,results/archive/5s_5-6d_b999:10.json,,4.0123748779296875,0.0,1
,dfleiden-raw,dyn_flickr,999:10,,0,,False,,dev_256g,dfleiden,,raw,0.5009293556213379,0.0,,,,,experiment|dfleiden-raw|dfleiden|raw|None|None|None|None|None|None|None|None|dyn_flickr|False|999:10,results/archive/3s_2d_b999:10.json,,10.357451915740967,0.0,1
,dfleiden-raw,dyn_nell,999:10,,0,,False,,dev_256g,dfleiden,,raw,0.8252412676811218,0.0,,,,,experiment|dfleiden-raw|dfleiden|raw|None|None|None|None|None|None|None|None|dyn_nell|False|999:10,results/archive/3s_2d_b999:10.json,,1.6147515773773193,0.0,1
,dfleiden-raw,dyn_pubmed,999:10,,0,,False,,dev_256g,dfleiden,,raw,0.7302059531211853,0.0,,,,,experiment|dfleiden-raw|dfleiden|raw|None|None|None|None|None|None|None|None|dyn_pubmed|False|999:10,results/archive/5s_5-6d_b999:10.json,,0.5741117000579834,0.0,1
,dfleiden-raw,dyn_wikics,999:10,,0,,False,,dev_256g,dfleiden,,raw,0.6473562717437744,0.0,,,,,experiment|dfleiden-raw|dfleiden|raw|None|None|None|None|None|None|None|None|dyn_wikics|False|999:10,results/archive/5s_5-6d_b999:10.json,,2.3243167400360107,0.0,1
,dfleiden-raw,dyn_wiki,999:10,,0,,False,,dev_256g,dfleiden,,raw,0.7658537030220032,0.0,,,,,experiment|dfleiden-raw|dfleiden|raw|None|None|None|None|None|None|None|None|dyn_wiki|False|999:10,results/archive/5s_5-6d_b999:10.json,,0.09958934783935547,0.0,1
,dmon-L:3-r:1-gpu,dyn_acm,999:10,gpu,0,,False,,cn69,dmon,,smart,0.3806477189064026,0.0,,,1,,experiment|dmon-L:3-r:1-gpu|dmon|smart|None|3|1|None|gpu|None|None|None|dyn_acm|False|999:10,results/archive/12s_5small_999:10.json,3,605.314151763916,0.0,1
,dmon-L:3-r:1-gpu,dyn_bat,999:10,gpu,0,,False,,cn69,dmon,,smart,0.2728530764579773,0.0,,,1,,experiment|dmon-L:3-r:1-gpu|dmon|smart|None|3|1|None|gpu|None|None|None|dyn_bat|False|999:10,results/archive/12s_5small_999:10.json,3,36.11356973648071,0.0,1
,dmon-L:3-r:1-gpu,dyn_blogcatalog,999:10,gpu,0,,False,,dev_256g,dmon,,smart,0.06290609389543533,0.0,,,1,,experiment|dmon-L:3-r:1-gpu|dmon|smart|None|3|1|None|gpu|None|None|None|dyn_blogcatalog|False|999:10,results/archive/55s_dyn_blogcatalog_b999:10.json,3,2322.9114820957184,0.0,1
,dmon-L:3-r:1-gpu,dyn_citeseer,999:10,gpu,0,,False,,cn69,dmon,,smart,0.7925459742546082,0.0,,,1,,experiment|dmon-L:3-r:1-gpu|dmon|smart|None|3|1|None|gpu|None|None|None|dyn_citeseer|False|999:10,results/archive/12s_5small_999:10.json,3,262.7070174217224,0.0,1
,dmon-L:3-r:1-gpu,dyn_cora,999:10,gpu,0,,False,,cn69,dmon,,smart,0.7856642603874207,0.0,,,1,,experiment|dmon-L:3-r:1-gpu|dmon|smart|None|3|1|None|gpu|None|None|None|dyn_cora|False|999:10,results/archive/12s_5small_999:10.json,3,193.95449304580688,0.0,1
,dmon-L:3-r:1-gpu,dyn_wiki,999:10,gpu,0,,False,,dev_256g,dmon,,smart,0.20750519633293152,0.0,,,1,,experiment|dmon-L:3-r:1-gpu|dmon|smart|None|3|1|None|gpu|None|None|None|dyn_wiki|False|999:10,results/archive/5ss_dyn_wiki_b999:10.json,3,854.3495187759399,0.0,1
norm,dmon-i:1-mod:0.0-res:1.0-L:1-r:0-agg:norm-gpu-feat:dataset,dyn_cora,999:10,gpu,0,dataset,False,1,cn69,dmon,0.0,smart,0.8100447058677673,0.0,,,0,1.0,experiment|dmon-i:1-mod:0.0-res:1.0-L:1-r:0-agg:norm-gpu-feat:dataset|dmon|smart|1|1|0|norm|gpu|dataset|0.0|1.0|dyn_cora|False|999:10,results/egorov/mod_little_test_20260521_2313.json,1,8.05855393409729,0.0,1
,dmon-i:1-mod:0.0-res:1.0-naive-feat:dataset,dyn_cora,999:10,,0,dataset,False,1,cn69,dmon,0.0,naive,0.12023326754570007,0.0,,,,1.0,experiment|dmon-i:1-mod:0.0-res:1.0-naive-feat:dataset|dmon|naive|1|None|None|None|None|dataset|0.0|1.0|dyn_cora|False|999:10,results/egorov/mod_little_test_20260521_2313.json,,12.454836964607239,0.0,1
norm,dmon-i:1-mod:0.1-res:1.0-L:1-r:0-agg:norm-gpu-feat:dataset,dyn_cora,999:10,gpu,0,dataset,False,1,cn69,dmon,0.1,smart,0.806863009929657,0.0,,,0,1.0,experiment|dmon-i:1-mod:0.1-res:1.0-L:1-r:0-agg:norm-gpu-feat:dataset|dmon|smart|1|1|0|norm|gpu|dataset|0.1|1.0|dyn_cora|False|999:10,results/egorov/mod_little_test_20260521_2313.json,1,7.546872150152922,0.0,1
,dmon-i:1-mod:0.1-res:1.0-naive-feat:dataset,dyn_cora,999:10,,0,dataset,False,1,cn69,dmon,0.1,naive,0.14727440476417542,0.0,,,,1.0,experiment|dmon-i:1-mod:0.1-res:1.0-naive-feat:dataset|dmon|naive|1|None|None|None|None|dataset|0.1|1.0|dyn_cora|False|999:10,results/egorov/mod_little_test_20260521_2313.json,,9.129399109631777,0.0,1
norm,dmon-i:10-L:1-r:0-agg:norm-gpu-feat:random,arxivmath,999:10,gpu,0,random,False,10,cn69,dmon,,smart,0.6936715245246887,0.0,0.20757926862616366,0.0,0,,experiment|dmon-i:10-L:1-r:0-agg:norm-gpu-feat:random|dmon|smart|10|1|0|norm|gpu|random|None|None|arxivmath|False|999:10,results/drobyshev/experiment_20260515_0109.json,1,10.844568844884634,0.0,1
norm,dmon-i:10-L:1-r:0-agg:norm-gpu-feat:random,dyn_acm,999:10,gpu,0,random,False,10,cn69,dmon,,smart,0.7871708273887634,0.0,0.2608412610283675,0.0,0,,experiment|dmon-i:10-L:1-r:0-agg:norm-gpu-feat:random|dmon|smart|10|1|0|norm|gpu|random|None|None|dyn_acm|False|999:10,results/drobyshev/experiment_20260515_0109.json,1,9.249697878956795,0.0,1
norm,dmon-i:10-L:1-r:0-agg:norm-gpu-feat:random,dyn_citeseer,999:10,gpu,0,random,False,10,cn69,dmon,,smart,0.8761573433876038,0.0,0.33318846352912074,0.0,0,,experiment|dmon-i:10-L:1-r:0-agg:norm-gpu-feat:random|dmon|smart|10|1|0|norm|gpu|random|None|None|dyn_citeseer|False|999:10,results/drobyshev/experiment_20260515_0109.json,1,7.506459180265665,0.0,1
norm,dmon-i:10-L:1-r:0-agg:norm-gpu-feat:random,dyn_cora,999:10,gpu,0,random,False,10,cn69,dmon,,smart,0.8058288097381592,0.0,0.4520007559747411,0.0,0,,experiment|dmon-i:10-L:1-r:0-agg:norm-gpu-feat:random|dmon|smart|10|1|0|norm|gpu|random|None|None|dyn_cora|False|999:10,results/drobyshev/experiment_20260515_0109.json,1,10.027074545621872,0.0,1
norm,dmon-i:10-L:1-r:0-agg:norm-gpu-feat:random,dyn_pubmed,999:10,gpu,0,random,False,10,cn69,dmon,,smart,0.3599785268306732,0.0,0.11568837178339272,0.0,0,,experiment|dmon-i:10-L:1-r:0-agg:norm-gpu-feat:random|dmon|smart|10|1|0|norm|gpu|random|None|None|dyn_pubmed|False|999:10,results/drobyshev/experiment_20260515_0109.json,1,9.330784540623426,0.0,1
norm,dmon-i:10-L:1-r:0-agg:norm-gpu-feat:random,lkml-reply,999:10,gpu,0,random,False,10,cn69,dmon,,smart,0.06177530437707901,0.0,,,0,,experiment|dmon-i:10-L:1-r:0-agg:norm-gpu-feat:random|dmon|smart|10|1|0|norm|gpu|random|None|None|lkml-reply|False|999:10,results/drobyshev/experiment_20260515_0109.json,1,10.313325013965368,0.0,1
norm,dmon-i:10-L:1-r:0-agg:norm-gpu-feat:random,patent,999:10,gpu,0,random,False,10,cn69,dmon,,smart,0.8335234522819519,0.0,0.36079481103656436,0.0,0,,experiment|dmon-i:10-L:1-r:0-agg:norm-gpu-feat:random|dmon|smart|10|1|0|norm|gpu|random|None|None|patent|False|999:10,results/drobyshev/experiment_20260515_0109.json,1,9.107455786317587,0.0,1
norm,dmon-i:10-L:1-r:1-agg:norm-gpu-feat:random,arxivmath,999:10,gpu,0,random,False,10,cn69,dmon,,smart,0.6677373051643372,0.0,0.2921564571991741,0.0,1,,experiment|dmon-i:10-L:1-r:1-agg:norm-gpu-feat:random|dmon|smart|10|1|1|norm|gpu|random|None|None|arxivmath|False|999:10,results/drobyshev/experiment_20260515_0109.json,1,18.7525365203619,0.0,1
norm,dmon-i:10-L:1-r:1-agg:norm-gpu-feat:random,dyn_acm,999:10,gpu,0,random,False,10,cn69,dmon,,smart,0.6019851565361023,0.0,0.22020248906902337,0.0,1,,experiment|dmon-i:10-L:1-r:1-agg:norm-gpu-feat:random|dmon|smart|10|1|1|norm|gpu|random|None|None|dyn_acm|False|999:10,results/drobyshev/experiment_20260515_0109.json,1,10.18606137111783,0.0,1
norm,dmon-i:10-L:1-r:1-agg:norm-gpu-feat:random,dyn_citeseer,999:10,gpu,0,random,False,10,cn69,dmon,,smart,0.7754347920417786,0.0,0.32267851840590817,0.0,1,,experiment|dmon-i:10-L:1-r:1-agg:norm-gpu-feat:random|dmon|smart|10|1|1|norm|gpu|random|None|None|dyn_citeseer|False|999:10,results/drobyshev/experiment_20260515_0109.json,1,7.523823719471693,0.0,1
norm,dmon-i:10-L:1-r:1-agg:norm-gpu-feat:random,dyn_cora,999:10,gpu,0,random,False,10,cn69,dmon,,smart,0.687562108039856,0.0,0.39565228345817816,0.0,1,,experiment|dmon-i:10-L:1-r:1-agg:norm-gpu-feat:random|dmon|smart|10|1|1|norm|gpu|random|None|None|dyn_cora|False|999:10,results/drobyshev/experiment_20260515_0109.json,1,9.554400522261858,0.0,1
norm,dmon-i:10-L:1-r:1-agg:norm-gpu-feat:random,dyn_pubmed,999:10,gpu,0,random,False,10,cn69,dmon,,smart,0.36911943554878235,0.0,0.11311692382799278,0.0,1,,experiment|dmon-i:10-L:1-r:1-agg:norm-gpu-feat:random|dmon|smart|10|1|1|norm|gpu|random|None|None|dyn_pubmed|False|999:10,results/drobyshev/experiment_20260515_0109.json,1,10.233880329877138,0.0,1
norm,dmon-i:10-L:1-r:1-agg:norm-gpu-feat:random,lkml-reply,999:10,gpu,0,random,False,10,cn69,dmon,,smart,0.07450398057699203,0.0,,,1,,experiment|dmon-i:10-L:1-r:1-agg:norm-gpu-feat:random|dmon|smart|10|1|1|norm|gpu|random|None|None|lkml-reply|False|999:10,results/drobyshev/experiment_20260515_0109.json,1,55.319032430648804,0.0,1
norm,dmon-i:10-L:1-r:1-agg:norm-gpu-feat:random,patent,999:10,gpu,0,random,False,10,cn69,dmon,,smart,0.5470604300498962,0.0,0.3496612532529098,0.0,1,,experiment|dmon-i:10-L:1-r:1-agg:norm-gpu-feat:random|dmon|smart|10|1|1|norm|gpu|random|None|None|patent|False|999:10,results/drobyshev/experiment_20260515_0109.json,1,11.779716026037931,0.0,1
norm,dmon-i:10-L:2-r:0-agg:norm-gpu-feat:random,arxivmath,999:10,gpu,0,random,False,10,cn69,dmon,,smart,0.1316184401512146,0.0,0.16759269784047318,0.0,0,,experiment|dmon-i:10-L:2-r:0-agg:norm-gpu-feat:random|dmon|smart|10|2|0|norm|gpu|random|None|None|arxivmath|False|999:10,results/drobyshev/experiment_20260515_0109.json,2,20.228010322898626,0.0,1
norm,dmon-i:10-L:2-r:0-agg:norm-gpu-feat:random,dyn_acm,999:10,gpu,0,random,False,10,cn69,dmon,,smart,0.7847872972488403,0.0,0.24846064023496175,0.0,0,,experiment|dmon-i:10-L:2-r:0-agg:norm-gpu-feat:random|dmon|smart|10|2|0|norm|gpu|random|None|None|dyn_acm|False|999:10,results/drobyshev/experiment_20260515_0109.json,2,17.72383998706937,0.0,1
norm,dmon-i:10-L:2-r:0-agg:norm-gpu-feat:random,dyn_citeseer,999:10,gpu,0,random,False,10,cn69,dmon,,smart,0.8721423745155334,0.0,0.33404793397604826,0.0,0,,experiment|dmon-i:10-L:2-r:0-agg:norm-gpu-feat:random|dmon|smart|10|2|0|norm|gpu|random|None|None|dyn_citeseer|False|999:10,results/drobyshev/experiment_20260515_0109.json,2,14.063305336982012,0.0,1
norm,dmon-i:10-L:2-r:0-agg:norm-gpu-feat:random,dyn_cora,999:10,gpu,0,random,False,10,cn69,dmon,,smart,0.8046852946281433,0.0,0.456447232873099,0.0,0,,experiment|dmon-i:10-L:2-r:0-agg:norm-gpu-feat:random|dmon|smart|10|2|0|norm|gpu|random|None|None|dyn_cora|False|999:10,results/drobyshev/experiment_20260515_0109.json,2,17.624442730098963,0.0,1
norm,dmon-i:10-L:2-r:0-agg:norm-gpu-feat:random,dyn_pubmed,999:10,gpu,0,random,False,10,cn69,dmon,,smart,0.4101068675518036,0.0,0.10842518513117705,0.0,0,,experiment|dmon-i:10-L:2-r:0-agg:norm-gpu-feat:random|dmon|smart|10|2|0|norm|gpu|random|None|None|dyn_pubmed|False|999:10,results/drobyshev/experiment_20260515_0109.json,2,17.971641656011343,0.0,1
norm,dmon-i:10-L:2-r:0-agg:norm-gpu-feat:random,lkml-reply,999:10,gpu,0,random,False,10,cn69,dmon,,smart,0.048497382551431656,0.0,,,0,,experiment|dmon-i:10-L:2-r:0-agg:norm-gpu-feat:random|dmon|smart|10|2|0|norm|gpu|random|None|None|lkml-reply|False|999:10,results/drobyshev/experiment_20260515_0109.json,2,19.123736917972565,0.0,1
norm,dmon-i:10-L:2-r:0-agg:norm-gpu-feat:random,patent,999:10,gpu,0,random,False,10,cn69,dmon,,smart,0.8345109820365906,0.0,0.36093086205657543,0.0,0,,experiment|dmon-i:10-L:2-r:0-agg:norm-gpu-feat:random|dmon|smart|10|2|0|norm|gpu|random|None|None|patent|False|999:10,results/drobyshev/experiment_20260515_0109.json,2,17.64369348064065,0.0,1
norm,dmon-i:10-L:2-r:1-agg:norm-gpu-feat:random,arxivmath,999:10,gpu,0,random,False,10,cn69,dmon,,smart,0.13656117022037506,0.0,0.16245515730822643,0.0,1,,experiment|dmon-i:10-L:2-r:1-agg:norm-gpu-feat:random|dmon|smart|10|2|1|norm|gpu|random|None|None|arxivmath|False|999:10,results/drobyshev/experiment_20260515_0109.json,2,41.23506535217166,0.0,1
norm,dmon-i:10-L:2-r:1-agg:norm-gpu-feat:random,dyn_acm,999:10,gpu,0,random,False,10,cn69,dmon,,smart,0.5736708641052246,0.0,0.2154727457827633,0.0,1,,experiment|dmon-i:10-L:2-r:1-agg:norm-gpu-feat:random|dmon|smart|10|2|1|norm|gpu|random|None|None|dyn_acm|False|999:10,results/drobyshev/experiment_20260515_0109.json,2,19.900062069296837,0.0,1
norm,dmon-i:10-L:2-r:1-agg:norm-gpu-feat:random,dyn_citeseer,999:10,gpu,0,random,False,10,cn69,dmon,,smart,0.7574776411056519,0.0,0.30633552994921426,0.0,1,,experiment|dmon-i:10-L:2-r:1-agg:norm-gpu-feat:random|dmon|smart|10|2|1|norm|gpu|random|None|None|dyn_citeseer|False|999:10,results/drobyshev/experiment_20260515_0109.json,2,14.904317650943995,0.0,1
norm,dmon-i:10-L:2-r:1-agg:norm-gpu-feat:random,dyn_cora,999:10,gpu,0,random,False,10,cn69,dmon,,smart,0.7310317158699036,0.0,0.4254983778352912,0.0,1,,experiment|dmon-i:10-L:2-r:1-agg:norm-gpu-feat:random|dmon|smart|10|2|1|norm|gpu|random|None|None|dyn_cora|False|999:10,results/drobyshev/experiment_20260515_0109.json,2,18.036269526928663,0.0,1
norm,dmon-i:10-L:2-r:1-agg:norm-gpu-feat:random,dyn_pubmed,999:10,gpu,0,random,False,10,cn69,dmon,,smart,0.14106178283691406,0.0,0.07293372083671919,0.0,1,,experiment|dmon-i:10-L:2-r:1-agg:norm-gpu-feat:random|dmon|smart|10|2|1|norm|gpu|random|None|None|dyn_pubmed|False|999:10,results/drobyshev/experiment_20260515_0109.json,2,21.04539154469967,0.0,1
norm,dmon-i:10-L:2-r:1-agg:norm-gpu-feat:random,lkml-reply,999:10,gpu,0,random,False,10,cn69,dmon,,smart,0.07505246996879578,0.0,,,1,,experiment|dmon-i:10-L:2-r:1-agg:norm-gpu-feat:random|dmon|smart|10|2|1|norm|gpu|random|None|None|lkml-reply|False|999:10,results/drobyshev/experiment_20260515_0109.json,2,109.3617374561727,0.0,1
norm,dmon-i:10-L:2-r:1-agg:norm-gpu-feat:random,patent,999:10,gpu,0,random,False,10,cn69,dmon,,smart,0.5468329787254333,0.0,0.35016913890363144,0.0,1,,experiment|dmon-i:10-L:2-r:1-agg:norm-gpu-feat:random|dmon|smart|10|2|1|norm|gpu|random|None|None|patent|False|999:10,results/drobyshev/experiment_20260515_0109.json,2,21.546269930899143,0.0,1
norm,dmon-i:10-L:3-r:0-agg:norm-gpu-feat:random,arxivmath,999:10,gpu,0,random,False,10,cn69,dmon,,smart,0.16940459609031677,0.0,0.1791139404822987,0.0,0,,experiment|dmon-i:10-L:3-r:0-agg:norm-gpu-feat:random|dmon|smart|10|3|0|norm|gpu|random|None|None|arxivmath|False|999:10,results/drobyshev/experiment_20260515_0109.json,3,29.979958701878786,0.0,1
norm,dmon-i:10-L:3-r:0-agg:norm-gpu-feat:random,dyn_acm,999:10,gpu,0,random,False,10,cn69,dmon,,smart,0.8014687299728394,0.0,0.26521966853188644,0.0,0,,experiment|dmon-i:10-L:3-r:0-agg:norm-gpu-feat:random|dmon|smart|10|3|0|norm|gpu|random|None|None|dyn_acm|False|999:10,results/drobyshev/experiment_20260515_0109.json,3,26.762149091809988,0.0,1
norm,dmon-i:10-L:3-r:0-agg:norm-gpu-feat:random,dyn_citeseer,999:10,gpu,0,random,False,10,cn69,dmon,,smart,0.8728006482124329,0.0,0.33239047556380025,0.0,0,,experiment|dmon-i:10-L:3-r:0-agg:norm-gpu-feat:random|dmon|smart|10|3|0|norm|gpu|random|None|None|dyn_citeseer|False|999:10,results/drobyshev/experiment_20260515_0109.json,3,21.097954124212265,0.0,1
norm,dmon-i:10-L:3-r:0-agg:norm-gpu-feat:random,dyn_cora,999:10,gpu,0,random,False,10,cn69,dmon,,smart,0.8183297514915466,0.0,0.4677661877166743,0.0,0,,experiment|dmon-i:10-L:3-r:0-agg:norm-gpu-feat:random|dmon|smart|10|3|0|norm|gpu|random|None|None|dyn_cora|False|999:10,results/drobyshev/experiment_20260515_0109.json,3,27.238968200981617,0.0,1
norm,dmon-i:10-L:3-r:0-agg:norm-gpu-feat:random,dyn_pubmed,999:10,gpu,0,random,False,10,cn69,dmon,,smart,0.31536540389060974,0.0,0.08720416648670473,0.0,0,,experiment|dmon-i:10-L:3-r:0-agg:norm-gpu-feat:random|dmon|smart|10|3|0|norm|gpu|random|None|None|dyn_pubmed|False|999:10,results/drobyshev/experiment_20260515_0109.json,3,26.874222207814455,0.0,1
norm,dmon-i:10-L:3-r:0-agg:norm-gpu-feat:random,lkml-reply,999:10,gpu,0,random,False,10,cn69,dmon,,smart,0.0516565702855587,0.0,,,0,,experiment|dmon-i:10-L:3-r:0-agg:norm-gpu-feat:random|dmon|smart|10|3|0|norm|gpu|random|None|None|lkml-reply|False|999:10,results/drobyshev/experiment_20260515_0109.json,3,28.260758619755507,0.0,1
norm,dmon-i:10-L:3-r:0-agg:norm-gpu-feat:random,patent,999:10,gpu,0,random,False,10,cn69,dmon,,smart,0.832405149936676,0.0,0.36068906559811464,0.0,0,,experiment|dmon-i:10-L:3-r:0-agg:norm-gpu-feat:random|dmon|smart|10|3|0|norm|gpu|random|None|None|patent|False|999:10,results/drobyshev/experiment_20260515_0109.json,3,26.461267981678247,0.0,1
norm,dmon-i:10-L:3-r:1-agg:norm-gpu-feat:dataset,arxivmath,999:10,gpu,0,dataset,False,10,cn69,dmon,,smart,0.1423533409833908,0.012311389477971724,0.16171795272277018,0.004781636878357147,1,,experiment|dmon-i:10-L:3-r:1-agg:norm-gpu-feat:dataset|dmon|smart|10|3|1|norm|gpu|dataset|None|None|arxivmath|False|999:10,results/drobyshev/smart_20260512_1207.json;results/drobyshev/smart_20260513_1026.json,3,73.42359666712582,10.59257983271774,2
norm,dmon-i:10-L:3-r:1-agg:norm-gpu-feat:dataset,arxivmath,999:10,gpu,0,dataset,True,10,cn69,dmon,,smart,0.13627678155899048,0.0,0.16250979343123173,0.0,1,,experiment|dmon-i:10-L:3-r:1-agg:norm-gpu-feat:dataset|dmon|smart|10|3|1|norm|gpu|dataset|None|None|arxivmath|True|999:10,results/paper_icdm/main_gnn_feature_20260525_1852.json,3,73.60901927947998,0.0,1
norm,dmon-i:10-L:3-r:1-agg:norm-gpu-feat:dataset,dyn_acm,999:10,gpu,0,dataset,False,10,cn69,dmon,,smart,0.3405979871749878,0.07381776518293573,0.188264862888067,0.0018728455580634684,1,,experiment|dmon-i:10-L:3-r:1-agg:norm-gpu-feat:dataset|dmon|smart|10|3|1|norm|gpu|dataset|None|None|dyn_acm|False|999:10,results/drobyshev/smart_20260512_1207.json;results/drobyshev/smart_20260513_1026.json;results/paper_icdm/main_gnn_feature_20260525_1852.json,3,31.06049830466509,0.7085198426362579,3
norm,dmon-i:10-L:3-r:1-agg:norm-gpu-feat:dataset,dyn_citeseer,999:10,gpu,0,dataset,False,10,cn69,dmon,,smart,0.7183870871861776,0.013150952146029753,0.29632564879439327,0.004884102882717314,1,,experiment|dmon-i:10-L:3-r:1-agg:norm-gpu-feat:dataset|dmon|smart|10|3|1|norm|gpu|dataset|None|None|dyn_citeseer|False|999:10,results/drobyshev/smart_20260512_1207.json;results/drobyshev/smart_20260513_1026.json;results/paper_icdm/main_gnn_feature_20260525_1852.json,3,23.869381468743086,0.5060118627728334,3
norm,dmon-i:10-L:3-r:1-agg:norm-gpu-feat:dataset,dyn_cora,999:10,gpu,0,dataset,False,10,cn69,dmon,,smart,0.7695318857828776,0.018595481076137066,0.4512634307467895,0.015092494053429665,1,,experiment|dmon-i:10-L:3-r:1-agg:norm-gpu-feat:dataset|dmon|smart|10|3|1|norm|gpu|dataset|None|None|dyn_cora|False|999:10,results/drobyshev/smart_20260512_1207.json;results/drobyshev/smart_20260513_1026.json;results/paper_icdm/main_gnn_feature_20260525_1852.json,3,29.85225358605385,0.6304157969066735,3
norm,dmon-i:10-L:3-r:1-agg:norm-gpu-feat:dataset,dyn_pubmed,999:10,gpu,0,dataset,False,10,cn69,dmon,,smart,0.05579880252480507,0.002131297640567081,0.021262191689344477,0.0005962514417551043,1,,experiment|dmon-i:10-L:3-r:1-agg:norm-gpu-feat:dataset|dmon|smart|10|3|1|norm|gpu|dataset|None|None|dyn_pubmed|False|999:10,results/drobyshev/smart_20260512_1207.json;results/drobyshev/smart_20260513_1026.json,3,30.141827933490276,0.4890963962672097,2
norm,dmon-i:10-L:3-r:1-agg:norm-gpu-feat:dataset,dyn_pubmed,999:10,gpu,0,dataset,True,10,cn69,dmon,,smart,0.014399649575352669,0.0,0.0165646555906783,0.0,1,,experiment|dmon-i:10-L:3-r:1-agg:norm-gpu-feat:dataset|dmon|smart|10|3|1|norm|gpu|dataset|None|None|dyn_pubmed|True|999:10,results/paper_icdm/main_gnn_feature_20260525_1852.json,3,41.12977531552315,0.0,1
norm,dmon-i:10-L:3-r:1-agg:norm-gpu-feat:dataset,lkml-reply,999:10,gpu,0,dataset,False,10,cn69,dmon,,smart,0.01105380430817604,0.0,,,1,,experiment|dmon-i:10-L:3-r:1-agg:norm-gpu-feat:dataset|dmon|smart|10|3|1|norm|gpu|dataset|None|None|lkml-reply|False|999:10,results/drobyshev/smart_20260512_1207.json;results/drobyshev/smart_20260513_1026.json,3,102.92094593308866,0.04426654259723046,2
norm,dmon-i:10-L:3-r:1-agg:norm-gpu-feat:dataset,patent,999:10,gpu,0,dataset,False,10,cn69,dmon,,smart,0.6569207012653351,9.343956314865207e-05,0.3506853474224981,0.00016045533033134056,1,,experiment|dmon-i:10-L:3-r:1-agg:norm-gpu-feat:dataset|dmon|smart|10|3|1|norm|gpu|dataset|None|None|patent|False|999:10,results/drobyshev/smart_20260512_1207.json;results/drobyshev/smart_20260513_1026.json,3,32.546315249055624,0.9730046840701224,2
norm,dmon-i:10-L:3-r:1-agg:norm-gpu-feat:dataset,patent,999:10,gpu,0,dataset,True,10,cn69,dmon,,smart,0.6346040368080139,0.0,0.35654234459519957,0.0,1,,experiment|dmon-i:10-L:3-r:1-agg:norm-gpu-feat:dataset|dmon|smart|10|3|1|norm|gpu|dataset|None|None|patent|True|999:10,results/paper_icdm/main_gnn_feature_20260525_1852.json,3,35.52259883284569,0.0,1
norm,dmon-i:10-L:3-r:1-agg:norm-gpu-feat:random,arxivmath,999:10,gpu,0,random,False,10,cn69,dmon,,smart,0.1426327476898829,0.018303249611256078,0.1624383647113918,0.006955766660814202,1,,experiment|dmon-i:10-L:3-r:1-agg:norm-gpu-feat:random|dmon|smart|10|3|1|norm|gpu|random|None|None|arxivmath|False|999:10,results/drobyshev/experiment_20260515_0109.json;results/drobyshev/smart_20260512_1207.json;results/drobyshev/smart_20260513_1026.json,3,65.5575535359482,2.2194718218553207,3
norm,dmon-i:10-L:3-r:1-agg:norm-gpu-feat:random,arxivmath,999:10,gpu,0,random,True,10,cn69,dmon,,smart,0.14883493951388768,0.012118622854602063,0.16312882982734644,0.00423024977340854,1,,experiment|dmon-i:10-L:3-r:1-agg:norm-gpu-feat:random|dmon|smart|10|3|1|norm|gpu|random|None|None|arxivmath|True|999:10,results/drobyshev/smart_20260519_0124.json;results/paper_icdm/main_gnn_feature_20260525_1852.json;results/paper_icdm/stability_gnn_seed_1_20260526_0027.json;results/paper_icdm/stability_gnn_seed_2_20260526_0028.json;results/paper_icdm/stability_gnn_seed_3_20260526_0030.json;results/paper_icdm/stability_gnn_seed_4_20260526_0031.json;results/paper_icdm/stability_gnn_seed_5_20260526_0032.json,3,100.45685571804643,25.035268119299978,7
norm,dmon-i:10-L:3-r:1-agg:norm-gpu-feat:random,dyn_acm,999:10,gpu,0,random,False,10,cn69,dmon,,smart,0.603704172372818,0.026626337623713102,0.2224130310463962,0.011909901294753288,1,,experiment|dmon-i:10-L:3-r:1-agg:norm-gpu-feat:random|dmon|smart|10|3|1|norm|gpu|random|None|None|dyn_acm|False|999:10,results/drobyshev/experiment_20260515_0109.json;results/drobyshev/smart_20260512_1207.json;results/drobyshev/smart_20260513_1026.json;results/drobyshev/smart_20260519_0124.json;results/paper_icdm/main_gnn_feature_20260525_1852.json;results/paper_icdm/stability_gnn_seed_1_20260526_0027.json;results/paper_icdm/stability_gnn_seed_2_20260526_0028.json;results/paper_icdm/stability_gnn_seed_3_20260526_0030.json;results/paper_icdm/stability_gnn_seed_4_20260526_0031.json;results/paper_icdm/stability_gnn_seed_5_20260526_0032.json,3,44.34195418432355,14.99085677637394,10
norm,dmon-i:10-L:3-r:1-agg:norm-gpu-feat:random,dyn_citeseer,999:10,gpu,0,random,False,10,cn69,dmon,,smart,0.7684311866760254,0.0081046338748143,0.31419952921623545,0.005185019432619071,1,,experiment|dmon-i:10-L:3-r:1-agg:norm-gpu-feat:random|dmon|smart|10|3|1|norm|gpu|random|None|None|dyn_citeseer|False|999:10,results/drobyshev/experiment_20260515_0109.json;results/drobyshev/smart_20260512_1207.json;results/drobyshev/smart_20260513_1026.json;results/drobyshev/smart_20260519_0124.json;results/paper_icdm/main_gnn_feature_20260525_1852.json;results/paper_icdm/stability_gnn_seed_1_20260526_0027.json;results/paper_icdm/stability_gnn_seed_2_20260526_0028.json;results/paper_icdm/stability_gnn_seed_3_20260526_0030.json;results/paper_icdm/stability_gnn_seed_4_20260526_0031.json;results/paper_icdm/stability_gnn_seed_5_20260526_0032.json,3,36.215449307113886,15.025938526100376,10
norm,dmon-i:10-L:3-r:1-agg:norm-gpu-feat:random,dyn_cora,999:10,gpu,0,random,False,10,cn69,dmon,,smart,0.7851470947265625,0.005015556176499594,0.4566276323547119,0.009080463823595784,1,,experiment|dmon-i:10-L:3-r:1-agg:norm-gpu-feat:random|dmon|smart|10|3|1|norm|gpu|random|None|None|dyn_cora|False|999:10,results/drobyshev/experiment_20260515_0109.json;results/drobyshev/smart_20260512_1207.json;results/drobyshev/smart_20260513_1026.json;results/drobyshev/smart_20260519_0124.json;results/paper_icdm/main_gnn_feature_20260525_1852.json;results/paper_icdm/stability_gnn_seed_1_20260526_0027.json;results/paper_icdm/stability_gnn_seed_2_20260526_0028.json;results/paper_icdm/stability_gnn_seed_3_20260526_0030.json;results/paper_icdm/stability_gnn_seed_4_20260526_0031.json;results/paper_icdm/stability_gnn_seed_5_20260526_0032.json,3,43.03820418193936,16.034175586015408,10
norm,dmon-i:10-L:3-r:1-agg:norm-gpu-feat:random,dyn_pubmed,999:10,gpu,0,random,False,10,cn69,dmon,,smart,0.14524936427672705,0.02369792398307027,0.05692016156201769,0.007109066863919299,1,,experiment|dmon-i:10-L:3-r:1-agg:norm-gpu-feat:random|dmon|smart|10|3|1|norm|gpu|random|None|None|dyn_pubmed|False|999:10,results/drobyshev/experiment_20260515_0109.json;results/drobyshev/smart_20260512_1207.json;results/drobyshev/smart_20260513_1026.json,3,31.70661226163308,0.32728185043450986,3
norm,dmon-i:10-L:3-r:1-agg:norm-gpu-feat:random,dyn_pubmed,999:10,gpu,0,random,True,10,cn69,dmon,,smart,0.1391230108482497,0.023513678068431288,0.05472863905882996,0.005955386055215717,1,,experiment|dmon-i:10-L:3-r:1-agg:norm-gpu-feat:random|dmon|smart|10|3|1|norm|gpu|random|None|None|dyn_pubmed|True|999:10,results/drobyshev/smart_20260519_0124.json;results/paper_icdm/main_gnn_feature_20260525_1852.json;results/paper_icdm/stability_gnn_seed_1_20260526_0027.json;results/paper_icdm/stability_gnn_seed_2_20260526_0028.json;results/paper_icdm/stability_gnn_seed_3_20260526_0030.json;results/paper_icdm/stability_gnn_seed_4_20260526_0031.json;results/paper_icdm/stability_gnn_seed_5_20260526_0032.json,3,59.12535709461996,15.668426487578676,7
norm,dmon-i:10-L:3-r:1-agg:norm-gpu-feat:random,lkml-reply,999:10,gpu,0,random,False,10,cn69,dmon,,smart,0.07571692019701004,0.0006823803761331811,,,1,,experiment|dmon-i:10-L:3-r:1-agg:norm-gpu-feat:random|dmon|smart|10|3|1|norm|gpu|random|None|None|lkml-reply|False|999:10,results/drobyshev/experiment_20260515_0109.json;results/drobyshev/smart_20260512_1207.json;results/drobyshev/smart_20260513_1026.json,3,181.49647770822048,27.859745837563043,3
norm,dmon-i:10-L:3-r:1-agg:norm-gpu-feat:random,patent,999:10,gpu,0,random,False,10,cn69,dmon,,smart,0.6106958190600077,0.05540666450670542,0.35047683496625787,8.718944073361278e-05,1,,experiment|dmon-i:10-L:3-r:1-agg:norm-gpu-feat:random|dmon|smart|10|3|1|norm|gpu|random|None|None|patent|False|999:10,results/drobyshev/experiment_20260515_0109.json;results/drobyshev/smart_20260512_1207.json;results/drobyshev/smart_20260513_1026.json,3,33.4473366253078,0.3655621480659369,3
norm,dmon-i:10-L:3-r:1-agg:norm-gpu-feat:random,patent,999:10,gpu,0,random,True,10,cn69,dmon,,smart,0.574330849306924,0.04971485287678156,0.35531170945057444,0.00022473437850860486,1,,experiment|dmon-i:10-L:3-r:1-agg:norm-gpu-feat:random|dmon|smart|10|3|1|norm|gpu|random|None|None|patent|True|999:10,results/drobyshev/smart_20260519_0124.json;results/paper_icdm/main_gnn_feature_20260525_1852.json;results/paper_icdm/stability_gnn_seed_1_20260526_0027.json;results/paper_icdm/stability_gnn_seed_2_20260526_0028.json;results/paper_icdm/stability_gnn_seed_3_20260526_0030.json;results/paper_icdm/stability_gnn_seed_4_20260526_0031.json;results/paper_icdm/stability_gnn_seed_5_20260526_0032.json,3,62.44723728352359,19.613918071307683,7
norm,dmon-i:10-L:4-r:0-agg:norm-gpu-feat:random,arxivmath,999:10,gpu,0,random,False,10,cn69,dmon,,smart,0.18329092860221863,0.0,0.17599786674249882,0.0,0,,experiment|dmon-i:10-L:4-r:0-agg:norm-gpu-feat:random|dmon|smart|10|4|0|norm|gpu|random|None|None|arxivmath|False|999:10,results/drobyshev/experiment_20260515_0109.json,4,39.50313937664032,0.0,1
norm,dmon-i:10-L:4-r:0-agg:norm-gpu-feat:random,dyn_acm,999:10,gpu,0,random,False,10,cn69,dmon,,smart,0.7913790941238403,0.0,0.2567182764281064,0.0,0,,experiment|dmon-i:10-L:4-r:0-agg:norm-gpu-feat:random|dmon|smart|10|4|0|norm|gpu|random|None|None|dyn_acm|False|999:10,results/drobyshev/experiment_20260515_0109.json,4,35.34327759593725,0.0,1
norm,dmon-i:10-L:4-r:0-agg:norm-gpu-feat:random,dyn_citeseer,999:10,gpu,0,random,False,10,cn69,dmon,,smart,0.8723686933517456,0.0,0.33398069197572694,0.0,0,,experiment|dmon-i:10-L:4-r:0-agg:norm-gpu-feat:random|dmon|smart|10|4|0|norm|gpu|random|None|None|dyn_citeseer|False|999:10,results/drobyshev/experiment_20260515_0109.json,4,29.122930344194174,0.0,1
norm,dmon-i:10-L:4-r:0-agg:norm-gpu-feat:random,dyn_cora,999:10,gpu,0,random,False,10,cn69,dmon,,smart,0.8107749223709106,0.0,0.4506541526731656,0.0,0,,experiment|dmon-i:10-L:4-r:0-agg:norm-gpu-feat:random|dmon|smart|10|4|0|norm|gpu|random|None|None|dyn_cora|False|999:10,results/drobyshev/experiment_20260515_0109.json,4,35.19007698819041,0.0,1
norm,dmon-i:10-L:4-r:0-agg:norm-gpu-feat:random,dyn_pubmed,999:10,gpu,0,random,False,10,cn69,dmon,,smart,0.3698318302631378,0.0,0.10847328561305619,0.0,0,,experiment|dmon-i:10-L:4-r:0-agg:norm-gpu-feat:random|dmon|smart|10|4|0|norm|gpu|random|None|None|dyn_pubmed|False|999:10,results/drobyshev/experiment_20260515_0109.json,4,35.59114767611027,0.0,1
norm,dmon-i:10-L:4-r:0-agg:norm-gpu-feat:random,lkml-reply,999:10,gpu,0,random,False,10,cn69,dmon,,smart,0.047393474727869034,0.0,,,0,,experiment|dmon-i:10-L:4-r:0-agg:norm-gpu-feat:random|dmon|smart|10|4|0|norm|gpu|random|None|None|lkml-reply|False|999:10,results/drobyshev/experiment_20260515_0109.json,4,37.77444849908352,0.0,1
norm,dmon-i:10-L:4-r:0-agg:norm-gpu-feat:random,patent,999:10,gpu,0,random,False,10,cn69,dmon,,smart,0.8319929242134094,0.0,0.36074054407329836,0.0,0,,experiment|dmon-i:10-L:4-r:0-agg:norm-gpu-feat:random|dmon|smart|10|4|0|norm|gpu|random|None|None|patent|False|999:10,results/drobyshev/experiment_20260515_0109.json,4,35.569809060543776,0.0,1
norm,dmon-i:10-L:4-r:1-agg:norm-gpu-feat:random,arxivmath,999:10,gpu,0,random,False,10,cn69,dmon,,smart,0.1486145257949829,0.0,0.1638757836580592,0.0,1,,experiment|dmon-i:10-L:4-r:1-agg:norm-gpu-feat:random|dmon|smart|10|4|1|norm|gpu|random|None|None|arxivmath|False|999:10,results/drobyshev/experiment_20260515_0109.json,4,85.99958691000938,0.0,1
norm,dmon-i:10-L:4-r:1-agg:norm-gpu-feat:random,dyn_acm,999:10,gpu,0,random,False,10,cn69,dmon,,smart,0.5541926622390747,0.0,0.20288751747955294,0.0,1,,experiment|dmon-i:10-L:4-r:1-agg:norm-gpu-feat:random|dmon|smart|10|4|1|norm|gpu|random|None|None|dyn_acm|False|999:10,results/drobyshev/experiment_20260515_0109.json,4,38.84636525064707,0.0,1
norm,dmon-i:10-L:4-r:1-agg:norm-gpu-feat:random,dyn_citeseer,999:10,gpu,0,random,False,10,cn69,dmon,,smart,0.7686845064163208,0.0,0.31941044268320806,0.0,1,,experiment|dmon-i:10-L:4-r:1-agg:norm-gpu-feat:random|dmon|smart|10|4|1|norm|gpu|random|None|None|dyn_citeseer|False|999:10,results/drobyshev/experiment_20260515_0109.json,4,29.277342457324266,0.0,1
norm,dmon-i:10-L:4-r:1-agg:norm-gpu-feat:random,dyn_cora,999:10,gpu,0,random,False,10,cn69,dmon,,smart,0.7845744490623474,0.0,0.45320212964995693,0.0,1,,experiment|dmon-i:10-L:4-r:1-agg:norm-gpu-feat:random|dmon|smart|10|4|1|norm|gpu|random|None|None|dyn_cora|False|999:10,results/drobyshev/experiment_20260515_0109.json,4,36.84794554114342,0.0,1
norm,dmon-i:10-L:4-r:1-agg:norm-gpu-feat:random,dyn_pubmed,999:10,gpu,0,random,False,10,cn69,dmon,,smart,0.10747557133436203,0.0,0.05982114428585327,0.0,1,,experiment|dmon-i:10-L:4-r:1-agg:norm-gpu-feat:random|dmon|smart|10|4|1|norm|gpu|random|None|None|dyn_pubmed|False|999:10,results/drobyshev/experiment_20260515_0109.json,4,40.32271709665656,0.0,1
norm,dmon-i:10-L:4-r:1-agg:norm-gpu-feat:random,lkml-reply,999:10,gpu,0,random,False,10,cn69,dmon,,smart,0.07512889057397842,0.0,,,1,,experiment|dmon-i:10-L:4-r:1-agg:norm-gpu-feat:random|dmon|smart|10|4|1|norm|gpu|random|None|None|lkml-reply|False|999:10,results/drobyshev/experiment_20260515_0109.json,4,218.3704847022891,0.0,1
norm,dmon-i:10-L:4-r:1-agg:norm-gpu-feat:random,patent,999:10,gpu,0,random,False,10,cn69,dmon,,smart,0.6473652124404907,0.0,0.3501903537354305,0.0,1,,experiment|dmon-i:10-L:4-r:1-agg:norm-gpu-feat:random|dmon|smart|10|4|1|norm|gpu|random|None|None|patent|False|999:10,results/drobyshev/experiment_20260515_0109.json,4,42.598009634763,0.0,1
norm,dmon-i:10-mod:0.0-res:1.0-L:3-r:1-agg:norm-gpu-feat:dataset,dyn_cora,999:10,gpu,0,dataset,False,10,cn69,dmon,0.0,smart,0.766007661819458,0.0,,,1,1.0,experiment|dmon-i:10-mod:0.0-res:1.0-L:3-r:1-agg:norm-gpu-feat:dataset|dmon|smart|10|3|1|norm|gpu|dataset|0.0|1.0|dyn_cora|False|999:10,results/egorov/mod_little_test_20260522_1208.json,3,28.523818776011467,0.0,1
norm,dmon-i:10-mod:0.0-res:1.0-L:3-r:1-agg:norm-gpu-feat:random,dyn_acm,999:10,gpu,0,random,False,10,cn69,dmon,0.0,smart,0.5949249863624573,0.0,,,1,1.0,experiment|dmon-i:10-mod:0.0-res:1.0-L:3-r:1-agg:norm-gpu-feat:random|dmon|smart|10|3|1|norm|gpu|random|0.0|1.0|dyn_acm|False|999:10,results/egorov/mod_little_test_20260522_2054.json,3,33.85353921353817,0.0,1
norm,dmon-i:10-mod:0.0-res:1.0-L:3-r:1-agg:norm-gpu-feat:random,dyn_citeseer,999:10,gpu,0,random,False,10,cn69,dmon,0.0,smart,0.773269534111023,0.0,,,1,1.0,experiment|dmon-i:10-mod:0.0-res:1.0-L:3-r:1-agg:norm-gpu-feat:random|dmon|smart|10|3|1|norm|gpu|random|0.0|1.0|dyn_citeseer|False|999:10,results/egorov/mod_little_test_20260522_2054.json,3,23.641617089509964,0.0,1
norm,dmon-i:10-mod:0.0-res:1.0-L:3-r:1-agg:norm-gpu-feat:random,dyn_cora,999:10,gpu,0,random,False,10,cn69,dmon,0.0,smart,0.7823716402053833,0.0,,,1,1.0,experiment|dmon-i:10-mod:0.0-res:1.0-L:3-r:1-agg:norm-gpu-feat:random|dmon|smart|10|3|1|norm|gpu|random|0.0|1.0|dyn_cora|False|999:10,results/egorov/mod_little_test_20260522_1413.json,3,30.822975300252438,0.0,1
,dmon-i:10-mod:0.0-res:1.0-naive-feat:dataset,dyn_cora,999:10,,0,dataset,False,10,cn69,dmon,0.0,naive,0.06952589005231857,0.0,,,,1.0,experiment|dmon-i:10-mod:0.0-res:1.0-naive-feat:dataset|dmon|naive|10|None|None|None|None|dataset|0.0|1.0|dyn_cora|False|999:10,results/egorov/mod_little_test_20260522_1208.json,,18.701228953897953,0.0,1
norm,dmon-i:10-mod:0.1-res:1.0-L:3-r:1-agg:norm-gpu-feat:dataset,dyn_cora,999:10,gpu,0,dataset,False,10,cn69,dmon,0.1,smart,0.7744497060775757,0.0,,,1,1.0,experiment|dmon-i:10-mod:0.1-res:1.0-L:3-r:1-agg:norm-gpu-feat:dataset|dmon|smart|10|3|1|norm|gpu|dataset|0.1|1.0|dyn_cora|False|999:10,results/egorov/mod_little_test_20260522_1208.json,3,27.40270683541894,0.0,1
norm,dmon-i:10-mod:0.1-res:1.0-L:3-r:1-agg:norm-gpu-feat:random,dyn_acm,999:10,gpu,0,random,False,10,cn69,dmon,0.1,smart,0.6272532939910889,0.0,,,1,1.0,experiment|dmon-i:10-mod:0.1-res:1.0-L:3-r:1-agg:norm-gpu-feat:random|dmon|smart|10|3|1|norm|gpu|random|0.1|1.0|dyn_acm|False|999:10,results/egorov/mod_little_test_20260522_2054.json,3,29.98926528915763,0.0,1
norm,dmon-i:10-mod:0.1-res:1.0-L:3-r:1-agg:norm-gpu-feat:random,dyn_citeseer,999:10,gpu,0,random,False,10,cn69,dmon,0.1,smart,0.7601352334022522,0.0,,,1,1.0,experiment|dmon-i:10-mod:0.1-res:1.0-L:3-r:1-agg:norm-gpu-feat:random|dmon|smart|10|3|1|norm|gpu|random|0.1|1.0|dyn_citeseer|False|999:10,results/egorov/mod_little_test_20260522_2054.json,3,22.53523252531886,0.0,1
norm,dmon-i:10-mod:0.1-res:1.0-L:3-r:1-agg:norm-gpu-feat:random,dyn_cora,999:10,gpu,0,random,False,10,cn69,dmon,0.1,smart,0.7863959074020386,0.0,,,1,1.0,experiment|dmon-i:10-mod:0.1-res:1.0-L:3-r:1-agg:norm-gpu-feat:random|dmon|smart|10|3|1|norm|gpu|random|0.1|1.0|dyn_cora|False|999:10,results/egorov/mod_little_test_20260522_1413.json,3,27.36880838125944,0.0,1
,dmon-i:10-mod:0.1-res:1.0-naive-feat:dataset,dyn_cora,999:10,,0,dataset,False,10,cn69,dmon,0.1,naive,0.06836292147636414,0.0,,,,1.0,experiment|dmon-i:10-mod:0.1-res:1.0-naive-feat:dataset|dmon|naive|10|None|None|None|None|dataset|0.1|1.0|dyn_cora|False|999:10,results/egorov/mod_little_test_20260522_1208.json,,15.60952664539218,0.0,1
norm,dmon-i:10-mod:0.2-res:1.0-L:3-r:1-agg:norm-gpu-feat:dataset,dyn_cora,999:10,gpu,0,dataset,False,10,cn69,dmon,0.2,smart,0.7668654322624207,0.0,,,1,1.0,experiment|dmon-i:10-mod:0.2-res:1.0-L:3-r:1-agg:norm-gpu-feat:dataset|dmon|smart|10|3|1|norm|gpu|dataset|0.2|1.0|dyn_cora|False|999:10,results/egorov/mod_little_test_20260522_1208.json,3,27.476512875407934,0.0,1
norm,dmon-i:10-mod:0.2-res:1.0-L:3-r:1-agg:norm-gpu-feat:random,dyn_acm,999:10,gpu,0,random,False,10,cn69,dmon,0.2,smart,0.511886715888977,0.0,,,1,1.0,experiment|dmon-i:10-mod:0.2-res:1.0-L:3-r:1-agg:norm-gpu-feat:random|dmon|smart|10|3|1|norm|gpu|random|0.2|1.0|dyn_acm|False|999:10,results/egorov/mod_little_test_20260522_1733.json,3,33.46801959723234,0.0,1
norm,dmon-i:10-mod:0.2-res:1.0-L:3-r:1-agg:norm-gpu-feat:random,dyn_citeseer,999:10,gpu,0,random,False,10,cn69,dmon,0.2,smart,0.7742360830307007,0.0,,,1,1.0,experiment|dmon-i:10-mod:0.2-res:1.0-L:3-r:1-agg:norm-gpu-feat:random|dmon|smart|10|3|1|norm|gpu|random|0.2|1.0|dyn_citeseer|False|999:10,results/egorov/mod_little_test_20260522_1733.json,3,23.66376654803753,0.0,1
norm,dmon-i:10-mod:0.2-res:1.0-L:3-r:1-agg:norm-gpu-feat:random,dyn_cora,999:10,gpu,0,random,False,10,cn69,dmon,0.2,smart,0.780475378036499,0.0,,,1,1.0,experiment|dmon-i:10-mod:0.2-res:1.0-L:3-r:1-agg:norm-gpu-feat:random|dmon|smart|10|3|1|norm|gpu|random|0.2|1.0|dyn_cora|False|999:10,results/egorov/mod_little_test_20260522_1413.json,3,27.460666198283434,0.0,1
,dmon-i:10-mod:0.2-res:1.0-naive-feat:dataset,dyn_cora,999:10,,0,dataset,False,10,cn69,dmon,0.2,naive,0.0582328699529171,0.0,,,,1.0,experiment|dmon-i:10-mod:0.2-res:1.0-naive-feat:dataset|dmon|naive|10|None|None|None|None|dataset|0.2|1.0|dyn_cora|False|999:10,results/egorov/mod_little_test_20260522_1208.json,,15.97303257137537,0.0,1
norm,dmon-i:10-mod:0.5-res:1.0-L:3-r:1-agg:norm-gpu-feat:random,dyn_acm,999:10,gpu,0,random,False,10,cn69,dmon,0.5,smart,0.6113826632499695,0.0,,,1,1.0,experiment|dmon-i:10-mod:0.5-res:1.0-L:3-r:1-agg:norm-gpu-feat:random|dmon|smart|10|3|1|norm|gpu|random|0.5|1.0|dyn_acm|False|999:10,results/egorov/mod_little_test_20260522_1733.json,3,29.983769930899143,0.0,1
norm,dmon-i:10-mod:0.5-res:1.0-L:3-r:1-agg:norm-gpu-feat:random,dyn_citeseer,999:10,gpu,0,random,False,10,cn69,dmon,0.5,smart,0.7567352056503296,0.0,,,1,1.0,experiment|dmon-i:10-mod:0.5-res:1.0-L:3-r:1-agg:norm-gpu-feat:random|dmon|smart|10|3|1|norm|gpu|random|0.5|1.0|dyn_citeseer|False|999:10,results/egorov/mod_little_test_20260522_1733.json,3,22.71662987396121,0.0,1
norm,dmon-i:10-mod:1.0-res:1.0-L:3-r:1-agg:norm-gpu-feat:random,dyn_acm,999:10,gpu,0,random,False,10,cn69,dmon,1.0,smart,0.600211501121521,0.0,,,1,1.0,experiment|dmon-i:10-mod:1.0-res:1.0-L:3-r:1-agg:norm-gpu-feat:random|dmon|smart|10|3|1|norm|gpu|random|1.0|1.0|dyn_acm|False|999:10,results/egorov/mod_little_test_20260522_1733.json,3,29.32490160688758,0.0,1
norm,dmon-i:10-mod:1.0-res:1.0-L:3-r:1-agg:norm-gpu-feat:random,dyn_citeseer,999:10,gpu,0,random,False,10,cn69,dmon,1.0,smart,0.7789738178253174,0.0,,,1,1.0,experiment|dmon-i:10-mod:1.0-res:1.0-L:3-r:1-agg:norm-gpu-feat:random|dmon|smart|10|3|1|norm|gpu|random|1.0|1.0|dyn_citeseer|False|999:10,results/egorov/mod_little_test_20260522_1733.json,3,22.311169557273388,0.0,1
,dmon-i:10-naive-feat:dataset,dyn_acm,999:10,,0,dataset,False,10,cn69,dmon,,naive,0.11262788126866023,0.015825261394505866,0.16080482324302672,0.006138118415749271,,,experiment|dmon-i:10-naive-feat:dataset|dmon|naive|10|None|None|None|None|dataset|None|None|dyn_acm|False|999:10,results/drobyshev/naive_20260512_1206.json;results/drobyshev/naive_20260519_0254.json;results/paper_icdm/main_gnn_feature_20260525_1852.json,,18.21946097537875,0.7934660143661117,3
,dmon-i:10-naive-feat:dataset,dyn_citeseer,999:10,,0,dataset,False,10,cn69,dmon,,naive,0.09296273936827977,0.016797661649655835,0.22892713284611715,0.007965983004433574,,,experiment|dmon-i:10-naive-feat:dataset|dmon|naive|10|None|None|None|None|dataset|None|None|dyn_citeseer|False|999:10,results/drobyshev/naive_20260512_1206.json;results/drobyshev/naive_20260519_0254.json;results/paper_icdm/main_gnn_feature_20260525_1852.json,,15.135307427495718,0.38428541223339735,3
,dmon-i:10-naive-feat:dataset,dyn_cora,999:10,,0,dataset,False,10,cn69,dmon,,naive,0.059417794148127236,0.009358340572859399,0.2556113826175999,0.007732703802761987,,,experiment|dmon-i:10-naive-feat:dataset|dmon|naive|10|None|None|None|None|dataset|None|None|dyn_cora|False|999:10,results/drobyshev/naive_20260512_1206.json;results/drobyshev/naive_20260519_0254.json;results/paper_icdm/main_gnn_feature_20260525_1852.json,,17.42391872157653,0.6792501054134363,3
,dmon-i:10-naive-feat:dataset,dyn_pubmed,999:10,,0,dataset,False,10,cn69,dmon,,naive,0.04667169600725174,0.0,0.030353481930076223,0.0,,,experiment|dmon-i:10-naive-feat:dataset|dmon|naive|10|None|None|None|None|dataset|None|None|dyn_pubmed|False|999:10,results/drobyshev/naive_20260512_1206.json,,299.9104561395943,0.0,1
,dmon-i:10-naive-feat:dataset,dyn_pubmed,999:10,,0,dataset,True,10,cn69,dmon,,naive,0.07128151011420414,0.09910264198256587,0.018652510287228762,0.022629869824230573,,,experiment|dmon-i:10-naive-feat:dataset|dmon|naive|10|None|None|None|None|dataset|None|None|dyn_pubmed|True|999:10,results/drobyshev/naive_20260519_0254.json;results/paper_icdm/main_gnn_feature_20260525_1852.json,,300.5316004231572,9.230780141202176,2
,dmon-i:10-naive-feat:dataset,patent,999:10,,0,dataset,False,10,cn69,dmon,,naive,0.016559375450015068,0.0,0.19117702627441888,0.0,,,experiment|dmon-i:10-naive-feat:dataset|dmon|naive|10|None|None|None|None|dataset|None|None|patent|False|999:10,results/drobyshev/naive_20260512_1206.json,,99.54831998795271,0.0,1
,dmon-i:10-naive-feat:dataset,patent,999:10,,0,dataset,True,10,cn69,dmon,,naive,-0.03252939600497484,0.012733288651188885,0.1618625773951339,0.0011195791379690907,,,experiment|dmon-i:10-naive-feat:dataset|dmon|naive|10|None|None|None|None|dataset|None|None|patent|True|999:10,results/drobyshev/naive_20260519_0254.json;results/paper_icdm/main_gnn_feature_20260525_1852.json,,102.53907524980605,0.9630749260736262,2
,dmon-i:10-naive-feat:random,dyn_acm,999:10,,0,random,False,10,cn69,dmon,,naive,0.05915701016783714,0.0,0.13890398428435244,0.0,,,experiment|dmon-i:10-naive-feat:random|dmon|naive|10|None|None|None|None|random|None|None|dyn_acm|False|999:10,results/paper_icdm/main_gnn_feature_20260525_1852.json,,19.667835891246796,0.0,1
,dmon-i:10-naive-feat:random,dyn_citeseer,999:10,,0,random,False,10,cn69,dmon,,naive,0.03158340975642204,0.0,0.2134163037174533,0.0,,,experiment|dmon-i:10-naive-feat:random|dmon|naive|10|None|None|None|None|random|None|None|dyn_citeseer|False|999:10,results/paper_icdm/main_gnn_feature_20260525_1852.json,,15.50155621767044,0.0,1
,dmon-i:10-naive-feat:random,dyn_cora,999:10,,0,random,False,10,cn69,dmon,,naive,0.020414981991052628,0.0,0.2365050706464288,0.0,,,experiment|dmon-i:10-naive-feat:random|dmon|naive|10|None|None|None|None|random|None|None|dyn_cora|False|999:10,results/paper_icdm/main_gnn_feature_20260525_1852.json,,19.024465322494507,0.0,1
,dmon-i:10-naive-feat:random,dyn_pubmed,999:10,,0,random,True,10,cn69,dmon,,naive,0.006769663654267788,0.0,0.07580056962378126,0.0,,,experiment|dmon-i:10-naive-feat:random|dmon|naive|10|None|None|None|None|random|None|None|dyn_pubmed|True|999:10,results/paper_icdm/main_gnn_feature_20260525_1852.json,,386.5359894409776,0.0,1
,dmon-i:10-naive-feat:random,patent,999:10,,0,random,True,10,cn69,dmon,,naive,-0.004637903068214655,0.0,0.14639001770715016,0.0,,,experiment|dmon-i:10-naive-feat:random|dmon|naive|10|None|None|None|None|random|None|None|patent|True|999:10,results/paper_icdm/main_gnn_feature_20260525_1852.json,,117.49933995306492,0.0,1
norm,dmon-i:3-mod:0.0-res:1.0-L:1-r:0-agg:norm-gpu-feat:dataset,dyn_cora,999:10,gpu,0,dataset,False,3,cn69,dmon,0.0,smart,0.8158931732177734,0.0,,,0,1.0,experiment|dmon-i:3-mod:0.0-res:1.0-L:1-r:0-agg:norm-gpu-feat:dataset|dmon|smart|3|1|0|norm|gpu|dataset|0.0|1.0|dyn_cora|False|999:10,results/egorov/mod_little_test_20260521_2313.json,1,7.867070335894823,0.0,1
,dmon-i:3-mod:0.0-res:1.0-naive-feat:dataset,dyn_cora,999:10,,0,dataset,False,3,cn69,dmon,0.0,naive,0.11152249574661255,0.0,,,,1.0,experiment|dmon-i:3-mod:0.0-res:1.0-naive-feat:dataset|dmon|naive|3|None|None|None|None|dataset|0.0|1.0|dyn_cora|False|999:10,results/egorov/mod_little_test_20260521_2313.json,,10.321109347045422,0.0,1
norm,dmon-i:3-mod:0.1-res:1.0-L:1-r:0-agg:norm-gpu-feat:dataset,dyn_cora,999:10,gpu,0,dataset,False,3,cn69,dmon,0.1,smart,0.8053750395774841,0.0,,,0,1.0,experiment|dmon-i:3-mod:0.1-res:1.0-L:1-r:0-agg:norm-gpu-feat:dataset|dmon|smart|3|1|0|norm|gpu|dataset|0.1|1.0|dyn_cora|False|999:10,results/egorov/mod_little_test_20260521_2313.json,1,7.908858168870211,0.0,1
,dmon-i:3-mod:0.1-res:1.0-naive-feat:dataset,dyn_cora,999:10,,0,dataset,False,3,cn69,dmon,0.1,naive,0.13045455515384674,0.0,,,,1.0,experiment|dmon-i:3-mod:0.1-res:1.0-naive-feat:dataset|dmon|naive|3|None|None|None|None|dataset|0.1|1.0|dyn_cora|False|999:10,results/egorov/mod_little_test_20260521_2313.json,,10.333432015031576,0.0,1
,dmon-naive,dyn_acm,999:10,,0,,False,,cn69,dmon,,naive,0.7334915995597839,0.0,,,,,experiment|dmon-naive|dmon|naive|None|None|None|None|None|None|None|None|dyn_acm|False|999:10,results/archive/12s_5small_999:10.json,,256.69977831840515,0.0,1
,dmon-naive,dyn_bat,999:10,,0,,False,,cn69,dmon,,naive,0.14141732454299927,0.0,,,,,experiment|dmon-naive|dmon|naive|None|None|None|None|None|None|None|None|dyn_bat|False|999:10,results/archive/12s_5small_999:10.json,,44.63620448112488,0.0,1
,dmon-naive,dyn_blogcatalog,999:10,,0,,False,,dev_256g,dmon,,naive,0.20280231535434723,0.0,,,,,experiment|dmon-naive|dmon|naive|None|None|None|None|None|None|None|None|dyn_blogcatalog|False|999:10,results/archive/55s_dyn_blogcatalog_b999:10.json,,984.6013593673706,0.0,1
,dmon-naive,dyn_citeseer,999:10,,0,,False,,cn69,dmon,,naive,0.7012478709220886,0.0,,,,,experiment|dmon-naive|dmon|naive|None|None|None|None|None|None|None|None|dyn_citeseer|False|999:10,results/archive/12s_5small_999:10.json,,195.79164338111877,0.0,1
,dmon-naive,dyn_cora,999:10,,0,,False,,cn69,dmon,,naive,0.7038699388504028,0.0,,,,,experiment|dmon-naive|dmon|naive|None|None|None|None|None|None|None|None|dyn_cora|False|999:10,results/archive/12s_5small_999:10.json,,239.08798217773438,0.0,1
,dmon-naive,dyn_wiki,999:10,,0,,False,,dev_256g,dmon,,naive,0.6917851567268372,0.0,,,,,experiment|dmon-naive|dmon|naive|None|None|None|None|None|None|None|None|dyn_wiki|False|999:10,results/archive/5ss_dyn_wiki_b999:10.json,,417.04767632484436,0.0,1
,flmig-L:3-r:1-gpu,dyn_acm,999:10,gpu,0,,False,,cn69,flmig,,smart,0.4564203917980194,0.0,,,1,,experiment|flmig-L:3-r:1-gpu|flmig|smart|None|3|1|None|gpu|None|None|None|dyn_acm|False|999:10,results/archive/12s_5small_999:10.json,3,141.3620810508728,0.0,1
,flmig-L:3-r:1-gpu,dyn_bat,999:10,gpu,0,,False,,cn69,flmig,,smart,0.27230215072631836,0.0,,,1,,experiment|flmig-L:3-r:1-gpu|flmig|smart|None|3|1|None|gpu|None|None|None|dyn_bat|False|999:10,results/archive/12s_5small_999:10.json,3,1.4482827186584473,0.0,1
,flmig-L:3-r:1-gpu,dyn_blogcatalog,999:10,gpu,0,,False,,dev_256g,flmig,,smart,0.31376340985298157,0.0,,,1,,experiment|flmig-L:3-r:1-gpu|flmig|smart|None|3|1|None|gpu|None|None|None|dyn_blogcatalog|False|999:10,results/archive/55s_dyn_blogcatalog_b999:10.json,3,16272.571681022644,0.0,1
,flmig-L:3-r:1-gpu,dyn_citeseer,999:10,gpu,0,,False,,cn69,flmig,,smart,0.6893822550773621,0.0,,,1,,experiment|flmig-L:3-r:1-gpu|flmig|smart|None|3|1|None|gpu|None|None|None|dyn_citeseer|False|999:10,results/archive/12s_5small_999:10.json,3,26.31144618988037,0.0,1
,flmig-L:3-r:1-gpu,dyn_cora,999:10,gpu,0,,False,,cn69,flmig,,smart,0.7859364151954651,0.0,,,1,,experiment|flmig-L:3-r:1-gpu|flmig|smart|None|3|1|None|gpu|None|None|None|dyn_cora|False|999:10,results/archive/12s_5small_999:10.json,3,9.038355827331543,0.0,1
,flmig-L:3-r:1-gpu,dyn_wikics,999:10,gpu,0,,False,,dev_256g,flmig,,smart,0.5862054228782654,0.0,,,1,,experiment|flmig-L:3-r:1-gpu|flmig|smart|None|3|1|None|gpu|None|None|None|dyn_wikics|False|999:10,results/archive/55s_dyn_blogcatalog_b999:10.json,3,25058.822732686996,0.0,1
,flmig-L:3-r:1-gpu,dyn_wiki,999:10,gpu,0,,False,,dev_256g,flmig,,smart,0.23436760902404785,0.0,,,1,,experiment|flmig-L:3-r:1-gpu|flmig|smart|None|3|1|None|gpu|None|None|None|dyn_wiki|False|999:10,results/archive/5ss_dyn_wiki_b999:10.json,3,64.74970149993896,0.0,1
,flmig-i:10-L:1-r:0-gpu,arxivmath,999:10,gpu,0,,False,10,cn69,flmig,,smart,0.7399082779884338,0.0,0.2605658788687082,0.0,0,,experiment|flmig-i:10-L:1-r:0-gpu|flmig|smart|10|1|0|None|gpu|None|None|None|arxivmath|False|999:10,results/drobyshev/experiment_20260515_0109.json,1,0.6931623928248882,0.0,1
,flmig-i:10-L:1-r:0-gpu,dyn_acm,999:10,gpu,0,,False,10,cn69,flmig,,smart,0.8225060701370239,0.0,0.26583456472709455,0.0,0,,experiment|flmig-i:10-L:1-r:0-gpu|flmig|smart|10|1|0|None|gpu|None|None|None|dyn_acm|False|999:10,results/drobyshev/experiment_20260515_0109.json,1,0.062154583632946014,0.0,1
,flmig-i:10-L:1-r:0-gpu,dyn_citeseer,999:10,gpu,0,,False,10,cn69,flmig,,smart,0.8734962940216064,0.0,0.33516331294017304,0.0,0,,experiment|flmig-i:10-L:1-r:0-gpu|flmig|smart|10|1|0|None|gpu|None|None|None|dyn_citeseer|False|999:10,results/drobyshev/experiment_20260515_0109.json,1,0.03762092813849449,0.0,1
,flmig-i:10-L:1-r:0-gpu,dyn_cora,999:10,gpu,0,,False,10,cn69,flmig,,smart,0.8100413084030151,0.0,0.4524664990595763,0.0,0,,experiment|flmig-i:10-L:1-r:0-gpu|flmig|smart|10|1|0|None|gpu|None|None|None|dyn_cora|False|999:10,results/drobyshev/experiment_20260515_0109.json,1,0.21569177880883217,0.0,1
,flmig-i:10-L:1-r:0-gpu,dyn_pubmed,999:10,gpu,0,,False,10,cn69,flmig,,smart,0.7076430916786194,0.0,0.19850406674621798,0.0,0,,experiment|flmig-i:10-L:1-r:0-gpu|flmig|smart|10|1|0|None|gpu|None|None|None|dyn_pubmed|False|999:10,results/drobyshev/experiment_20260515_0109.json,1,0.09109297394752502,0.0,1
,flmig-i:10-L:1-r:0-gpu,lkml-reply,999:10,gpu,0,,False,10,cn69,flmig,,smart,0.029862381517887115,0.0,,,0,,experiment|flmig-i:10-L:1-r:0-gpu|flmig|smart|10|1|0|None|gpu|None|None|None|lkml-reply|False|999:10,results/drobyshev/experiment_20260515_0109.json,1,0.8762300498783588,0.0,1
,flmig-i:10-L:1-r:0-gpu,patent,999:10,gpu,0,,False,10,cn69,flmig,,smart,0.8566550016403198,0.0,0.3616530692605933,0.0,0,,experiment|flmig-i:10-L:1-r:0-gpu|flmig|smart|10|1|0|None|gpu|None|None|None|patent|False|999:10,results/drobyshev/experiment_20260515_0109.json,1,0.06720492243766785,0.0,1
,flmig-i:10-L:1-r:1-gpu,arxivmath,999:10,gpu,0,,False,10,cn69,flmig,,smart,0.6025536060333252,0.0,0.1874645242327632,0.0,1,,experiment|flmig-i:10-L:1-r:1-gpu|flmig|smart|10|1|1|None|gpu|None|None|None|arxivmath|False|999:10,results/drobyshev/experiment_20260515_0109.json,1,13.561465967446566,0.0,1
,flmig-i:10-L:1-r:1-gpu,dyn_acm,999:10,gpu,0,,False,10,cn69,flmig,,smart,0.5296544432640076,0.0,0.20885971405397924,0.0,1,,experiment|flmig-i:10-L:1-r:1-gpu|flmig|smart|10|1|1|None|gpu|None|None|None|dyn_acm|False|999:10,results/drobyshev/experiment_20260515_0109.json,1,0.6058853901922703,0.0,1
,flmig-i:10-L:1-r:1-gpu,dyn_citeseer,999:10,gpu,0,,False,10,cn69,flmig,,smart,0.7976905703544617,0.0,0.3119559688749035,0.0,1,,experiment|flmig-i:10-L:1-r:1-gpu|flmig|smart|10|1|1|None|gpu|None|None|None|dyn_citeseer|False|999:10,results/drobyshev/experiment_20260515_0109.json,1,0.1480017453432083,0.0,1
,flmig-i:10-L:1-r:1-gpu,dyn_cora,999:10,gpu,0,,False,10,cn69,flmig,,smart,0.696112334728241,0.0,0.39040332991061283,0.0,1,,experiment|flmig-i:10-L:1-r:1-gpu|flmig|smart|10|1|1|None|gpu|None|None|None|dyn_cora|False|999:10,results/drobyshev/experiment_20260515_0109.json,1,0.08198622986674309,0.0,1
,flmig-i:10-L:1-r:1-gpu,dyn_pubmed,999:10,gpu,0,,False,10,cn69,flmig,,smart,0.08156418800354004,0.0,0.05261067472218619,0.0,1,,experiment|flmig-i:10-L:1-r:1-gpu|flmig|smart|10|1|1|None|gpu|None|None|None|dyn_pubmed|False|999:10,results/drobyshev/experiment_20260515_0109.json,1,0.7297729477286339,0.0,1
,flmig-i:10-L:1-r:1-gpu,lkml-reply,999:10,gpu,0,,False,10,cn69,flmig,,smart,0.3255290389060974,0.0,,,1,,experiment|flmig-i:10-L:1-r:1-gpu|flmig|smart|10|1|1|None|gpu|None|None|None|lkml-reply|False|999:10,results/drobyshev/experiment_20260515_0109.json,1,156.71262156963348,0.0,1
,flmig-i:10-L:1-r:1-gpu,patent,999:10,gpu,0,,False,10,cn69,flmig,,smart,0.7403541803359985,0.0,0.3627738000015567,0.0,1,,experiment|flmig-i:10-L:1-r:1-gpu|flmig|smart|10|1|1|None|gpu|None|None|None|patent|False|999:10,results/drobyshev/experiment_20260515_0109.json,1,8.99174901470542,0.0,1
,flmig-i:10-L:2-r:0-gpu,arxivmath,999:10,gpu,0,,False,10,cn69,flmig,,smart,0.6988481283187866,0.0,0.23405422866843814,0.0,0,,experiment|flmig-i:10-L:2-r:0-gpu|flmig|smart|10|2|0|None|gpu|None|None|None|arxivmath|False|999:10,results/drobyshev/experiment_20260515_0109.json,2,1.186154056340456,0.0,1
,flmig-i:10-L:2-r:0-gpu,dyn_acm,999:10,gpu,0,,False,10,cn69,flmig,,smart,0.8048164248466492,0.0,0.23422876412050983,0.0,0,,experiment|flmig-i:10-L:2-r:0-gpu|flmig|smart|10|2|0|None|gpu|None|None|None|dyn_acm|False|999:10,results/drobyshev/experiment_20260515_0109.json,2,0.10744809731841087,0.0,1
,flmig-i:10-L:2-r:0-gpu,dyn_citeseer,999:10,gpu,0,,False,10,cn69,flmig,,smart,0.8684825301170349,0.0,0.3326168586220795,0.0,0,,experiment|flmig-i:10-L:2-r:0-gpu|flmig|smart|10|2|0|None|gpu|None|None|None|dyn_citeseer|False|999:10,results/drobyshev/experiment_20260515_0109.json,2,0.06526095792651176,0.0,1
,flmig-i:10-L:2-r:0-gpu,dyn_cora,999:10,gpu,0,,False,10,cn69,flmig,,smart,0.8094463348388672,0.0,0.4565556561106917,0.0,0,,experiment|flmig-i:10-L:2-r:0-gpu|flmig|smart|10|2|0|None|gpu|None|None|None|dyn_cora|False|999:10,results/drobyshev/experiment_20260515_0109.json,2,0.071034736931324,0.0,1
,flmig-i:10-L:2-r:0-gpu,dyn_pubmed,999:10,gpu,0,,False,10,cn69,flmig,,smart,0.23841895163059235,0.0,0.06655167288477606,0.0,0,,experiment|flmig-i:10-L:2-r:0-gpu|flmig|smart|10|2|0|None|gpu|None|None|None|dyn_pubmed|False|999:10,results/drobyshev/experiment_20260515_0109.json,2,0.15789592638611794,0.0,1
,flmig-i:10-L:2-r:0-gpu,lkml-reply,999:10,gpu,0,,False,10,cn69,flmig,,smart,0.028915001079440117,0.0,,,0,,experiment|flmig-i:10-L:2-r:0-gpu|flmig|smart|10|2|0|None|gpu|None|None|None|lkml-reply|False|999:10,results/drobyshev/experiment_20260515_0109.json,2,1.292634330689907,0.0,1
,flmig-i:10-L:2-r:0-gpu,patent,999:10,gpu,0,,False,10,cn69,flmig,,smart,0.8566550016403198,0.0,0.3616530692605933,0.0,0,,experiment|flmig-i:10-L:2-r:0-gpu|flmig|smart|10|2|0|None|gpu|None|None|None|patent|False|999:10,results/drobyshev/experiment_20260515_0109.json,2,0.12282729521393776,0.0,1
,flmig-i:10-L:2-r:1-gpu,arxivmath,999:10,gpu,0,,False,10,cn69,flmig,,smart,0.5667850375175476,0.0,0.21864556425757822,0.0,1,,experiment|flmig-i:10-L:2-r:1-gpu|flmig|smart|10|2|1|None|gpu|None|None|None|arxivmath|False|999:10,results/drobyshev/experiment_20260515_0109.json,2,25.670462772250175,0.0,1
,flmig-i:10-L:2-r:1-gpu,dyn_acm,999:10,gpu,0,,False,10,cn69,flmig,,smart,0.5143724083900452,0.0,0.20414555926404523,0.0,1,,experiment|flmig-i:10-L:2-r:1-gpu|flmig|smart|10|2|1|None|gpu|None|None|None|dyn_acm|False|999:10,results/drobyshev/experiment_20260515_0109.json,2,1.121716421097517,0.0,1
,flmig-i:10-L:2-r:1-gpu,dyn_citeseer,999:10,gpu,0,,False,10,cn69,flmig,,smart,0.7223511934280396,0.0,0.29674385975268386,0.0,1,,experiment|flmig-i:10-L:2-r:1-gpu|flmig|smart|10|2|1|None|gpu|None|None|None|dyn_citeseer|False|999:10,results/drobyshev/experiment_20260515_0109.json,2,0.25157370790839195,0.0,1
,flmig-i:10-L:2-r:1-gpu,dyn_cora,999:10,gpu,0,,False,10,cn69,flmig,,smart,0.7073686718940735,0.0,0.4077806409332921,0.0,1,,experiment|flmig-i:10-L:2-r:1-gpu|flmig|smart|10|2|1|None|gpu|None|None|None|dyn_cora|False|999:10,results/drobyshev/experiment_20260515_0109.json,2,0.13564972952008247,0.0,1
,flmig-i:10-L:2-r:1-gpu,dyn_pubmed,999:10,gpu,0,,False,10,cn69,flmig,,smart,0.4121629297733307,0.0,0.14392396848296038,0.0,1,,experiment|flmig-i:10-L:2-r:1-gpu|flmig|smart|10|2|1|None|gpu|None|None|None|dyn_pubmed|False|999:10,results/drobyshev/experiment_20260515_0109.json,2,1.3240054436028004,0.0,1
,flmig-i:10-L:2-r:1-gpu,lkml-reply,999:10,gpu,0,,False,10,cn69,flmig,,smart,0.3284890949726105,0.0,,,1,,experiment|flmig-i:10-L:2-r:1-gpu|flmig|smart|10|2|1|None|gpu|None|None|None|lkml-reply|False|999:10,results/drobyshev/experiment_20260515_0109.json,2,214.85690160095692,0.0,1
,flmig-i:10-L:2-r:1-gpu,patent,999:10,gpu,0,,False,10,cn69,flmig,,smart,0.7584537267684937,0.0,0.36203790936371644,0.0,1,,experiment|flmig-i:10-L:2-r:1-gpu|flmig|smart|10|2|1|None|gpu|None|None|None|patent|False|999:10,results/drobyshev/experiment_20260515_0109.json,2,13.964277528226376,0.0,1
,flmig-i:10-L:3-r:0-gpu,arxivmath,999:10,gpu,0,,False,10,cn69,flmig,,smart,0.6975626349449158,0.0,0.2436643204876502,0.0,0,,experiment|flmig-i:10-L:3-r:0-gpu|flmig|smart|10|3|0|None|gpu|None|None|None|arxivmath|False|999:10,results/drobyshev/experiment_20260515_0109.json,3,2.1165557391941547,0.0,1
,flmig-i:10-L:3-r:0-gpu,dyn_acm,999:10,gpu,0,,False,10,cn69,flmig,,smart,0.8020399808883667,0.0,0.26428619479496407,0.0,0,,experiment|flmig-i:10-L:3-r:0-gpu|flmig|smart|10|3|0|None|gpu|None|None|None|dyn_acm|False|999:10,results/drobyshev/experiment_20260515_0109.json,3,0.1546066738665104,0.0,1
,flmig-i:10-L:3-r:0-gpu,dyn_citeseer,999:10,gpu,0,,False,10,cn69,flmig,,smart,0.869316577911377,0.0,0.3338240594191147,0.0,0,,experiment|flmig-i:10-L:3-r:0-gpu|flmig|smart|10|3|0|None|gpu|None|None|None|dyn_citeseer|False|999:10,results/drobyshev/experiment_20260515_0109.json,3,0.09426116198301315,0.0,1
,flmig-i:10-L:3-r:0-gpu,dyn_cora,999:10,gpu,0,,False,10,cn69,flmig,,smart,0.8202621936798096,0.0,0.46569318580900004,0.0,0,,experiment|flmig-i:10-L:3-r:0-gpu|flmig|smart|10|3|0|None|gpu|None|None|None|dyn_cora|False|999:10,results/drobyshev/experiment_20260515_0109.json,3,0.10302971303462982,0.0,1
,flmig-i:10-L:3-r:0-gpu,dyn_pubmed,999:10,gpu,0,,False,10,cn69,flmig,,smart,0.579351007938385,0.0,0.13379738913014344,0.0,0,,experiment|flmig-i:10-L:3-r:0-gpu|flmig|smart|10|3|0|None|gpu|None|None|None|dyn_pubmed|False|999:10,results/drobyshev/experiment_20260515_0109.json,3,0.23102548345923424,0.0,1
,flmig-i:10-L:3-r:0-gpu,lkml-reply,999:10,gpu,0,,False,10,cn69,flmig,,smart,0.04142451658844948,0.0,,,0,,experiment|flmig-i:10-L:3-r:0-gpu|flmig|smart|10|3|0|None|gpu|None|None|None|lkml-reply|False|999:10,results/drobyshev/experiment_20260515_0109.json,3,1.7480394914746284,0.0,1
,flmig-i:10-L:3-r:0-gpu,patent,999:10,gpu,0,,False,10,cn69,flmig,,smart,0.8566550016403198,0.0,0.3616530692605933,0.0,0,,experiment|flmig-i:10-L:3-r:0-gpu|flmig|smart|10|3|0|None|gpu|None|None|None|patent|False|999:10,results/drobyshev/experiment_20260515_0109.json,3,0.16970012336969376,0.0,1
,flmig-i:10-L:3-r:1-gpu,arxivmath,999:10,gpu,0,,False,10,cn69,flmig,,smart,0.5822041034698486,0.028303197752699207,0.19090879565970853,0.006602416097576057,1,,experiment|flmig-i:10-L:3-r:1-gpu|flmig|smart|10|3|1|None|gpu|None|None|None|arxivmath|False|999:10,results/drobyshev/experiment_20260515_0109.json;results/drobyshev/smart_20260512_1207.json;results/drobyshev/smart_20260513_1026.json,3,40.32918952529629,5.487059733657118,3
,flmig-i:10-L:3-r:1-gpu,arxivmath,999:10,gpu,0,,True,10,cn69,flmig,,smart,0.5861656665802002,0.0,0.21845497622017446,0.0,1,,experiment|flmig-i:10-L:3-r:1-gpu|flmig|smart|10|3|1|None|gpu|None|None|None|arxivmath|True|999:10,results/drobyshev/smart_20260519_0124.json,3,37.88148312270641,0.0,1
,flmig-i:10-L:3-r:1-gpu,dyn_acm,999:10,gpu,0,,False,10,cn69,flmig,,smart,0.4328292980790138,0.10255636197944668,0.20126273487930008,0.0013441931033633104,1,,experiment|flmig-i:10-L:3-r:1-gpu|flmig|smart|10|3|1|None|gpu|None|None|None|dyn_acm|False|999:10,results/drobyshev/experiment_20260515_0109.json;results/drobyshev/smart_20260512_1207.json;results/drobyshev/smart_20260513_1026.json;results/drobyshev/smart_20260519_0124.json,3,1.6401304230093956,0.01324556936472463,4
,flmig-i:10-L:3-r:1-gpu,dyn_citeseer,999:10,gpu,0,,False,10,cn69,flmig,,smart,0.7497040033340454,0.03982212202277382,0.2959553518837914,0.006292221526762687,1,,experiment|flmig-i:10-L:3-r:1-gpu|flmig|smart|10|3|1|None|gpu|None|None|None|dyn_citeseer|False|999:10,results/drobyshev/experiment_20260515_0109.json;results/drobyshev/smart_20260512_1207.json;results/drobyshev/smart_20260513_1026.json;results/drobyshev/smart_20260519_0124.json,3,0.37162342481315136,0.02448039717691412,4
,flmig-i:10-L:3-r:1-gpu,dyn_cora,999:10,gpu,0,,False,10,cn69,flmig,,smart,0.7546705603599548,0.012512957373172947,0.4304755053442766,0.005835903376227876,1,,experiment|flmig-i:10-L:3-r:1-gpu|flmig|smart|10|3|1|None|gpu|None|None|None|dyn_cora|False|999:10,results/drobyshev/experiment_20260515_0109.json;results/drobyshev/smart_20260512_1207.json;results/drobyshev/smart_20260513_1026.json;results/drobyshev/smart_20260519_0124.json,3,0.3270882563665509,0.09224840756777414,4
,flmig-i:10-L:3-r:1-gpu,dyn_pubmed,999:10,gpu,0,,False,10,cn69,flmig,,smart,0.19189594686031342,0.22086166909205382,0.06213175389556875,0.05949609205336887,1,,experiment|flmig-i:10-L:3-r:1-gpu|flmig|smart|10|3|1|None|gpu|None|None|None|dyn_pubmed|False|999:10,results/drobyshev/experiment_20260515_0109.json;results/drobyshev/smart_20260512_1207.json;results/drobyshev/smart_20260513_1026.json,3,1.880177952349186,0.010577125096444125,3
,flmig-i:10-L:3-r:1-gpu,dyn_pubmed,999:10,gpu,0,,True,10,cn69,flmig,,smart,0.08300624787807465,0.0,0.025428706687984314,0.0,1,,experiment|flmig-i:10-L:3-r:1-gpu|flmig|smart|10|3|1|None|gpu|None|None|None|dyn_pubmed|True|999:10,results/drobyshev/smart_20260519_0124.json,3,1.9007831998169422,0.0,1
,flmig-i:10-L:3-r:1-gpu,lkml-reply,999:10,gpu,0,,False,10,cn69,flmig,,smart,0.33110294739405316,0.005640743813420519,,,1,,experiment|flmig-i:10-L:3-r:1-gpu|flmig|smart|10|3|1|None|gpu|None|None|None|lkml-reply|False|999:10,results/drobyshev/experiment_20260515_0109.json;results/drobyshev/smart_20260512_1207.json;results/drobyshev/smart_20260513_1026.json,3,272.5398523770273,2.997234815639759,3
,flmig-i:10-L:3-r:1-gpu,patent,999:10,gpu,0,,False,10,cn69,flmig,,smart,0.7478326956431071,0.013676832378992013,0.36239274884012934,0.00037216774885285306,1,,experiment|flmig-i:10-L:3-r:1-gpu|flmig|smart|10|3|1|None|gpu|None|None|None|patent|False|999:10,results/drobyshev/experiment_20260515_0109.json;results/drobyshev/smart_20260512_1207.json;results/drobyshev/smart_20260513_1026.json,3,18.52515701080362,0.5404917290813053,3
,flmig-i:10-L:3-r:1-gpu,patent,999:10,gpu,0,,True,10,cn69,flmig,,smart,0.7396844625473022,0.0,0.36832436026598997,0.0,1,,experiment|flmig-i:10-L:3-r:1-gpu|flmig|smart|10|3|1|None|gpu|None|None|None|patent|True|999:10,results/drobyshev/smart_20260519_0124.json,3,18.246059626340866,0.0,1
,flmig-i:10-L:4-r:0-gpu,arxivmath,999:10,gpu,0,,False,10,cn69,flmig,,smart,0.6836170554161072,0.0,0.24065345994549997,0.0,0,,experiment|flmig-i:10-L:4-r:0-gpu|flmig|smart|10|4|0|None|gpu|None|None|None|arxivmath|False|999:10,results/drobyshev/experiment_20260515_0109.json,4,2.2460764683783054,0.0,1
,flmig-i:10-L:4-r:0-gpu,dyn_acm,999:10,gpu,0,,False,10,cn69,flmig,,smart,0.821985125541687,0.0,0.269085736683155,0.0,0,,experiment|flmig-i:10-L:4-r:0-gpu|flmig|smart|10|4|0|None|gpu|None|None|None|dyn_acm|False|999:10,results/drobyshev/experiment_20260515_0109.json,4,0.20263756439089775,0.0,1
,flmig-i:10-L:4-r:0-gpu,dyn_citeseer,999:10,gpu,0,,False,10,cn69,flmig,,smart,0.8729764819145203,0.0,0.3372696133649226,0.0,0,,experiment|flmig-i:10-L:4-r:0-gpu|flmig|smart|10|4|0|None|gpu|None|None|None|dyn_citeseer|False|999:10,results/drobyshev/experiment_20260515_0109.json,4,0.12127145007252693,0.0,1
,flmig-i:10-L:4-r:0-gpu,dyn_cora,999:10,gpu,0,,False,10,cn69,flmig,,smart,0.8143243193626404,0.0,0.45052254405029957,0.0,0,,experiment|flmig-i:10-L:4-r:0-gpu|flmig|smart|10|4|0|None|gpu|None|None|None|dyn_cora|False|999:10,results/drobyshev/experiment_20260515_0109.json,4,0.13264304026961327,0.0,1
,flmig-i:10-L:4-r:0-gpu,dyn_pubmed,999:10,gpu,0,,False,10,cn69,flmig,,smart,0.37987762689590454,0.0,0.09422874893427499,0.0,0,,experiment|flmig-i:10-L:4-r:0-gpu|flmig|smart|10|4|0|None|gpu|None|None|None|dyn_pubmed|False|999:10,results/drobyshev/experiment_20260515_0109.json,4,0.2845236584544182,0.0,1
,flmig-i:10-L:4-r:0-gpu,lkml-reply,999:10,gpu,0,,False,10,cn69,flmig,,smart,0.03545808792114258,0.0,,,0,,experiment|flmig-i:10-L:4-r:0-gpu|flmig|smart|10|4|0|None|gpu|None|None|None|lkml-reply|False|999:10,results/drobyshev/experiment_20260515_0109.json,4,2.1853256449103355,0.0,1
,flmig-i:10-L:4-r:0-gpu,patent,999:10,gpu,0,,False,10,cn69,flmig,,smart,0.8566550016403198,0.0,0.3616530692605933,0.0,0,,experiment|flmig-i:10-L:4-r:0-gpu|flmig|smart|10|4|0|None|gpu|None|None|None|patent|False|999:10,results/drobyshev/experiment_20260515_0109.json,4,0.2308422178030014,0.0,1
,flmig-i:10-L:4-r:1-gpu,arxivmath,999:10,gpu,0,,False,10,cn69,flmig,,smart,0.6278409957885742,0.0,0.24147051153122517,0.0,1,,experiment|flmig-i:10-L:4-r:1-gpu|flmig|smart|10|4|1|None|gpu|None|None|None|arxivmath|False|999:10,results/drobyshev/experiment_20260515_0109.json,4,48.635811161249876,0.0,1
,flmig-i:10-L:4-r:1-gpu,dyn_acm,999:10,gpu,0,,False,10,cn69,flmig,,smart,0.5331400036811829,0.0,0.21118660659017108,0.0,1,,experiment|flmig-i:10-L:4-r:1-gpu|flmig|smart|10|4|1|None|gpu|None|None|None|dyn_acm|False|999:10,results/drobyshev/experiment_20260515_0109.json,4,2.138814251869917,0.0,1
,flmig-i:10-L:4-r:1-gpu,dyn_citeseer,999:10,gpu,0,,False,10,cn69,flmig,,smart,0.7350944876670837,0.0,0.2975647515668575,0.0,1,,experiment|flmig-i:10-L:4-r:1-gpu|flmig|smart|10|4|1|None|gpu|None|None|None|dyn_citeseer|False|999:10,results/drobyshev/experiment_20260515_0109.json,4,0.4555535726249218,0.0,1
,flmig-i:10-L:4-r:1-gpu,dyn_cora,999:10,gpu,0,,False,10,cn69,flmig,,smart,0.7398414611816406,0.0,0.4271049309576221,0.0,1,,experiment|flmig-i:10-L:4-r:1-gpu|flmig|smart|10|4|1|None|gpu|None|None|None|dyn_cora|False|999:10,results/drobyshev/experiment_20260515_0109.json,4,0.2370426431298256,0.0,1
,flmig-i:10-L:4-r:1-gpu,dyn_pubmed,999:10,gpu,0,,False,10,cn69,flmig,,smart,0.44588541984558105,0.0,0.17224672053065743,0.0,1,,experiment|flmig-i:10-L:4-r:1-gpu|flmig|smart|10|4|1|None|gpu|None|None|None|dyn_pubmed|False|999:10,results/drobyshev/experiment_20260515_0109.json,4,2.475543886423111,0.0,1
,flmig-i:10-L:4-r:1-gpu,lkml-reply,999:10,gpu,0,,False,10,cn69,flmig,,smart,0.32875651121139526,0.0,,,1,,experiment|flmig-i:10-L:4-r:1-gpu|flmig|smart|10|4|1|None|gpu|None|None|None|lkml-reply|False|999:10,results/drobyshev/experiment_20260515_0109.json,4,331.7444849573076,0.0,1
,flmig-i:10-L:4-r:1-gpu,patent,999:10,gpu,0,,False,10,cn69,flmig,,smart,0.7398742437362671,0.0,0.36267975216532633,0.0,1,,experiment|flmig-i:10-L:4-r:1-gpu|flmig|smart|10|4|1|None|gpu|None|None|None|patent|False|999:10,results/drobyshev/experiment_20260515_0109.json,4,22.761186089366674,0.0,1
,flmig-i:10-naive,arxivmath,999:10,,0,,True,10,cn69,flmig,,naive,0.8709073066711426,0.0,0.3411505357212083,0.0,,,experiment|flmig-i:10-naive|flmig|naive|10|None|None|None|None|None|None|None|arxivmath|True|999:10,results/drobyshev/naive_20260519_0254.json,,103535.02514636144,0.0,1
,flmig-i:10-naive,dyn_acm,999:10,,0,,False,10,cn69,flmig,,naive,0.7423621714115143,0.014958633032940977,0.21484088524471723,0.0011360516275263578,,,experiment|flmig-i:10-naive|flmig|naive|10|None|None|None|None|None|None|None|dyn_acm|False|999:10,results/drobyshev/naive_20260512_1206.json;results/drobyshev/naive_20260519_0254.json,,21.065187726169825,1.514037751405132,2
,flmig-i:10-naive,dyn_citeseer,999:10,,0,,False,10,cn69,flmig,,naive,0.87127286195755,0.002837831603935517,0.27428845254799716,0.011949658334552596,,,experiment|flmig-i:10-naive|flmig|naive|10|None|None|None|None|None|None|None|dyn_citeseer|False|999:10,results/drobyshev/naive_20260512_1206.json;results/drobyshev/naive_20260519_0254.json,,30.027888990938663,0.3335451541769547,2
,flmig-i:10-naive,dyn_cora,999:10,,0,,False,10,cn69,flmig,,naive,0.8205322027206421,0.00014574380215067156,0.45751141123189587,0.002097503496056334,,,experiment|flmig-i:10-naive|flmig|naive|10|None|None|None|None|None|None|None|dyn_cora|False|999:10,results/drobyshev/naive_20260512_1206.json;results/drobyshev/naive_20260519_0254.json,,15.576780661940575,0.1874141278555893,2
,flmig-i:10-naive,dyn_pubmed,999:10,,0,,False,10,cn69,flmig,,naive,0.7503504753112793,0.0,0.12551677667047345,0.0,,,experiment|flmig-i:10-naive|flmig|naive|10|None|None|None|None|None|None|None|dyn_pubmed|False|999:10,results/drobyshev/naive_20260512_1206.json,,186.8577325642109,0.0,1
,flmig-i:10-naive,dyn_pubmed,999:10,,0,,True,10,cn69,flmig,,naive,0.7508885264396667,0.0,0.13354089138317654,0.0,,,experiment|flmig-i:10-naive|flmig|naive|10|None|None|None|None|None|None|None|dyn_pubmed|True|999:10,results/drobyshev/naive_20260519_0254.json,,178.9430539533496,0.0,1
,flmig-i:10-naive,lkml-reply,999:10,,0,,False,10,cn69,flmig,,naive,0.3067414164543152,0.0,,,,,experiment|flmig-i:10-naive|flmig|naive|10|None|None|None|None|None|None|None|lkml-reply|False|999:10,results/drobyshev/naive_20260512_1206.json,,1076.380566816777,0.0,1
,flmig-i:10-naive,patent,999:10,,0,,False,10,cn69,flmig,,naive,0.856655478477478,0.0,0.36168998771820804,0.0,,,experiment|flmig-i:10-naive|flmig|naive|10|None|None|None|None|None|None|None|patent|False|999:10,results/drobyshev/naive_20260512_1206.json,,72.47313543781638,0.0,1
,flmig-i:10-naive,patent,999:10,,0,,True,10,cn69,flmig,,naive,0.8566511869430542,0.0,0.361570855449025,0.0,,,experiment|flmig-i:10-naive|flmig|naive|10|None|None|None|None|None|None|None|patent|True|999:10,results/drobyshev/naive_20260519_0254.json,,73.06040704995394,0.0,1
,flmig-naive,dyn_acm,999:10,,0,,False,,cn69,flmig,,naive,0.8141711950302124,0.0,,,,,experiment|flmig-naive|flmig|naive|None|None|None|None|None|None|None|None|dyn_acm|False|999:10,results/archive/12s_5small_999:10.json,,2028.8418414592743,0.0,1
,flmig-naive,dyn_bat,999:10,,0,,False,,cn69,flmig,,naive,0.28495869040489197,0.0,,,,,experiment|flmig-naive|flmig|naive|None|None|None|None|None|None|None|None|dyn_bat|False|999:10,results/archive/12s_5small_999:10.json,,17.570635557174683,0.0,1
,flmig-naive,dyn_blogcatalog,999:10,,0,,False,,dev_256g,flmig,,naive,0.3708342909812927,0.0,,,,,experiment|flmig-naive|flmig|naive|None|None|None|None|None|None|None|None|dyn_blogcatalog|False|999:10,results/archive/55s_dyn_blogcatalog_b999:10.json,,11991.241477966309,0.0,1
,flmig-naive,dyn_citeseer,999:10,,0,,False,,cn69,flmig,,naive,0.890781581401825,0.0,,,,,experiment|flmig-naive|flmig|naive|None|None|None|None|None|None|None|None|dyn_citeseer|False|999:10,results/archive/12s_5small_999:10.json,,3280.250885248184,0.0,1
,flmig-naive,dyn_cora,999:10,,0,,False,,cn69,flmig,,naive,0.8144248127937317,0.0,,,,,experiment|flmig-naive|flmig|naive|None|None|None|None|None|None|None|None|dyn_cora|False|999:10,results/archive/12s_5small_999:10.json,,1486.8894453048706,0.0,1
,flmig-naive,dyn_wikics,999:10,,0,,False,,dev_256g,flmig,,naive,0.6316027641296387,0.0,,,,,experiment|flmig-naive|flmig|naive|None|None|None|None|None|None|None|None|dyn_wikics|False|999:10,results/archive/55s_dyn_blogcatalog_b999:10.json,,18000.7924823761,0.0,1
,flmig-naive,dyn_wiki,999:10,,0,,False,,dev_256g,flmig,,naive,0.7276504635810852,0.0,,,,,experiment|flmig-naive|flmig|naive|None|None|None|None|None|None|None|None|dyn_wiki|False|999:10,results/archive/5ss_dyn_wiki_b999:10.json,,1177.6307957172394,0.0,1
sum,ldleiden-L:3-r:1-agg:sum-gpu-feat:dataset,arxivcs,999:10,gpu,0,dataset,False,,cn69,ldleiden,,smart,0.7135814428329468,0.0,,,1,,experiment|ldleiden-L:3-r:1-agg:sum-gpu-feat:dataset|ldleiden|smart|None|3|1|sum|gpu|dataset|None|None|arxivcs|False|999:10,results/archive/5fs_no_konect_ns.json,3,8.447578693389893,0.0,1
sum,ldleiden-L:3-r:1-agg:sum-gpu-feat:dataset,arxivlarge,999:10,gpu,0,dataset,False,,cn69,ldleiden,,smart,0.8108527660369873,0.0,,,1,,experiment|ldleiden-L:3-r:1-agg:sum-gpu-feat:dataset|ldleiden|smart|None|3|1|sum|gpu|dataset|None|None|arxivlarge|False|999:10,results/archive/5fs_no_konect_ns.json,3,81.0654026145935,0.0,1
sum,ldleiden-L:3-r:1-agg:sum-gpu-feat:dataset,arxivmath,999:10,gpu,0,dataset,False,,cn69,ldleiden,,smart,0.8794794082641602,0.0,,,1,,experiment|ldleiden-L:3-r:1-agg:sum-gpu-feat:dataset|ldleiden|smart|None|3|1|sum|gpu|dataset|None|None|arxivmath|False|999:10,results/archive/5fs_no_konect_ns.json,3,0.5420689296722412,0.0,1
sum,ldleiden-L:3-r:1-agg:sum-gpu-feat:dataset,arxivphy,999:10,gpu,0,dataset,False,,cn69,ldleiden,,smart,0.7922001481056213,0.0,,,1,,experiment|ldleiden-L:3-r:1-agg:sum-gpu-feat:dataset|ldleiden|smart|None|3|1|sum|gpu|dataset|None|None|arxivphy|False|999:10,results/archive/5fs_no_konect_ns.json,3,71.79088665390017,0.0,1
sum,ldleiden-L:3-r:1-agg:sum-gpu-feat:dataset,dblp-tgc,999:10,gpu,0,dataset,False,,cn69,ldleiden,,smart,0.759750247001648,0.0,,,1,,experiment|ldleiden-L:3-r:1-agg:sum-gpu-feat:dataset|ldleiden|smart|None|3|1|sum|gpu|dataset|None|None|dblp-tgc|False|999:10,results/archive/5fs_no_konect_ns.json,3,0.18827080726623535,0.0,1
sum,ldleiden-L:3-r:1-agg:sum-gpu-feat:dataset,dyn_acm,999:10,gpu,0,dataset,False,,cn69,ldleiden,,smart,0.7943271994590759,0.0,,,1,,experiment|ldleiden-L:3-r:1-agg:sum-gpu-feat:dataset|ldleiden|smart|None|3|1|sum|gpu|dataset|None|None|dyn_acm|False|999:10,results/archive/5fs_no_konect_ns.json,3,0.21322941780090332,0.0,1
sum,ldleiden-L:3-r:1-agg:sum-gpu-feat:dataset,dyn_bat,999:10,gpu,0,dataset,False,,cn69,ldleiden,,smart,0.26828083395957947,0.0,,,1,,experiment|ldleiden-L:3-r:1-agg:sum-gpu-feat:dataset|ldleiden|smart|None|3|1|sum|gpu|dataset|None|None|dyn_bat|False|999:10,results/archive/5fs_no_konect_ns.json,3,0.017780065536499023,0.0,1
sum,ldleiden-L:3-r:1-agg:sum-gpu-feat:dataset,dyn_citeseer,999:10,gpu,0,dataset,False,,cn69,ldleiden,,smart,0.8900761604309082,0.0,,,1,,experiment|ldleiden-L:3-r:1-agg:sum-gpu-feat:dataset|ldleiden|smart|None|3|1|sum|gpu|dataset|None|None|dyn_citeseer|False|999:10,results/archive/5fs_no_konect_ns.json,3,0.06917214393615723,0.0,1
sum,ldleiden-L:3-r:1-agg:sum-gpu-feat:dataset,dyn_coauthorcs,999:10,gpu,0,dataset,False,,cn69,ldleiden,,smart,0.7509849071502686,0.0,,,1,,experiment|ldleiden-L:3-r:1-agg:sum-gpu-feat:dataset|ldleiden|smart|None|3|1|sum|gpu|dataset|None|None|dyn_coauthorcs|False|999:10,results/archive/5fs_no_konect_ns.json,3,0.17598676681518555,0.0,1
sum,ldleiden-L:3-r:1-agg:sum-gpu-feat:dataset,dyn_coauthorphysics,999:10,gpu,0,dataset,False,,cn69,ldleiden,,smart,0.6855981349945068,0.0,,,1,,experiment|ldleiden-L:3-r:1-agg:sum-gpu-feat:dataset|ldleiden|smart|None|3|1|sum|gpu|dataset|None|None|dyn_coauthorphysics|False|999:10,results/archive/5fs_no_konect_ns.json,3,0.6421617584228515,0.0,1
sum,ldleiden-L:3-r:1-agg:sum-gpu-feat:dataset,dyn_cora,999:10,gpu,0,dataset,False,,cn69,ldleiden,,smart,0.8116660714149475,0.0,,,1,,experiment|ldleiden-L:3-r:1-agg:sum-gpu-feat:dataset|ldleiden|smart|None|3|1|sum|gpu|dataset|None|None|dyn_cora|False|999:10,results/archive/5fs_no_konect_ns.json,3,0.08200979232788086,0.0,1
sum,ldleiden-L:3-r:1-agg:sum-gpu-feat:dataset,dyn_flickr,999:10,gpu,0,dataset,False,,cn69,ldleiden,,smart,0.5370854139328003,0.0,,,1,,experiment|ldleiden-L:3-r:1-agg:sum-gpu-feat:dataset|ldleiden|smart|None|3|1|sum|gpu|dataset|None|None|dyn_flickr|False|999:10,results/archive/5fs_no_konect_ns.json,3,2.4124565277099608,0.0,1
sum,ldleiden-L:3-r:1-agg:sum-gpu-feat:dataset,dyn_nell,999:10,gpu,0,dataset,False,,cn69,ldleiden,,smart,0.8359259963035583,0.0,,,1,,experiment|ldleiden-L:3-r:1-agg:sum-gpu-feat:dataset|ldleiden|smart|None|3|1|sum|gpu|dataset|None|None|dyn_nell|False|999:10,results/archive/5fs_no_konect_ns.json,3,1.5709892120361326,0.0,1
sum,ldleiden-L:3-r:1-agg:sum-gpu-feat:dataset,dyn_ogbn-arxiv,999:10,gpu,0,dataset,False,,cn69,ldleiden,,smart,0.713196873664856,0.0,,,1,,experiment|ldleiden-L:3-r:1-agg:sum-gpu-feat:dataset|ldleiden|smart|None|3|1|sum|gpu|dataset|None|None|dyn_ogbn-arxiv|False|999:10,results/archive/5fs_no_konect_ns.json,3,12.980473770141604,0.0,1
sum,ldleiden-L:3-r:1-agg:sum-gpu-feat:dataset,dyn_pubmed,999:10,gpu,0,dataset,False,,cn69,ldleiden,,smart,0.7808512449264526,0.0,,,1,,experiment|ldleiden-L:3-r:1-agg:sum-gpu-feat:dataset|ldleiden|smart|None|3|1|sum|gpu|dataset|None|None|dyn_pubmed|False|999:10,results/archive/5fs_no_konect_ns.json,3,0.1131894588470459,0.0,1
sum,ldleiden-L:3-r:1-agg:sum-gpu-feat:dataset,dyn_wiki,999:10,gpu,0,dataset,False,,cn69,ldleiden,,smart,0.7376883029937744,0.0,,,1,,experiment|ldleiden-L:3-r:1-agg:sum-gpu-feat:dataset|ldleiden|smart|None|3|1|sum|gpu|dataset|None|None|dyn_wiki|False|999:10,results/archive/5fs_no_konect_ns.json,3,0.09206533432006836,0.0,1
sum,ldleiden-L:3-r:1-agg:sum-gpu-feat:dataset,patent,999:10,gpu,0,dataset,False,,cn69,ldleiden,,smart,0.6555448174476624,0.0,,,1,,experiment|ldleiden-L:3-r:1-agg:sum-gpu-feat:dataset|ldleiden|smart|None|3|1|sum|gpu|dataset|None|None|patent|False|999:10,results/archive/5fs_no_konect_ns.json,3,0.22674798965454102,0.0,1
,ldleiden-L:3-r:1-gpu,dyn_acm,999:10,gpu,0,,False,,cn69,ldleiden,,smart,0.8017086982727051,0.0,,,1,,experiment|ldleiden-L:3-r:1-gpu|ldleiden|smart|None|3|1|None|gpu|None|None|None|dyn_acm|False|999:10,results/archive/12s_5small_999:10.json,3,0.10143542289733887,0.0,1
,ldleiden-L:3-r:1-gpu,dyn_bat,999:10,gpu,0,,False,,cn69,ldleiden,,smart,0.2675144672393799,0.0,,,1,,experiment|ldleiden-L:3-r:1-gpu|ldleiden|smart|None|3|1|None|gpu|None|None|None|dyn_bat|False|999:10,results/archive/12s_5small_999:10.json,3,0.015920639038085938,0.0,1
,ldleiden-L:3-r:1-gpu,dyn_blogcatalog,999:10,gpu,0,,False,,dev_256g,ldleiden,,smart,0.36660265922546387,0.0,,,1,,experiment|ldleiden-L:3-r:1-gpu|ldleiden|smart|None|3|1|None|gpu|None|None|None|dyn_blogcatalog|False|999:10,results/archive/5s_5-6d_b999:10.json,3,2.8003787994384766,0.0,1
,ldleiden-L:3-r:1-gpu,dyn_citeseer,999:10,gpu,0,,False,,cn69,ldleiden,,smart,0.8870363235473633,0.0,,,1,,experiment|ldleiden-L:3-r:1-gpu|ldleiden|smart|None|3|1|None|gpu|None|None|None|dyn_citeseer|False|999:10,results/archive/12s_5small_999:10.json,3,0.0755612850189209,0.0,1
,ldleiden-L:3-r:1-gpu,dyn_coauthorcs,999:10,gpu,0,,False,,dev_256g,ldleiden,,smart,0.746720016002655,0.0,,,1,,experiment|ldleiden-L:3-r:1-gpu|ldleiden|smart|None|3|1|None|gpu|None|None|None|dyn_coauthorcs|False|999:10,results/archive/5s_5-6d_b999:10.json,3,0.4454617500305176,0.0,1
,ldleiden-L:3-r:1-gpu,dyn_coauthorphysics,999:10,gpu,0,,False,,dev_256g,ldleiden,,smart,0.6812829971313477,0.0,,,1,,experiment|ldleiden-L:3-r:1-gpu|ldleiden|smart|None|3|1|None|gpu|None|None|None|dyn_coauthorphysics|False|999:10,results/archive/5s_5-6d_b999:10.json,3,1.3921191692352295,0.0,1
,ldleiden-L:3-r:1-gpu,dyn_cora,999:10,gpu,0,,False,,cn69,ldleiden,,smart,0.8095541000366211,0.0,,,1,,experiment|ldleiden-L:3-r:1-gpu|ldleiden|smart|None|3|1|None|gpu|None|None|None|dyn_cora|False|999:10,results/archive/12s_5small_999:10.json,3,0.0868675708770752,0.0,1
,ldleiden-L:3-r:1-gpu,dyn_dblp,999:10,gpu,0,,False,,cn69,ldleiden,,smart,0.8567272424697876,0.0,,,1,,experiment|ldleiden-L:3-r:1-gpu|ldleiden|smart|None|3|1|None|gpu|None|None|None|dyn_dblp|False|999:10,results/archive/12s_5small_999:10.json,3,0.05496859550476074,0.0,1
,ldleiden-L:3-r:1-gpu,dyn_flickr,999:10,gpu,0,,False,,dev_256g,ldleiden,,smart,0.5235404372215271,0.0,,,1,,experiment|ldleiden-L:3-r:1-gpu|ldleiden|smart|None|3|1|None|gpu|None|None|None|dyn_flickr|False|999:10,results/archive/3s_2d_b999:10.json,3,14.343834400177002,0.0,1
,ldleiden-L:3-r:1-gpu,dyn_nell,999:10,gpu,0,,False,,dev_256g,ldleiden,,smart,0.8343326449394226,0.0,,,1,,experiment|ldleiden-L:3-r:1-gpu|ldleiden|smart|None|3|1|None|gpu|None|None|None|dyn_nell|False|999:10,results/archive/3s_2d_b999:10.json,3,3.757175922393799,0.0,1
,ldleiden-L:3-r:1-gpu,dyn_pubmed,999:10,gpu,0,,False,,dev_256g,ldleiden,,smart,0.7724665999412537,0.0,,,1,,experiment|ldleiden-L:3-r:1-gpu|ldleiden|smart|None|3|1|None|gpu|None|None|None|dyn_pubmed|False|999:10,results/archive/5s_5-6d_b999:10.json,3,0.28679561614990234,0.0,1
,ldleiden-L:3-r:1-gpu,dyn_wikics,999:10,gpu,0,,False,,dev_256g,ldleiden,,smart,0.6491603851318359,0.0,,,1,,experiment|ldleiden-L:3-r:1-gpu|ldleiden|smart|None|3|1|None|gpu|None|None|None|dyn_wikics|False|999:10,results/archive/5s_5-6d_b999:10.json,3,4.23277473449707,0.0,1
,ldleiden-L:3-r:1-gpu,dyn_wiki,999:10,gpu,0,,False,,dev_256g,ldleiden,,smart,0.7562462687492371,0.0,,,1,,experiment|ldleiden-L:3-r:1-gpu|ldleiden|smart|None|3|1|None|gpu|None|None|None|dyn_wiki|False|999:10,results/archive/5s_5-6d_b999:10.json,3,0.29710936546325684,0.0,1
,ldleiden-L:3-r:1,dyn_blogcatalog,10,,0,,False,,dev_256g,ldleiden,,smart,0.36367154121398926,0.0,,,1,,experiment|ldleiden-L:3-r:1|ldleiden|smart|None|3|1|None|None|None|None|None|dyn_blogcatalog|False|10,"results/archive/3s_8-9d_b0,999:10,100.json",3,16.421955108642578,0.0,1
,ldleiden-L:3-r:1,dyn_blogcatalog,100,,0,,False,,dev_256g,ldleiden,,smart,0.36367154121398926,0.0,,,1,,experiment|ldleiden-L:3-r:1|ldleiden|smart|None|3|1|None|None|None|None|None|dyn_blogcatalog|False|100,"results/archive/3s_8-9d_b0,999:10,100.json",3,161.0054931640625,0.0,1
,ldleiden-L:3-r:1,dyn_blogcatalog,999:10,,0,,False,,dev_256g,ldleiden,,smart,0.36660265922546387,0.0,,,1,,experiment|ldleiden-L:3-r:1|ldleiden|smart|None|3|1|None|None|None|None|None|dyn_blogcatalog|False|999:10,"results/archive/3s_8-9d_b0,999:10,100.json",3,16.201919317245483,0.0,1
,ldleiden-L:3-r:1,dyn_blogcatalog,999:100,,0,,False,,dev_256g,ldleiden,,smart,0.36652737855911255,0.0,,,1,,experiment|ldleiden-L:3-r:1|ldleiden|smart|None|3|1|None|None|None|None|None|dyn_blogcatalog|False|999:100,"results/archive/3s_8-9d_b0,999:10,100.json",3,103.27621293067932,0.0,1
,ldleiden-L:3-r:1,dyn_coauthorcs,10,,0,,False,,dev_256g,ldleiden,,smart,0.7427944540977478,0.0,,,1,,experiment|ldleiden-L:3-r:1|ldleiden|smart|None|3|1|None|None|None|None|None|dyn_coauthorcs|False|10,"results/archive/3s_8-9d_b0,999:10,100.json",3,63.50627136230469,0.0,1
,ldleiden-L:3-r:1,dyn_coauthorcs,100,,0,,False,,dev_256g,ldleiden,,smart,0.7461925745010376,0.0,,,1,,experiment|ldleiden-L:3-r:1|ldleiden|smart|None|3|1|None|None|None|None|None|dyn_coauthorcs|False|100,"results/archive/3s_8-9d_b0,999:10,100.json",3,682.4724946022034,0.0,1
,ldleiden-L:3-r:1,dyn_coauthorcs,999:10,,0,,False,,dev_256g,ldleiden,,smart,0.746720016002655,0.0,,,1,,experiment|ldleiden-L:3-r:1|ldleiden|smart|None|3|1|None|None|None|None|None|dyn_coauthorcs|False|999:10,"results/archive/3s_8-9d_b0,999:10,100.json",3,40.077709436416626,0.0,1
,ldleiden-L:3-r:1,dyn_coauthorcs,999:100,,0,,False,,dev_256g,ldleiden,,smart,0.7309043407440186,0.0,,,1,,experiment|ldleiden-L:3-r:1|ldleiden|smart|None|3|1|None|None|None|None|None|dyn_coauthorcs|False|999:100,"results/archive/3s_8-9d_b0,999:10,100.json",3,169.78208017349243,0.0,1
,ldleiden-L:3-r:1,dyn_coauthorphysics,10,,0,,False,,dev_256g,ldleiden,,smart,0.6810029745101929,0.0,,,1,,experiment|ldleiden-L:3-r:1|ldleiden|smart|None|3|1|None|None|None|None|None|dyn_coauthorphysics|False|10,"results/archive/3s_8-9d_b0,999:10,100.json",3,161.61011910438538,0.0,1
,ldleiden-L:3-r:1,dyn_coauthorphysics,100,,0,,False,,dev_256g,ldleiden,,smart,0.6748420596122742,0.0,,,1,,experiment|ldleiden-L:3-r:1|ldleiden|smart|None|3|1|None|None|None|None|None|dyn_coauthorphysics|False|100,"results/archive/3s_8-9d_b0,999:10,100.json",3,2167.926969051361,0.0,1
,ldleiden-L:3-r:1,dyn_coauthorphysics,999:10,,0,,False,,dev_256g,ldleiden,,smart,0.6812829971313477,0.0,,,1,,experiment|ldleiden-L:3-r:1|ldleiden|smart|None|3|1|None|None|None|None|None|dyn_coauthorphysics|False|999:10,"results/archive/3s_8-9d_b0,999:10,100.json",3,134.26847887039185,0.0,1
,ldleiden-L:3-r:1,dyn_coauthorphysics,999:100,,0,,False,,dev_256g,ldleiden,,smart,0.6775100827217102,0.0,,,1,,experiment|ldleiden-L:3-r:1|ldleiden|smart|None|3|1|None|None|None|None|None|dyn_coauthorphysics|False|999:100,"results/archive/3s_8-9d_b0,999:10,100.json",3,993.6995904445648,0.0,1
,ldleiden-L:3-r:1,dyn_flickr,10,,0,,False,,dev_256g,ldleiden,,smart,0.5229707360267639,0.0,,,1,,experiment|ldleiden-L:3-r:1|ldleiden|smart|None|3|1|None|None|None|None|None|dyn_flickr|False|10,"results/archive/3s_8-9d_b0,999:10,100.json",3,1039.4917328357697,0.0,1
,ldleiden-L:3-r:1,dyn_flickr,100,,0,,False,,dev_256g,ldleiden,,smart,0.5432053804397583,0.0,,,1,,experiment|ldleiden-L:3-r:1|ldleiden|smart|None|3|1|None|None|None|None|None|dyn_flickr|False|100,"results/archive/3s_8-9d_b0,999:10,100.json",3,12895.32699584961,0.0,1
,ldleiden-L:3-r:1,dyn_flickr,999:10,,0,,False,,dev_256g,ldleiden,,smart,0.5235404372215271,0.0,,,1,,experiment|ldleiden-L:3-r:1|ldleiden|smart|None|3|1|None|None|None|None|None|dyn_flickr|False|999:10,"results/archive/3s_8-9d_b0,999:10,100.json",3,1310.0425448417664,0.0,1
,ldleiden-L:3-r:1,dyn_flickr,999:100,,0,,False,,dev_256g,ldleiden,,smart,0.521191418170929,0.0,,,1,,experiment|ldleiden-L:3-r:1|ldleiden|smart|None|3|1|None|None|None|None|None|dyn_flickr|False|999:100,"results/archive/3s_8-9d_b0,999:10,100.json",3,12847.520735502243,0.0,1
,ldleiden-L:3-r:1,dyn_nell,10,,0,,False,,dev_256g,ldleiden,,smart,0.8323072195053101,0.0,,,1,,experiment|ldleiden-L:3-r:1|ldleiden|smart|None|3|1|None|None|None|None|None|dyn_nell|False|10,"results/archive/3s_8-9d_b0,999:10,100.json",3,1728.6857357025146,0.0,1
,ldleiden-L:3-r:1,dyn_nell,100,,0,,False,,dev_256g,ldleiden,,smart,0.8360730409622192,0.0,,,1,,experiment|ldleiden-L:3-r:1|ldleiden|smart|None|3|1|None|None|None|None|None|dyn_nell|False|100,"results/archive/3s_8-9d_b0,999:10,100.json",3,19342.05663871765,0.0,1
,ldleiden-L:3-r:1,dyn_nell,999:10,,0,,False,,dev_256g,ldleiden,,smart,0.8343326449394226,0.0,,,1,,experiment|ldleiden-L:3-r:1|ldleiden|smart|None|3|1|None|None|None|None|None|dyn_nell|False|999:10,"results/archive/3s_8-9d_b0,999:10,100.json",3,482.7475485801697,0.0,1
,ldleiden-L:3-r:1,dyn_nell,999:100,,0,,False,,dev_256g,ldleiden,,smart,0.8256083130836487,0.0,,,1,,experiment|ldleiden-L:3-r:1|ldleiden|smart|None|3|1|None|None|None|None|None|dyn_nell|False|999:100,"results/archive/3s_8-9d_b0,999:10,100.json",3,2364.53058886528,0.0,1
,ldleiden-L:3-r:1,dyn_ogbn-arxiv,10,,0,,False,,dev_256g,ldleiden,,smart,0.7085990309715271,0.0,,,1,,experiment|ldleiden-L:3-r:1|ldleiden|smart|None|3|1|None|None|None|None|None|dyn_ogbn-arxiv|False|10,"results/archive/3s_8-9d_b0,999:10,100.json",3,3387.531639814377,0.0,1
,ldleiden-L:3-r:1,dyn_ogbn-arxiv,999:10,,0,,False,,dev_256g,ldleiden,,smart,0.7109984755516052,0.0,,,1,,experiment|ldleiden-L:3-r:1|ldleiden|smart|None|3|1|None|None|None|None|None|dyn_ogbn-arxiv|False|999:10,"results/archive/3s_8-9d_b0,999:10,100.json",3,2328.2343780994415,0.0,1
,ldleiden-L:3-r:1,dyn_ogbn-arxiv,999:100,,0,,False,,dev_256g,ldleiden,,smart,0.619095504283905,0.0,,,1,,experiment|ldleiden-L:3-r:1|ldleiden|smart|None|3|1|None|None|None|None|None|dyn_ogbn-arxiv|False|999:100,"results/archive/3s_8-9d_b0,999:10,100.json",3,21025.610404253006,0.0,1
,ldleiden-L:3-r:1,dyn_pubmed,10,,0,,False,,dev_256g,ldleiden,,smart,0.7784532308578491,0.0,,,1,,experiment|ldleiden-L:3-r:1|ldleiden|smart|None|3|1|None|None|None|None|None|dyn_pubmed|False|10,"results/archive/3s_8-9d_b0,999:10,100.json",3,92.22184205055237,0.0,1
,ldleiden-L:3-r:1,dyn_pubmed,100,,0,,False,,dev_256g,ldleiden,,smart,0.7747074961662292,0.0,,,1,,experiment|ldleiden-L:3-r:1|ldleiden|smart|None|3|1|None|None|None|None|None|dyn_pubmed|False|100,"results/archive/3s_8-9d_b0,999:10,100.json",3,1100.752825498581,0.0,1
,ldleiden-L:3-r:1,dyn_pubmed,999:10,,0,,False,,dev_256g,ldleiden,,smart,0.7724665999412537,0.0,,,1,,experiment|ldleiden-L:3-r:1|ldleiden|smart|None|3|1|None|None|None|None|None|dyn_pubmed|False|999:10,"results/archive/3s_8-9d_b0,999:10,100.json",3,22.13035821914673,0.0,1
,ldleiden-L:3-r:1,dyn_pubmed,999:100,,0,,False,,dev_256g,ldleiden,,smart,0.7390053272247314,0.0,,,1,,experiment|ldleiden-L:3-r:1|ldleiden|smart|None|3|1|None|None|None|None|None|dyn_pubmed|False|999:100,"results/archive/3s_8-9d_b0,999:10,100.json",3,32.323304891586304,0.0,1
,ldleiden-L:3-r:1,dyn_wikics,10,,0,,False,,dev_256g,ldleiden,,smart,0.6506315469741821,0.0,,,1,,experiment|ldleiden-L:3-r:1|ldleiden|smart|None|3|1|None|None|None|None|None|dyn_wikics|False|10,"results/archive/3s_8-9d_b0,999:10,100.json",3,28.233356714248657,0.0,1
,ldleiden-L:3-r:1,dyn_wikics,100,,0,,False,,dev_256g,ldleiden,,smart,0.6510651707649231,0.0,,,1,,experiment|ldleiden-L:3-r:1|ldleiden|smart|None|3|1|None|None|None|None|None|dyn_wikics|False|100,"results/archive/3s_8-9d_b0,999:10,100.json",3,307.7258195877075,0.0,1
,ldleiden-L:3-r:1,dyn_wikics,999:10,,0,,False,,dev_256g,ldleiden,,smart,0.6491603851318359,0.0,,,1,,experiment|ldleiden-L:3-r:1|ldleiden|smart|None|3|1|None|None|None|None|None|dyn_wikics|False|999:10,"results/archive/3s_8-9d_b0,999:10,100.json",3,22.46677851676941,0.0,1
,ldleiden-L:3-r:1,dyn_wikics,999:100,,0,,False,,dev_256g,ldleiden,,smart,0.6424498558044434,0.0,,,1,,experiment|ldleiden-L:3-r:1|ldleiden|smart|None|3|1|None|None|None|None|None|dyn_wikics|False|999:100,"results/archive/3s_8-9d_b0,999:10,100.json",3,275.9744129180908,0.0,1
,ldleiden-L:3-r:1,dyn_wiki,10,,0,,False,,dev_256g,ldleiden,,smart,0.7691282033920288,0.0,,,1,,experiment|ldleiden-L:3-r:1|ldleiden|smart|None|3|1|None|None|None|None|None|dyn_wiki|False|10,"results/archive/3s_8-9d_b0,999:10,100.json",3,2.45180606842041,0.0,1
,ldleiden-L:3-r:1,dyn_wiki,100,,0,,False,,dev_256g,ldleiden,,smart,0.7686592936515808,0.0,,,1,,experiment|ldleiden-L:3-r:1|ldleiden|smart|None|3|1|None|None|None|None|None|dyn_wiki|False|100,"results/archive/3s_8-9d_b0,999:10,100.json",3,16.604023694992065,0.0,1
,ldleiden-L:3-r:1,dyn_wiki,999:10,,0,,False,,dev_256g,ldleiden,,smart,0.7562462687492371,0.0,,,1,,experiment|ldleiden-L:3-r:1|ldleiden|smart|None|3|1|None|None|None|None|None|dyn_wiki|False|999:10,"results/archive/3s_8-9d_b0,999:10,100.json",3,0.2873704433441162,0.0,1
,ldleiden-L:3-r:1,dyn_wiki,999:100,,0,,False,,dev_256g,ldleiden,,smart,0.751738429069519,0.0,,,1,,experiment|ldleiden-L:3-r:1|ldleiden|smart|None|3|1|None|None|None|None|None|dyn_wiki|False|999:100,"results/archive/3s_8-9d_b0,999:10,100.json",3,0.36136341094970703,0.0,1
,ldleiden-dynamic,dyn_blogcatalog,999:10,,0,,False,,dev_256g,ldleiden,,dynamic,0.3640822092524834,0.0,,,,,experiment|ldleiden-dynamic|ldleiden|dynamic|None|None|None|None|None|None|None|None|dyn_blogcatalog|False|999:10,results/archive/3s_dynamic_10d_999:10.json,,0.13199999999999998,0.0,1
,ldleiden-dynamic,dyn_coauthorcs,999:10,,0,,False,,dev_256g,ldleiden,,dynamic,0.7514409082053704,0.0,,,,,experiment|ldleiden-dynamic|ldleiden|dynamic|None|None|None|None|None|None|None|None|dyn_coauthorcs|False|999:10,results/archive/3s_dynamic_10d_999:10.json,,0.048000000000000015,0.0,1
,ldleiden-dynamic,dyn_coauthorphysics,999:10,,0,,False,,dev_256g,ldleiden,,dynamic,0.684245740801862,0.0,,,,,experiment|ldleiden-dynamic|ldleiden|dynamic|None|None|None|None|None|None|None|None|dyn_coauthorphysics|False|999:10,results/archive/3s_dynamic_10d_999:10.json,,0.21099999999999997,0.0,1
,ldleiden-dynamic,dyn_flickr,999:10,,0,,False,,dev_256g,ldleiden,,dynamic,0.532762090876788,0.0,,,,,experiment|ldleiden-dynamic|ldleiden|dynamic|None|None|None|None|None|None|None|None|dyn_flickr|False|999:10,results/archive/3s_dynamic_10d_999:10.json,,1.167,0.0,1
,ldleiden-dynamic,dyn_nell,999:10,,0,,False,,dev_256g,ldleiden,,dynamic,0.8369748099668026,0.0,,,,,experiment|ldleiden-dynamic|ldleiden|dynamic|None|None|None|None|None|None|None|None|dyn_nell|False|999:10,results/archive/3s_dynamic_10d_999:10.json,,0.09999999999999998,0.0,1
,ldleiden-dynamic,dyn_ogbn-arxiv,999:10,,0,,False,,dev_256g,ldleiden,,dynamic,0.7091114924187164,0.0,,,,,experiment|ldleiden-dynamic|ldleiden|dynamic|None|None|None|None|None|None|None|None|dyn_ogbn-arxiv|False|999:10,results/archive/3s_dynamic_10d_999:10.json,,2.275,0.0,1
,ldleiden-dynamic,dyn_pubmed,999:10,,0,,False,,dev_256g,ldleiden,,dynamic,0.7795748828401244,0.0,,,,,experiment|ldleiden-dynamic|ldleiden|dynamic|None|None|None|None|None|None|None|None|dyn_pubmed|False|999:10,results/archive/3s_dynamic_10d_999:10.json,,0.010000000000000002,0.0,1
,ldleiden-dynamic,dyn_reddit2,999:10,,0,,False,,dev_256g,ldleiden,,dynamic,0.7704230659406685,0.0,,,,,experiment|ldleiden-dynamic|ldleiden|dynamic|None|None|None|None|None|None|None|None|dyn_reddit2|False|999:10,results/archive/3s_dynamic_10d_999:10.json,,28.776999999999997,0.0,1
,ldleiden-dynamic,dyn_wikics,999:10,,0,,False,,dev_256g,ldleiden,,dynamic,0.6511377217920911,0.0,,,,,experiment|ldleiden-dynamic|ldleiden|dynamic|None|None|None|None|None|None|None|None|dyn_wikics|False|999:10,results/archive/3s_dynamic_10d_999:10.json,,0.17400000000000004,0.0,1
,ldleiden-dynamic,dyn_wiki,999:10,,0,,False,,dev_256g,ldleiden,,dynamic,0.7714398783275812,0.0,,,,,experiment|ldleiden-dynamic|ldleiden|dynamic|None|None|None|None|None|None|None|None|dyn_wiki|False|999:10,results/archive/3s_dynamic_10d_999:10.json,,0.0,0.0,1
,ldleiden-naive-feat:dataset,arxivcs,999:10,,0,dataset,False,,cn69,ldleiden,,naive,0.7090410590171814,0.0,,,,,experiment|ldleiden-naive-feat:dataset|ldleiden|naive|None|None|None|None|None|dataset|None|None|arxivcs|False|999:10,results/archive/5fs_no_konect_ns.json,,39.039710533142085,0.0,1
,ldleiden-naive-feat:dataset,arxivlarge,999:10,,0,dataset,False,,cn69,ldleiden,,naive,0.7990651726722717,0.0,,,,,experiment|ldleiden-naive-feat:dataset|ldleiden|naive|None|None|None|None|None|dataset|None|None|arxivlarge|False|999:10,results/archive/5fs_no_konect_ns.json,,740.0216546840668,0.0,1
,ldleiden-naive-feat:dataset,arxivmath,999:10,,0,dataset,False,,cn69,ldleiden,,naive,0.8698424696922302,0.0,,,,,experiment|ldleiden-naive-feat:dataset|ldleiden|naive|None|None|None|None|None|dataset|None|None|arxivmath|False|999:10,results/archive/5fs_no_konect_ns.json,,41.89806664657593,0.0,1
,ldleiden-naive-feat:dataset,arxivphy,999:10,,0,dataset,False,,cn69,ldleiden,,naive,0.7794150114059448,0.0,,,,,experiment|ldleiden-naive-feat:dataset|ldleiden|naive|None|None|None|None|None|dataset|None|None|arxivphy|False|999:10,results/archive/5fs_no_konect_ns.json,,630.8727436313629,0.0,1
,ldleiden-naive-feat:dataset,dblp-tgc,999:10,,0,dataset,False,,cn69,ldleiden,,naive,0.7574771046638489,0.0,,,,,experiment|ldleiden-naive-feat:dataset|ldleiden|naive|None|None|None|None|None|dataset|None|None|dblp-tgc|False|999:10,results/archive/5fs_no_konect_ns.json,,2.9368168716430665,0.0,1
,ldleiden-naive-feat:dataset,dyn_acm,999:10,,0,dataset,False,,cn69,ldleiden,,naive,0.8225481510162354,0.0,,,,,experiment|ldleiden-naive-feat:dataset|ldleiden|naive|None|None|None|None|None|dataset|None|None|dyn_acm|False|999:10,results/archive/5fs_no_konect_ns.json,,0.14484840011596678,0.0,1
,ldleiden-naive-feat:dataset,dyn_bat,999:10,,0,dataset,False,,cn69,ldleiden,,naive,0.28106653690338135,0.0,,,,,experiment|ldleiden-naive-feat:dataset|ldleiden|naive|None|None|None|None|None|dataset|None|None|dyn_bat|False|999:10,results/archive/5fs_no_konect_ns.json,,0.0029327869415283203,0.0,1
,ldleiden-naive-feat:dataset,dyn_citeseer,999:10,,0,dataset,False,,cn69,ldleiden,,naive,0.888650119304657,0.0,,,,,experiment|ldleiden-naive-feat:dataset|ldleiden|naive|None|None|None|None|None|dataset|None|None|dyn_citeseer|False|999:10,results/archive/5fs_no_konect_ns.json,,0.10177673530578613,0.0,1
,ldleiden-naive-feat:dataset,dyn_coauthorcs,999:10,,0,dataset,False,,cn69,ldleiden,,naive,0.7468805909156799,0.0,,,,,experiment|ldleiden-naive-feat:dataset|ldleiden|naive|None|None|None|None|None|dataset|None|None|dyn_coauthorcs|False|999:10,results/archive/5fs_no_konect_ns.json,,1.8816158580780027,0.0,1
,ldleiden-naive-feat:dataset,dyn_coauthorphysics,999:10,,0,dataset,False,,cn69,ldleiden,,naive,0.6771504878997803,0.0,,,,,experiment|ldleiden-naive-feat:dataset|ldleiden|naive|None|None|None|None|None|dataset|None|None|dyn_coauthorphysics|False|999:10,results/archive/5fs_no_konect_ns.json,,5.841687866210938,0.0,1
,ldleiden-naive-feat:dataset,dyn_cora,999:10,,0,dataset,False,,cn69,ldleiden,,naive,0.8200956583023071,0.0,,,,,experiment|ldleiden-naive-feat:dataset|ldleiden|naive|None|None|None|None|None|dataset|None|None|dyn_cora|False|999:10,results/archive/5fs_no_konect_ns.json,,0.1307470703125,0.0,1
,ldleiden-naive-feat:dataset,dyn_flickr,999:10,,0,dataset,False,,cn69,ldleiden,,naive,0.5199678540229797,0.0,,,,,experiment|ldleiden-naive-feat:dataset|ldleiden|naive|None|None|None|None|None|dataset|None|None|dyn_flickr|False|999:10,results/archive/5fs_no_konect_ns.json,,19.488307966232302,0.0,1
,ldleiden-naive-feat:dataset,dyn_nell,999:10,,0,dataset,False,,cn69,ldleiden,,naive,0.8340370655059814,0.0,,,,,experiment|ldleiden-naive-feat:dataset|ldleiden|naive|None|None|None|None|None|dataset|None|None|dyn_nell|False|999:10,results/archive/5fs_no_konect_ns.json,,2.974742933273315,0.0,1
,ldleiden-naive-feat:dataset,dyn_ogbn-arxiv,999:10,,0,dataset,False,,cn69,ldleiden,,naive,0.7090410590171814,0.0,,,,,experiment|ldleiden-naive-feat:dataset|ldleiden|naive|None|None|None|None|None|dataset|None|None|dyn_ogbn-arxiv|False|999:10,results/archive/5fs_no_konect_ns.json,,39.672589124679554,0.0,1
,ldleiden-naive-feat:dataset,dyn_pubmed,999:10,,0,dataset,False,,cn69,ldleiden,,naive,0.7786027193069458,0.0,,,,,experiment|ldleiden-naive-feat:dataset|ldleiden|naive|None|None|None|None|None|dataset|None|None|dyn_pubmed|False|999:10,results/archive/5fs_no_konect_ns.json,,1.0503011646270752,0.0,1
,ldleiden-naive-feat:dataset,dyn_wiki,999:10,,0,dataset,False,,cn69,ldleiden,,naive,0.7699266076087952,0.0,,,,,experiment|ldleiden-naive-feat:dataset|ldleiden|naive|None|None|None|None|None|dataset|None|None|dyn_wiki|False|999:10,results/archive/5fs_no_konect_ns.json,,0.1642887496948242,0.0,1
,ldleiden-naive-feat:dataset,patent,999:10,,0,dataset,False,,cn69,ldleiden,,naive,0.8566455841064453,0.0,,,,,experiment|ldleiden-naive-feat:dataset|ldleiden|naive|None|None|None|None|None|dataset|None|None|patent|False|999:10,results/archive/5fs_no_konect_ns.json,,0.40235919952392574,0.0,1
,ldleiden-naive,dyn_acm,999:10,,0,,False,,cn69,ldleiden,,naive,0.8225486874580383,0.0,,,,,experiment|ldleiden-naive|ldleiden|naive|None|None|None|None|None|None|None|None|dyn_acm|False|999:10,results/archive/12s_5small_999:10.json,,0.20015168190002441,0.0,1
,ldleiden-naive,dyn_bat,999:10,,0,,False,,cn69,ldleiden,,naive,0.28106656670570374,0.0,,,,,experiment|ldleiden-naive|ldleiden|naive|None|None|None|None|None|None|None|None|dyn_bat|False|999:10,results/archive/12s_5small_999:10.json,,0.0033402442932128906,0.0,1
,ldleiden-naive,dyn_blogcatalog,10,,0,,False,,dev_256g,ldleiden,,naive,0.36367154121398926,0.0,,,,,experiment|ldleiden-naive|ldleiden|naive|None|None|None|None|None|None|None|None|dyn_blogcatalog|False|10,"results/archive/3s_8-9d_b0,999:10,100.json",,1.5839173793792725,0.0,1
,ldleiden-naive,dyn_blogcatalog,100,,0,,False,,dev_256g,ldleiden,,naive,0.36367154121398926,0.0,,,,,experiment|ldleiden-naive|ldleiden|naive|None|None|None|None|None|None|None|None|dyn_blogcatalog|False|100,"results/archive/3s_8-9d_b0,999:10,100.json",,14.781781196594238,0.0,1
,ldleiden-naive,dyn_blogcatalog,999:10,,0,,False,,dev_256g,ldleiden,,naive,0.36367154121398926,0.0,,,,,experiment|ldleiden-naive|ldleiden|naive|None|None|None|None|None|None|None|None|dyn_blogcatalog|False|999:10,"results/archive/3s_8-9d_b0,999:10,100.json",,2.5708463191986084,0.0,1
,ldleiden-naive,dyn_blogcatalog,999:100,,0,,False,,dev_256g,ldleiden,,naive,0.36367154121398926,0.0,,,,,experiment|ldleiden-naive|ldleiden|naive|None|None|None|None|None|None|None|None|dyn_blogcatalog|False|999:100,"results/archive/3s_8-9d_b0,999:10,100.json",,25.071205615997314,0.0,1
,ldleiden-naive,dyn_citeseer,999:10,,0,,False,,cn69,ldleiden,,naive,0.8886485695838928,0.0,,,,,experiment|ldleiden-naive|ldleiden|naive|None|None|None|None|None|None|None|None|dyn_citeseer|False|999:10,results/archive/12s_5small_999:10.json,,0.1598057746887207,0.0,1
,ldleiden-naive,dyn_coauthorcs,10,,0,,False,,dev_256g,ldleiden,,naive,0.7468806505203247,0.0,,,,,experiment|ldleiden-naive|ldleiden|naive|None|None|None|None|None|None|None|None|dyn_coauthorcs|False|10,"results/archive/3s_8-9d_b0,999:10,100.json",,1.3133060932159424,0.0,1
,ldleiden-naive,dyn_coauthorcs,100,,0,,False,,dev_256g,ldleiden,,naive,0.7468806505203247,0.0,,,,,experiment|ldleiden-naive|ldleiden|naive|None|None|None|None|None|None|None|None|dyn_coauthorcs|False|100,"results/archive/3s_8-9d_b0,999:10,100.json",,12.133382320404053,0.0,1
,ldleiden-naive,dyn_coauthorcs,999:10,,0,,False,,dev_256g,ldleiden,,naive,0.7468806505203247,0.0,,,,,experiment|ldleiden-naive|ldleiden|naive|None|None|None|None|None|None|None|None|dyn_coauthorcs|False|999:10,"results/archive/3s_8-9d_b0,999:10,100.json",,1.9819905757904053,0.0,1
,ldleiden-naive,dyn_coauthorcs,999:100,,0,,False,,dev_256g,ldleiden,,naive,0.7468806505203247,0.0,,,,,experiment|ldleiden-naive|ldleiden|naive|None|None|None|None|None|None|None|None|dyn_coauthorcs|False|999:100,"results/archive/3s_8-9d_b0,999:10,100.json",,19.885976791381836,0.0,1
,ldleiden-naive,dyn_coauthorphysics,10,,0,,False,,dev_256g,ldleiden,,naive,0.677150547504425,0.0,,,,,experiment|ldleiden-naive|ldleiden|naive|None|None|None|None|None|None|None|None|dyn_coauthorphysics|False|10,"results/archive/3s_8-9d_b0,999:10,100.json",,4.080663681030273,0.0,1
,ldleiden-naive,dyn_coauthorphysics,100,,0,,False,,dev_256g,ldleiden,,naive,0.677150547504425,0.0,,,,,experiment|ldleiden-naive|ldleiden|naive|None|None|None|None|None|None|None|None|dyn_coauthorphysics|False|100,"results/archive/3s_8-9d_b0,999:10,100.json",,37.684569120407104,0.0,1
,ldleiden-naive,dyn_coauthorphysics,999:10,,0,,False,,dev_256g,ldleiden,,naive,0.677150547504425,0.0,,,,,experiment|ldleiden-naive|ldleiden|naive|None|None|None|None|None|None|None|None|dyn_coauthorphysics|False|999:10,"results/archive/3s_8-9d_b0,999:10,100.json",,6.377590894699097,0.0,1
,ldleiden-naive,dyn_coauthorphysics,999:100,,0,,False,,dev_256g,ldleiden,,naive,0.677150547504425,0.0,,,,,experiment|ldleiden-naive|ldleiden|naive|None|None|None|None|None|None|None|None|dyn_coauthorphysics|False|999:100,"results/archive/3s_8-9d_b0,999:10,100.json",,62.747995138168335,0.0,1
,ldleiden-naive,dyn_cora,999:10,,0,,False,,cn69,ldleiden,,naive,0.8200956583023071,0.0,,,,,experiment|ldleiden-naive|ldleiden|naive|None|None|None|None|None|None|None|None|dyn_cora|False|999:10,results/archive/12s_5small_999:10.json,,0.20462679862976074,0.0,1
,ldleiden-naive,dyn_dblp,999:10,,0,,False,,cn69,ldleiden,,naive,0.8628565669059753,0.0,,,,,experiment|ldleiden-naive|ldleiden|naive|None|None|None|None|None|None|None|None|dyn_dblp|False|999:10,results/archive/12s_5small_999:10.json,,0.09752678871154785,0.0,1
,ldleiden-naive,dyn_flickr,10,,0,,False,,dev_256g,ldleiden,,naive,0.519967794418335,0.0,,,,,experiment|ldleiden-naive|ldleiden|naive|None|None|None|None|None|None|None|None|dyn_flickr|False|10,"results/archive/3s_8-9d_b0,999:10,100.json",,12.999253511428833,0.0,1
,ldleiden-naive,dyn_flickr,100,,0,,False,,dev_256g,ldleiden,,naive,0.519967794418335,0.0,,,,,experiment|ldleiden-naive|ldleiden|naive|None|None|None|None|None|None|None|None|dyn_flickr|False|100,"results/archive/3s_8-9d_b0,999:10,100.json",,121.75466227531433,0.0,1
,ldleiden-naive,dyn_flickr,999:10,,0,,False,,dev_256g,ldleiden,,naive,0.519967794418335,0.0,,,,,experiment|ldleiden-naive|ldleiden|naive|None|None|None|None|None|None|None|None|dyn_flickr|False|999:10,"results/archive/3s_8-9d_b0,999:10,100.json",,20.918587684631348,0.0,1
,ldleiden-naive,dyn_flickr,999:100,,0,,False,,dev_256g,ldleiden,,naive,0.519967794418335,0.0,,,,,experiment|ldleiden-naive|ldleiden|naive|None|None|None|None|None|None|None|None|dyn_flickr|False|999:100,"results/archive/3s_8-9d_b0,999:10,100.json",,209.5029239654541,0.0,1
,ldleiden-naive,dyn_nell,10,,0,,False,,dev_256g,ldleiden,,naive,0.8340373635292053,0.0,,,,,experiment|ldleiden-naive|ldleiden|naive|None|None|None|None|None|None|None|None|dyn_nell|False|10,"results/archive/3s_8-9d_b0,999:10,100.json",,1.975999116897583,0.0,1
,ldleiden-naive,dyn_nell,100,,0,,False,,dev_256g,ldleiden,,naive,0.8340373635292053,0.0,,,,,experiment|ldleiden-naive|ldleiden|naive|None|None|None|None|None|None|None|None|dyn_nell|False|100,"results/archive/3s_8-9d_b0,999:10,100.json",,18.484764099121094,0.0,1
,ldleiden-naive,dyn_nell,999:10,,0,,False,,dev_256g,ldleiden,,naive,0.8340373635292053,0.0,,,,,experiment|ldleiden-naive|ldleiden|naive|None|None|None|None|None|None|None|None|dyn_nell|False|999:10,"results/archive/3s_8-9d_b0,999:10,100.json",,3.341304063796997,0.0,1
,ldleiden-naive,dyn_nell,999:100,,0,,False,,dev_256g,ldleiden,,naive,0.8340373635292053,0.0,,,,,experiment|ldleiden-naive|ldleiden|naive|None|None|None|None|None|None|None|None|dyn_nell|False|999:100,"results/archive/3s_8-9d_b0,999:10,100.json",,33.468891620635986,0.0,1
,ldleiden-naive,dyn_ogbn-arxiv,10,,0,,False,,dev_256g,ldleiden,,naive,0.7105743885040283,0.0,,,,,experiment|ldleiden-naive|ldleiden|naive|None|None|None|None|None|None|None|None|dyn_ogbn-arxiv|False|10,"results/archive/3s_8-9d_b0,999:10,100.json",,29.71524667739868,0.0,1
,ldleiden-naive,dyn_ogbn-arxiv,999:10,,0,,False,,dev_256g,ldleiden,,naive,0.7105743885040283,0.0,,,,,experiment|ldleiden-naive|ldleiden|naive|None|None|None|None|None|None|None|None|dyn_ogbn-arxiv|False|999:10,"results/archive/3s_8-9d_b0,999:10,100.json",,47.13455533981323,0.0,1
,ldleiden-naive,dyn_ogbn-arxiv,999:100,,0,,False,,dev_256g,ldleiden,,naive,0.7105743885040283,0.0,,,,,experiment|ldleiden-naive|ldleiden|naive|None|None|None|None|None|None|None|None|dyn_ogbn-arxiv|False|999:100,"results/archive/3s_8-9d_b0,999:10,100.json",,469.22765254974365,0.0,1
,ldleiden-naive,dyn_pubmed,10,,0,,False,,dev_256g,ldleiden,,naive,0.7804428935050964,0.0,,,,,experiment|ldleiden-naive|ldleiden|naive|None|None|None|None|None|None|None|None|dyn_pubmed|False|10,"results/archive/3s_8-9d_b0,999:10,100.json",,0.7407588958740234,0.0,1
,ldleiden-naive,dyn_pubmed,100,,0,,False,,dev_256g,ldleiden,,naive,0.7804428935050964,0.0,,,,,experiment|ldleiden-naive|ldleiden|naive|None|None|None|None|None|None|None|None|dyn_pubmed|False|100,"results/archive/3s_8-9d_b0,999:10,100.json",,6.940446853637695,0.0,1
,ldleiden-naive,dyn_pubmed,999:10,,0,,False,,dev_256g,ldleiden,,naive,0.7804428935050964,0.0,,,,,experiment|ldleiden-naive|ldleiden|naive|None|None|None|None|None|None|None|None|dyn_pubmed|False|999:10,"results/archive/3s_8-9d_b0,999:10,100.json",,1.2062780857086182,0.0,1
,ldleiden-naive,dyn_pubmed,999:100,,0,,False,,dev_256g,ldleiden,,naive,0.7804428935050964,0.0,,,,,experiment|ldleiden-naive|ldleiden|naive|None|None|None|None|None|None|None|None|dyn_pubmed|False|999:100,"results/archive/3s_8-9d_b0,999:10,100.json",,5.327444553375244,0.0,1
,ldleiden-naive,dyn_wikics,10,,0,,False,,dev_256g,ldleiden,,naive,0.6498894095420837,0.0,,,,,experiment|ldleiden-naive|ldleiden|naive|None|None|None|None|None|None|None|None|dyn_wikics|False|10,"results/archive/3s_8-9d_b0,999:10,100.json",,1.9163997173309326,0.0,1
,ldleiden-naive,dyn_wikics,100,,0,,False,,dev_256g,ldleiden,,naive,0.6498894095420837,0.0,,,,,experiment|ldleiden-naive|ldleiden|naive|None|None|None|None|None|None|None|None|dyn_wikics|False|100,"results/archive/3s_8-9d_b0,999:10,100.json",,17.83186101913452,0.0,1
,ldleiden-naive,dyn_wikics,999:10,,0,,False,,dev_256g,ldleiden,,naive,0.6498894095420837,0.0,,,,,experiment|ldleiden-naive|ldleiden|naive|None|None|None|None|None|None|None|None|dyn_wikics|False|999:10,"results/archive/3s_8-9d_b0,999:10,100.json",,3.2618722915649414,0.0,1
,ldleiden-naive,dyn_wikics,999:100,,0,,False,,dev_256g,ldleiden,,naive,0.6498894095420837,0.0,,,,,experiment|ldleiden-naive|ldleiden|naive|None|None|None|None|None|None|None|None|dyn_wikics|False|999:100,"results/archive/3s_8-9d_b0,999:10,100.json",,32.274603605270386,0.0,1
,ldleiden-naive,dyn_wiki,10,,0,,False,,dev_256g,ldleiden,,naive,0.7681347131729126,0.0,,,,,experiment|ldleiden-naive|ldleiden|naive|None|None|None|None|None|None|None|None|dyn_wiki|False|10,"results/archive/3s_8-9d_b0,999:10,100.json",,0.12972402572631836,0.0,1
,ldleiden-naive,dyn_wiki,100,,0,,False,,dev_256g,ldleiden,,naive,0.7681347131729126,0.0,,,,,experiment|ldleiden-naive|ldleiden|naive|None|None|None|None|None|None|None|None|dyn_wiki|False|100,"results/archive/3s_8-9d_b0,999:10,100.json",,1.230503797531128,0.0,1
,ldleiden-naive,dyn_wiki,999:10,,0,,False,,dev_256g,ldleiden,,naive,0.7681347131729126,0.0,,,,,experiment|ldleiden-naive|ldleiden|naive|None|None|None|None|None|None|None|None|dyn_wiki|False|999:10,"results/archive/3s_8-9d_b0,999:10,100.json",,0.17833924293518066,0.0,1
,ldleiden-naive,dyn_wiki,999:100,,0,,False,,dev_256g,ldleiden,,naive,0.7681347131729126,0.0,,,,,experiment|ldleiden-naive|ldleiden|naive|None|None|None|None|None|None|None|None|dyn_wiki|False|999:100,"results/archive/3s_8-9d_b0,999:10,100.json",,0.2862679958343506,0.0,1
,ldleiden-raw,dyn_blogcatalog,999:10,,0,,False,,dev_256g,ldleiden,,raw,0.36367154121398926,0.0,,,,,experiment|ldleiden-raw|ldleiden|raw|None|None|None|None|None|None|None|None|dyn_blogcatalog|False|999:10,results/archive/5s_5-6d_b999:10.json,,2.725537061691284,0.0,1
,ldleiden-raw,dyn_coauthorcs,999:10,,0,,False,,dev_256g,ldleiden,,raw,0.7468806505203247,0.0,,,,,experiment|ldleiden-raw|ldleiden|raw|None|None|None|None|None|None|None|None|dyn_coauthorcs|False|999:10,results/archive/5s_5-6d_b999:10.json,,2.129211187362671,0.0,1
,ldleiden-raw,dyn_coauthorphysics,999:10,,0,,False,,dev_256g,ldleiden,,raw,0.677150547504425,0.0,,,,,experiment|ldleiden-raw|ldleiden|raw|None|None|None|None|None|None|None|None|dyn_coauthorphysics|False|999:10,results/archive/5s_5-6d_b999:10.json,,6.447000980377197,0.0,1
,ldleiden-raw,dyn_flickr,999:10,,0,,False,,dev_256g,ldleiden,,raw,0.519967794418335,0.0,,,,,experiment|ldleiden-raw|ldleiden|raw|None|None|None|None|None|None|None|None|dyn_flickr|False|999:10,results/archive/3s_2d_b999:10.json,,25.422527313232422,0.0,1
,ldleiden-raw,dyn_nell,999:10,,0,,False,,dev_256g,ldleiden,,raw,0.8340373635292053,0.0,,,,,experiment|ldleiden-raw|ldleiden|raw|None|None|None|None|None|None|None|None|dyn_nell|False|999:10,results/archive/3s_2d_b999:10.json,,3.855161190032959,0.0,1
,ldleiden-raw,dyn_pubmed,999:10,,0,,False,,dev_256g,ldleiden,,raw,0.7804428935050964,0.0,,,,,experiment|ldleiden-raw|ldleiden|raw|None|None|None|None|None|None|None|None|dyn_pubmed|False|999:10,results/archive/5s_5-6d_b999:10.json,,1.2383472919464111,0.0,1
,ldleiden-raw,dyn_wikics,999:10,,0,,False,,dev_256g,ldleiden,,raw,0.6498894095420837,0.0,,,,,experiment|ldleiden-raw|ldleiden|raw|None|None|None|None|None|None|None|None|dyn_wikics|False|999:10,results/archive/5s_5-6d_b999:10.json,,3.3914530277252197,0.0,1
,ldleiden-raw,dyn_wiki,999:10,,0,,False,,dev_256g,ldleiden,,raw,0.7681347131729126,0.0,,,,,experiment|ldleiden-raw|ldleiden|raw|None|None|None|None|None|None|None|None|dyn_wiki|False|999:10,results/archive/5s_5-6d_b999:10.json,,0.1865246295928955,0.0,1
,leidenalg-L:1-r:0-gpu,arxivmath,100,gpu,0,,False,,cn69,leidenalg,,smart,0.7978118062019348,0.0,0.19184369712871369,0.0,0,,experiment|leidenalg-L:1-r:0-gpu|leidenalg|smart|None|1|0|None|gpu|None|None|None|arxivmath|False|100,results/drobyshev/test_leidenalg_20260515_1753.json,1,26.394512709230185,0.0,1
,leidenalg-L:1-r:0-gpu,arxivmath,999:10,gpu,0,,False,,cn69,leidenalg,,smart,0.8796422481536865,0.0,0.4080458103331613,0.0,0,,experiment|leidenalg-L:1-r:0-gpu|leidenalg|smart|None|1|0|None|gpu|None|None|None|arxivmath|False|999:10,results/drobyshev/experiment_20260515_0109.json,1,0.20416736975312233,0.0,1
,leidenalg-L:1-r:0-gpu,arxivmath,999:10,gpu,0,,True,,cn69,leidenalg,,smart,0.8787394762039185,0.0,0.4085261234785452,0.0,0,,experiment|leidenalg-L:1-r:0-gpu|leidenalg|smart|None|1|0|None|gpu|None|None|None|arxivmath|True|999:10,results/paper_icdm/ablation_topology_radius_depth_20260525_1852.json,1,0.30093029141426086,0.0,1
,leidenalg-L:1-r:0-gpu,dyn_acm,10,gpu,0,,False,,cn69,leidenalg,,smart,0.7928407192230225,0.0,0.19377554415321083,0.0,0,,experiment|leidenalg-L:1-r:0-gpu|leidenalg|smart|None|1|0|None|gpu|None|None|None|dyn_acm|False|10,results/drobyshev/test_leidenalg_20260515_1753.json,1,0.6743180304765701,0.0,1
,leidenalg-L:1-r:0-gpu,dyn_acm,100,gpu,0,,False,,cn69,leidenalg,,smart,0.7362081408500671,0.0,0.1387908570370177,0.0,0,,experiment|leidenalg-L:1-r:0-gpu|leidenalg|smart|None|1|0|None|gpu|None|None|None|dyn_acm|False|100,results/drobyshev/test_leidenalg_20260515_1753.json,1,1.289249874651432,0.0,1
,leidenalg-L:1-r:0-gpu,dyn_acm,999:10,gpu,0,,False,,cn69,leidenalg,,smart,0.821367621421814,0.0,0.2634120329514432,0.0,0,,experiment|leidenalg-L:1-r:0-gpu|leidenalg|smart|None|1|0|None|gpu|None|None|None|dyn_acm|False|999:10,results/drobyshev/experiment_20260515_0109.json,1,0.040228646248579025,0.0,1
,leidenalg-L:1-r:0-gpu,dyn_citeseer,10,gpu,0,,False,,cn69,leidenalg,,smart,0.795276403427124,0.0,0.1670406538629143,0.0,0,,experiment|leidenalg-L:1-r:0-gpu|leidenalg|smart|None|1|0|None|gpu|None|None|None|dyn_citeseer|False|10,results/drobyshev/test_leidenalg_20260515_1753.json,1,0.2777185030281544,0.0,1
,leidenalg-L:1-r:0-gpu,dyn_citeseer,100,gpu,0,,False,,cn69,leidenalg,,smart,0.7806499004364014,0.0,0.16509131130844917,0.0,0,,experiment|leidenalg-L:1-r:0-gpu|leidenalg|smart|None|1|0|None|gpu|None|None|None|dyn_citeseer|False|100,results/drobyshev/test_leidenalg_20260515_1753.json,1,0.7207048945128918,0.0,1
,leidenalg-L:1-r:0-gpu,dyn_citeseer,999:10,gpu,0,,False,,cn69,leidenalg,,smart,0.8929144740104675,0.0,0.333177919487236,0.0,0,,experiment|leidenalg-L:1-r:0-gpu|leidenalg|smart|None|1|0|None|gpu|None|None|None|dyn_citeseer|False|999:10,results/drobyshev/experiment_20260515_0109.json,1,0.027977511286735535,0.0,1
,leidenalg-L:1-r:0-gpu,dyn_cora,10,gpu,0,,False,,cn69,leidenalg,,smart,0.7032676935195923,0.0,0.2498676071952266,0.0,0,,experiment|leidenalg-L:1-r:0-gpu|leidenalg|smart|None|1|0|None|gpu|None|None|None|dyn_cora|False|10,results/drobyshev/test_leidenalg_20260515_1753.json,1,0.8158958777785301,0.0,1
,leidenalg-L:1-r:0-gpu,dyn_cora,100,gpu,0,,False,,cn69,leidenalg,,smart,0.6683208346366882,0.0,0.16864238069466897,0.0,0,,experiment|leidenalg-L:1-r:0-gpu|leidenalg|smart|None|1|0|None|gpu|None|None|None|dyn_cora|False|100,results/drobyshev/test_leidenalg_20260515_1753.json,1,0.8400017283856869,0.0,1
,leidenalg-L:1-r:0-gpu,dyn_cora,999:10,gpu,0,,False,,cn69,leidenalg,,smart,0.8139452338218689,0.0,0.45051201971961424,0.0,0,,experiment|leidenalg-L:1-r:0-gpu|leidenalg|smart|None|1|0|None|gpu|None|None|None|dyn_cora|False|999:10,results/drobyshev/experiment_20260515_0109.json;results/paper_icdm/ablation_topology_radius_depth_20260525_1852.json,1,0.3106084391474724,0.23019671942942166,2
,leidenalg-L:1-r:0-gpu,dyn_pubmed,10,gpu,0,,False,,cn69,leidenalg,,smart,0.6866467595100403,0.0,0.09394084185158708,0.0,0,,experiment|leidenalg-L:1-r:0-gpu|leidenalg|smart|None|1|0|None|gpu|None|None|None|dyn_pubmed|False|10,results/drobyshev/test_leidenalg_20260515_1753.json,1,1.6728616543114185,0.0,1
,leidenalg-L:1-r:0-gpu,dyn_pubmed,100,gpu,0,,False,,cn69,leidenalg,,smart,0.619800865650177,0.0,0.054424210892996344,0.0,0,,experiment|leidenalg-L:1-r:0-gpu|leidenalg|smart|None|1|0|None|gpu|None|None|None|dyn_pubmed|False|100,results/drobyshev/test_leidenalg_20260515_1753.json,1,3.1726950109004974,0.0,1
,leidenalg-L:1-r:0-gpu,dyn_pubmed,999:10,gpu,0,,False,,cn69,leidenalg,,smart,0.7838045358657837,0.0,0.20649648523147016,0.0,0,,experiment|leidenalg-L:1-r:0-gpu|leidenalg|smart|None|1|0|None|gpu|None|None|None|dyn_pubmed|False|999:10,results/drobyshev/experiment_20260515_0109.json,1,0.04769420996308327,0.0,1
,leidenalg-L:1-r:0-gpu,dyn_pubmed,999:10,gpu,0,,True,,cn69,leidenalg,,smart,0.782234251499176,0.0,0.2069678101897331,0.0,0,,experiment|leidenalg-L:1-r:0-gpu|leidenalg|smart|None|1|0|None|gpu|None|None|None|dyn_pubmed|True|999:10,results/paper_icdm/ablation_topology_radius_depth_20260525_1852.json,1,0.04780109226703644,0.0,1
,leidenalg-L:1-r:0-gpu,lkml-reply,10,gpu,0,,False,,cn69,leidenalg,,smart,0.3501569926738739,0.0,,,0,,experiment|leidenalg-L:1-r:0-gpu|leidenalg|smart|None|1|0|None|gpu|None|None|None|lkml-reply|False|10,results/drobyshev/test_leidenalg_20260515_1753.json,1,6.115251243114471,0.0,1
,leidenalg-L:1-r:0-gpu,lkml-reply,100,gpu,0,,False,,cn69,leidenalg,,smart,0.3527991473674774,0.0,,,0,,experiment|leidenalg-L:1-r:0-gpu|leidenalg|smart|None|1|0|None|gpu|None|None|None|lkml-reply|False|100,results/drobyshev/test_leidenalg_20260515_1753.json,1,19.686949625611305,0.0,1
,leidenalg-L:1-r:0-gpu,lkml-reply,999:10,gpu,0,,False,,cn69,leidenalg,,smart,0.3716179132461548,0.0,,,0,,experiment|leidenalg-L:1-r:0-gpu|leidenalg|smart|None|1|0|None|gpu|None|None|None|lkml-reply|False|999:10,results/drobyshev/experiment_20260515_0109.json,1,0.13160312548279762,0.0,1
,leidenalg-L:1-r:0-gpu,patent,10,gpu,0,,False,,cn69,leidenalg,,smart,0.7978444695472717,0.0,0.21137177147573938,0.0,0,,experiment|leidenalg-L:1-r:0-gpu|leidenalg|smart|None|1|0|None|gpu|None|None|None|patent|False|10,results/drobyshev/test_leidenalg_20260515_1753.json,1,0.4596572741866112,0.0,1
,leidenalg-L:1-r:0-gpu,patent,100,gpu,0,,False,,cn69,leidenalg,,smart,0.5634164214134216,0.0,0.12400681338582314,0.0,0,,experiment|leidenalg-L:1-r:0-gpu|leidenalg|smart|None|1|0|None|gpu|None|None|None|patent|False|100,results/drobyshev/test_leidenalg_20260515_1753.json,1,1.1188379898667336,0.0,1
,leidenalg-L:1-r:0-gpu,patent,999:10,gpu,0,,False,,cn69,leidenalg,,smart,0.8329507112503052,0.0,0.3607261320001652,0.0,0,,experiment|leidenalg-L:1-r:0-gpu|leidenalg|smart|None|1|0|None|gpu|None|None|None|patent|False|999:10,results/drobyshev/experiment_20260515_0109.json,1,0.04739411547780037,0.0,1
,leidenalg-L:1-r:1-gpu,arxivmath,999:10,gpu,0,,False,,cn69,leidenalg,,smart,0.8810405135154724,0.0,0.4053889522128412,0.0,1,,experiment|leidenalg-L:1-r:1-gpu|leidenalg|smart|None|1|1|None|gpu|None|None|None|arxivmath|False|999:10,results/drobyshev/experiment_20260515_0109.json,1,1.13530433177948,0.0,1
,leidenalg-L:1-r:1-gpu,arxivmath,999:10,gpu,0,,True,,cn69,leidenalg,,smart,0.8810198903083801,0.0,0.4019430594001158,0.0,1,,experiment|leidenalg-L:1-r:1-gpu|leidenalg|smart|None|1|1|None|gpu|None|None|None|arxivmath|True|999:10,results/paper_icdm/ablation_topology_radius_depth_20260525_1852.json,1,1.6543809995055199,0.0,1
,leidenalg-L:1-r:1-gpu,dyn_acm,10,gpu,0,,False,,cn69,leidenalg,,smart,0.8162592053413391,0.0,0.21974157989014925,0.0,1,,experiment|leidenalg-L:1-r:1-gpu|leidenalg|smart|None|1|1|None|gpu|None|None|None|dyn_acm|False|10,results/drobyshev/test_leidenalg_20260515_1753.json,1,0.9538534358143806,0.0,1
,leidenalg-L:1-r:1-gpu,dyn_acm,100,gpu,0,,False,,cn69,leidenalg,,smart,0.8029041290283203,0.0,0.20421911447625554,0.0,1,,experiment|leidenalg-L:1-r:1-gpu|leidenalg|smart|None|1|1|None|gpu|None|None|None|dyn_acm|False|100,results/drobyshev/test_leidenalg_20260515_1753.json,1,5.637357495725155,0.0,1
,leidenalg-L:1-r:1-gpu,dyn_acm,999:10,gpu,0,,False,,cn69,leidenalg,,smart,0.7941327691078186,0.0,0.24842149904186409,0.0,1,,experiment|leidenalg-L:1-r:1-gpu|leidenalg|smart|None|1|1|None|gpu|None|None|None|dyn_acm|False|999:10,results/drobyshev/experiment_20260515_0109.json,1,0.10780015587806702,0.0,1
,leidenalg-L:1-r:1-gpu,dyn_citeseer,10,gpu,0,,False,,cn69,leidenalg,,smart,0.8586695194244385,0.0,0.21276525230911697,0.0,1,,experiment|leidenalg-L:1-r:1-gpu|leidenalg|smart|None|1|1|None|gpu|None|None|None|dyn_citeseer|False|10,results/drobyshev/test_leidenalg_20260515_1753.json,1,0.4886559844017029,0.0,1
,leidenalg-L:1-r:1-gpu,dyn_citeseer,100,gpu,0,,False,,cn69,leidenalg,,smart,0.8243824243545532,0.0,0.13127170406549757,0.0,1,,experiment|leidenalg-L:1-r:1-gpu|leidenalg|smart|None|1|1|None|gpu|None|None|None|dyn_citeseer|False|100,results/drobyshev/test_leidenalg_20260515_1753.json,1,1.4669581353664398,0.0,1
,leidenalg-L:1-r:1-gpu,dyn_citeseer,999:10,gpu,0,,False,,cn69,leidenalg,,smart,0.8856913447380066,0.0,0.32790007000469806,0.0,1,,experiment|leidenalg-L:1-r:1-gpu|leidenalg|smart|None|1|1|None|gpu|None|None|None|dyn_citeseer|False|999:10,results/drobyshev/experiment_20260515_0109.json,1,0.04678124189376831,0.0,1
,leidenalg-L:1-r:1-gpu,dyn_cora,10,gpu,0,,False,,cn69,leidenalg,,smart,0.8000128269195557,0.0,0.4322521209848176,0.0,1,,experiment|leidenalg-L:1-r:1-gpu|leidenalg|smart|None|1|1|None|gpu|None|None|None|dyn_cora|False|10,results/drobyshev/test_leidenalg_20260515_1753.json,1,0.6292302645742893,0.0,1
,leidenalg-L:1-r:1-gpu,dyn_cora,100,gpu,0,,False,,cn69,leidenalg,,smart,0.782958984375,0.0,0.31741032023792437,0.0,1,,experiment|leidenalg-L:1-r:1-gpu|leidenalg|smart|None|1|1|None|gpu|None|None|None|dyn_cora|False|100,results/drobyshev/test_leidenalg_20260515_1753.json,1,2.046765487641096,0.0,1
,leidenalg-L:1-r:1-gpu,dyn_cora,999:10,gpu,0,,False,,cn69,leidenalg,,smart,0.7902222275733948,0.0,0.4250357096629182,0.0,1,,experiment|leidenalg-L:1-r:1-gpu|leidenalg|smart|None|1|1|None|gpu|None|None|None|dyn_cora|False|999:10,results/drobyshev/experiment_20260515_0109.json;results/paper_icdm/ablation_topology_radius_depth_20260525_1852.json,1,0.056665048003196716,0.00035938617725239343,2
,leidenalg-L:1-r:1-gpu,dyn_pubmed,10,gpu,0,,False,,cn69,leidenalg,,smart,0.7758904099464417,0.0,0.19405878554745595,0.0,1,,experiment|leidenalg-L:1-r:1-gpu|leidenalg|smart|None|1|1|None|gpu|None|None|None|dyn_pubmed|False|10,results/drobyshev/test_leidenalg_20260515_1753.json,1,3.857124648988247,0.0,1
,leidenalg-L:1-r:1-gpu,dyn_pubmed,100,gpu,0,,False,,cn69,leidenalg,,smart,0.7657668590545654,0.0,0.15180363927432508,0.0,1,,experiment|leidenalg-L:1-r:1-gpu|leidenalg|smart|None|1|1|None|gpu|None|None|None|dyn_pubmed|False|100,results/drobyshev/test_leidenalg_20260515_1753.json,1,12.761018875986338,0.0,1
,leidenalg-L:1-r:1-gpu,dyn_pubmed,999:10,gpu,0,,False,,cn69,leidenalg,,smart,0.7828795313835144,0.0,0.20524416311204885,0.0,1,,experiment|leidenalg-L:1-r:1-gpu|leidenalg|smart|None|1|1|None|gpu|None|None|None|dyn_pubmed|False|999:10,results/drobyshev/experiment_20260515_0109.json,1,0.1122397780418396,0.0,1
,leidenalg-L:1-r:1-gpu,dyn_pubmed,999:10,gpu,0,,True,,cn69,leidenalg,,smart,0.7814204692840576,0.0,0.2010739564019686,0.0,1,,experiment|leidenalg-L:1-r:1-gpu|leidenalg|smart|None|1|1|None|gpu|None|None|None|dyn_pubmed|True|999:10,results/paper_icdm/ablation_topology_radius_depth_20260525_1852.json,1,0.13286440074443817,0.0,1
,leidenalg-L:1-r:1-gpu,lkml-reply,10,gpu,0,,False,,cn69,leidenalg,,smart,0.3814505338668823,0.0,,,1,,experiment|leidenalg-L:1-r:1-gpu|leidenalg|smart|None|1|1|None|gpu|None|None|None|lkml-reply|False|10,results/drobyshev/test_leidenalg_20260515_1753.json,1,12.240444108843803,0.0,1
,leidenalg-L:1-r:1-gpu,lkml-reply,100,gpu,0,,False,,cn69,leidenalg,,smart,0.38996055722236633,0.0,,,1,,experiment|leidenalg-L:1-r:1-gpu|leidenalg|smart|None|1|1|None|gpu|None|None|None|lkml-reply|False|100,results/drobyshev/test_leidenalg_20260515_1753.json,1,107.95517399907112,0.0,1
,leidenalg-L:1-r:1-gpu,lkml-reply,999:10,gpu,0,,False,,cn69,leidenalg,,smart,0.3872048258781433,0.0,,,1,,experiment|leidenalg-L:1-r:1-gpu|leidenalg|smart|None|1|1|None|gpu|None|None|None|lkml-reply|False|999:10,results/drobyshev/experiment_20260515_0109.json,1,16.459212504327297,0.0,1
,leidenalg-L:1-r:1-gpu,patent,10,gpu,0,,False,,cn69,leidenalg,,smart,0.8558155298233032,0.0,0.3600930214814121,0.0,1,,experiment|leidenalg-L:1-r:1-gpu|leidenalg|smart|None|1|1|None|gpu|None|None|None|patent|False|10,results/drobyshev/test_leidenalg_20260515_1753.json,1,1.2512063831090927,0.0,1
,leidenalg-L:1-r:1-gpu,patent,100,gpu,0,,False,,cn69,leidenalg,,smart,0.8393190503120422,0.0,0.2925341362170102,0.0,1,,experiment|leidenalg-L:1-r:1-gpu|leidenalg|smart|None|1|1|None|gpu|None|None|None|patent|False|100,results/drobyshev/test_leidenalg_20260515_1753.json,1,6.236520376056433,0.0,1
,leidenalg-L:1-r:1-gpu,patent,999:10,gpu,0,,False,,cn69,leidenalg,,smart,0.8564608693122864,0.0,0.36165515221529915,0.0,1,,experiment|leidenalg-L:1-r:1-gpu|leidenalg|smart|None|1|1|None|gpu|None|None|None|patent|False|999:10,results/drobyshev/experiment_20260515_0109.json,1,0.43833356723189354,0.0,1
,leidenalg-L:1-r:2-gpu,arxivmath,999:10,gpu,0,,True,,cn69,leidenalg,,smart,0.8813600540161133,0.0,0.403041749488114,0.0,2,,experiment|leidenalg-L:1-r:2-gpu|leidenalg|smart|None|1|2|None|gpu|None|None|None|arxivmath|True|999:10,results/paper_icdm/ablation_topology_radius_depth_20260525_1852.json,1,11.452187195420265,0.0,1
,leidenalg-L:1-r:2-gpu,dyn_cora,999:10,gpu,0,,False,,cn69,leidenalg,,smart,0.8125181198120117,0.0,0.44837843072316114,0.0,2,,experiment|leidenalg-L:1-r:2-gpu|leidenalg|smart|None|1|2|None|gpu|None|None|None|dyn_cora|False|999:10,results/paper_icdm/ablation_topology_radius_depth_20260525_1852.json,1,0.07698909193277359,0.0,1
,leidenalg-L:1-r:2-gpu,dyn_pubmed,999:10,gpu,0,,True,,cn69,leidenalg,,smart,0.7806369662284851,0.0,0.19806669096415166,0.0,2,,experiment|leidenalg-L:1-r:2-gpu|leidenalg|smart|None|1|2|None|gpu|None|None|None|dyn_pubmed|True|999:10,results/paper_icdm/ablation_topology_radius_depth_20260525_1852.json,1,0.7637467160820961,0.0,1
,leidenalg-L:2-r:0-gpu,arxivmath,100,gpu,0,,False,,cn69,leidenalg,,smart,0.8007230162620544,0.0,0.1938285130683247,0.0,0,,experiment|leidenalg-L:2-r:0-gpu|leidenalg|smart|None|2|0|None|gpu|None|None|None|arxivmath|False|100,results/drobyshev/test_leidenalg_20260515_1753.json,2,50.72830614075065,0.0,1
,leidenalg-L:2-r:0-gpu,arxivmath,999:10,gpu,0,,False,,cn69,leidenalg,,smart,0.8795846104621887,0.0,0.39195965090517393,0.0,0,,experiment|leidenalg-L:2-r:0-gpu|leidenalg|smart|None|2|0|None|gpu|None|None|None|arxivmath|False|999:10,results/drobyshev/experiment_20260515_0109.json,2,0.3386339358985424,0.0,1
,leidenalg-L:2-r:0-gpu,arxivmath,999:10,gpu,0,,True,,cn69,leidenalg,,smart,0.8760612607002258,0.0,0.37943509025972877,0.0,0,,experiment|leidenalg-L:2-r:0-gpu|leidenalg|smart|None|2|0|None|gpu|None|None|None|arxivmath|True|999:10,results/paper_icdm/ablation_topology_radius_depth_20260525_1852.json,2,0.3826390281319618,0.0,1
,leidenalg-L:2-r:0-gpu,dyn_acm,10,gpu,0,,False,,cn69,leidenalg,,smart,0.7914643287658691,0.0,0.19150806766132078,0.0,0,,experiment|leidenalg-L:2-r:0-gpu|leidenalg|smart|None|2|0|None|gpu|None|None|None|dyn_acm|False|10,results/drobyshev/test_leidenalg_20260515_1753.json,2,1.2704800106585026,0.0,1
,leidenalg-L:2-r:0-gpu,dyn_acm,100,gpu,0,,False,,cn69,leidenalg,,smart,0.7464245557785034,0.0,0.14272401872378784,0.0,0,,experiment|leidenalg-L:2-r:0-gpu|leidenalg|smart|None|2|0|None|gpu|None|None|None|dyn_acm|False|100,results/drobyshev/test_leidenalg_20260515_1753.json,2,2.396079931408167,0.0,1
,leidenalg-L:2-r:0-gpu,dyn_acm,999:10,gpu,0,,False,,cn69,leidenalg,,smart,0.819997251033783,0.0,0.2672464373441323,0.0,0,,experiment|leidenalg-L:2-r:0-gpu|leidenalg|smart|None|2|0|None|gpu|None|None|None|dyn_acm|False|999:10,results/drobyshev/experiment_20260515_0109.json,2,0.06616178154945374,0.0,1
,leidenalg-L:2-r:0-gpu,dyn_citeseer,10,gpu,0,,False,,cn69,leidenalg,,smart,0.7983505725860596,0.0,0.17618192794962576,0.0,0,,experiment|leidenalg-L:2-r:0-gpu|leidenalg|smart|None|2|0|None|gpu|None|None|None|dyn_citeseer|False|10,results/drobyshev/test_leidenalg_20260515_1753.json,2,0.5312963426113129,0.0,1
,leidenalg-L:2-r:0-gpu,dyn_citeseer,100,gpu,0,,False,,cn69,leidenalg,,smart,0.7914561033248901,0.0,0.1536787204612782,0.0,0,,experiment|leidenalg-L:2-r:0-gpu|leidenalg|smart|None|2|0|None|gpu|None|None|None|dyn_citeseer|False|100,results/drobyshev/test_leidenalg_20260515_1753.json,2,1.3099349588155746,0.0,1
,leidenalg-L:2-r:0-gpu,dyn_citeseer,999:10,gpu,0,,False,,cn69,leidenalg,,smart,0.8910465836524963,0.0,0.33418186059704713,0.0,0,,experiment|leidenalg-L:2-r:0-gpu|leidenalg|smart|None|2|0|None|gpu|None|None|None|dyn_citeseer|False|999:10,results/drobyshev/experiment_20260515_0109.json,2,0.04715489223599434,0.0,1
,leidenalg-L:2-r:0-gpu,dyn_cora,10,gpu,0,,False,,cn69,leidenalg,,smart,0.7070480585098267,0.0,0.2360218100262477,0.0,0,,experiment|leidenalg-L:2-r:0-gpu|leidenalg|smart|None|2|0|None|gpu|None|None|None|dyn_cora|False|10,results/drobyshev/test_leidenalg_20260515_1753.json,2,0.59268519282341,0.0,1
,leidenalg-L:2-r:0-gpu,dyn_cora,100,gpu,0,,False,,cn69,leidenalg,,smart,0.6544452905654907,0.0,0.16560392842253904,0.0,0,,experiment|leidenalg-L:2-r:0-gpu|leidenalg|smart|None|2|0|None|gpu|None|None|None|dyn_cora|False|100,results/drobyshev/test_leidenalg_20260515_1753.json,2,1.4583041742444038,0.0,1
,leidenalg-L:2-r:0-gpu,dyn_cora,999:10,gpu,0,,False,,cn69,leidenalg,,smart,0.818048894405365,0.0,0.46471977345768495,0.0,0,,experiment|leidenalg-L:2-r:0-gpu|leidenalg|smart|None|2|0|None|gpu|None|None|None|dyn_cora|False|999:10,results/drobyshev/experiment_20260515_0109.json;results/paper_icdm/ablation_topology_radius_depth_20260525_1852.json,2,0.05602759309113026,0.00044964101916044106,2
,leidenalg-L:2-r:0-gpu,dyn_pubmed,10,gpu,0,,False,,cn69,leidenalg,,smart,0.6887603402137756,0.0,0.10629217129298445,0.0,0,,experiment|leidenalg-L:2-r:0-gpu|leidenalg|smart|None|2|0|None|gpu|None|None|None|dyn_pubmed|False|10,results/drobyshev/test_leidenalg_20260515_1753.json,2,3.1604880951344967,0.0,1
,leidenalg-L:2-r:0-gpu,dyn_pubmed,100,gpu,0,,False,,cn69,leidenalg,,smart,0.6191076040267944,0.0,0.047733024324219,0.0,0,,experiment|leidenalg-L:2-r:0-gpu|leidenalg|smart|None|2|0|None|gpu|None|None|None|dyn_pubmed|False|100,results/drobyshev/test_leidenalg_20260515_1753.json,2,5.653952177613974,0.0,1
,leidenalg-L:2-r:0-gpu,dyn_pubmed,999:10,gpu,0,,False,,cn69,leidenalg,,smart,0.7765151262283325,0.0,0.1862063127875203,0.0,0,,experiment|leidenalg-L:2-r:0-gpu|leidenalg|smart|None|2|0|None|gpu|None|None|None|dyn_pubmed|False|999:10,results/drobyshev/experiment_20260515_0109.json,2,0.07777557149529457,0.0,1
,leidenalg-L:2-r:0-gpu,dyn_pubmed,999:10,gpu,0,,True,,cn69,leidenalg,,smart,0.7833870649337769,0.0,0.20145069946271446,0.0,0,,experiment|leidenalg-L:2-r:0-gpu|leidenalg|smart|None|2|0|None|gpu|None|None|None|dyn_pubmed|True|999:10,results/paper_icdm/ablation_topology_radius_depth_20260525_1852.json,2,0.07599762827157974,0.0,1
,leidenalg-L:2-r:0-gpu,lkml-reply,10,gpu,0,,False,,cn69,leidenalg,,smart,0.36182910203933716,0.0,,,0,,experiment|leidenalg-L:2-r:0-gpu|leidenalg|smart|None|2|0|None|gpu|None|None|None|lkml-reply|False|10,results/drobyshev/test_leidenalg_20260515_1753.json,2,9.946835082024336,0.0,1
,leidenalg-L:2-r:0-gpu,lkml-reply,100,gpu,0,,False,,cn69,leidenalg,,smart,0.3486430048942566,0.0,,,0,,experiment|leidenalg-L:2-r:0-gpu|leidenalg|smart|None|2|0|None|gpu|None|None|None|lkml-reply|False|100,results/drobyshev/test_leidenalg_20260515_1753.json,2,33.22139758616686,0.0,1
,leidenalg-L:2-r:0-gpu,lkml-reply,999:10,gpu,0,,False,,cn69,leidenalg,,smart,0.3740919530391693,0.0,,,0,,experiment|leidenalg-L:2-r:0-gpu|leidenalg|smart|None|2|0|None|gpu|None|None|None|lkml-reply|False|999:10,results/drobyshev/experiment_20260515_0109.json,2,0.2200775258243084,0.0,1
,leidenalg-L:2-r:0-gpu,patent,10,gpu,0,,False,,cn69,leidenalg,,smart,0.7978444695472717,0.0,0.21137177147573938,0.0,0,,experiment|leidenalg-L:2-r:0-gpu|leidenalg|smart|None|2|0|None|gpu|None|None|None|patent|False|10,results/drobyshev/test_leidenalg_20260515_1753.json,2,0.885485328733921,0.0,1
,leidenalg-L:2-r:0-gpu,patent,100,gpu,0,,False,,cn69,leidenalg,,smart,0.5634164214134216,0.0,0.12400681338582314,0.0,0,,experiment|leidenalg-L:2-r:0-gpu|leidenalg|smart|None|2|0|None|gpu|None|None|None|patent|False|100,results/drobyshev/test_leidenalg_20260515_1753.json,2,2.0552799478173256,0.0,1
,leidenalg-L:2-r:0-gpu,patent,999:10,gpu,0,,False,,cn69,leidenalg,,smart,0.8329507112503052,0.0,0.3607261320001652,0.0,0,,experiment|leidenalg-L:2-r:0-gpu|leidenalg|smart|None|2|0|None|gpu|None|None|None|patent|False|999:10,results/drobyshev/experiment_20260515_0109.json,2,0.07792794704437256,0.0,1
,leidenalg-L:2-r:1-gpu,arxivmath,999:10,gpu,0,,False,,cn69,leidenalg,,smart,0.8808621168136597,0.0,0.40383583615560814,0.0,1,,experiment|leidenalg-L:2-r:1-gpu|leidenalg|smart|None|2|1|None|gpu|None|None|None|arxivmath|False|999:10,results/drobyshev/experiment_20260515_0109.json,2,2.01804580911994,0.0,1
,leidenalg-L:2-r:1-gpu,arxivmath,999:10,gpu,0,,True,,cn69,leidenalg,,smart,0.8810287117958069,0.0,0.3957809049532926,0.0,1,,experiment|leidenalg-L:2-r:1-gpu|leidenalg|smart|None|2|1|None|gpu|None|None|None|arxivmath|True|999:10,results/paper_icdm/ablation_topology_radius_depth_20260525_1852.json,2,2.629698224365711,0.0,1
,leidenalg-L:2-r:1-gpu,dyn_acm,10,gpu,0,,False,,cn69,leidenalg,,smart,0.8160415291786194,0.0,0.2230400888126088,0.0,1,,experiment|leidenalg-L:2-r:1-gpu|leidenalg|smart|None|2|1|None|gpu|None|None|None|dyn_acm|False|10,results/drobyshev/test_leidenalg_20260515_1753.json,2,1.8397079296410084,0.0,1
,leidenalg-L:2-r:1-gpu,dyn_acm,100,gpu,0,,False,,cn69,leidenalg,,smart,0.8045233488082886,0.0,0.20967511593840002,0.0,1,,experiment|leidenalg-L:2-r:1-gpu|leidenalg|smart|None|2|1|None|gpu|None|None|None|dyn_acm|False|100,results/drobyshev/test_leidenalg_20260515_1753.json,2,10.50495470687747,0.0,1
,leidenalg-L:2-r:1-gpu,dyn_acm,999:10,gpu,0,,False,,cn69,leidenalg,,smart,0.7931144833564758,0.0,0.24391586081803604,0.0,1,,experiment|leidenalg-L:2-r:1-gpu|leidenalg|smart|None|2|1|None|gpu|None|None|None|dyn_acm|False|999:10,results/drobyshev/experiment_20260515_0109.json,2,0.17953075096011162,0.0,1
,leidenalg-L:2-r:1-gpu,dyn_citeseer,10,gpu,0,,False,,cn69,leidenalg,,smart,0.858181893825531,0.0,0.21241065070641024,0.0,1,,experiment|leidenalg-L:2-r:1-gpu|leidenalg|smart|None|2|1|None|gpu|None|None|None|dyn_citeseer|False|10,results/drobyshev/test_leidenalg_20260515_1753.json,2,0.9354212433099747,0.0,1
,leidenalg-L:2-r:1-gpu,dyn_citeseer,100,gpu,0,,False,,cn69,leidenalg,,smart,0.8258410096168518,0.0,0.1488016490213505,0.0,1,,experiment|leidenalg-L:2-r:1-gpu|leidenalg|smart|None|2|1|None|gpu|None|None|None|dyn_citeseer|False|100,results/drobyshev/test_leidenalg_20260515_1753.json,2,2.658072642982006,0.0,1
,leidenalg-L:2-r:1-gpu,dyn_citeseer,999:10,gpu,0,,False,,cn69,leidenalg,,smart,0.8817463517189026,0.0,0.32546352236756043,0.0,1,,experiment|leidenalg-L:2-r:1-gpu|leidenalg|smart|None|2|1|None|gpu|None|None|None|dyn_citeseer|False|999:10,results/drobyshev/experiment_20260515_0109.json,2,0.0745353102684021,0.0,1
,leidenalg-L:2-r:1-gpu,dyn_cora,10,gpu,0,,False,,cn69,leidenalg,,smart,0.8018987774848938,0.0,0.39454488280273536,0.0,1,,experiment|leidenalg-L:2-r:1-gpu|leidenalg|smart|None|2|1|None|gpu|None|None|None|dyn_cora|False|10,results/drobyshev/test_leidenalg_20260515_1753.json,2,1.1767674386501312,0.0,1
,leidenalg-L:2-r:1-gpu,dyn_cora,100,gpu,0,,False,,cn69,leidenalg,,smart,0.7778517603874207,0.0,0.31088809361155373,0.0,1,,experiment|leidenalg-L:2-r:1-gpu|leidenalg|smart|None|2|1|None|gpu|None|None|None|dyn_cora|False|100,results/drobyshev/test_leidenalg_20260515_1753.json,2,3.729904782027006,0.0,1
,leidenalg-L:2-r:1-gpu,dyn_cora,999:10,gpu,0,,False,,cn69,leidenalg,,smart,0.8030166029930115,0.0,0.4522245636716545,0.0,1,,experiment|leidenalg-L:2-r:1-gpu|leidenalg|smart|None|2|1|None|gpu|None|None|None|dyn_cora|False|999:10,results/drobyshev/experiment_20260515_0109.json;results/paper_icdm/ablation_topology_radius_depth_20260525_1852.json,2,0.07665749453008175,0.003871496234555353,2
,leidenalg-L:2-r:1-gpu,dyn_pubmed,10,gpu,0,,False,,cn69,leidenalg,,smart,0.7789198756217957,0.0,0.19067599708830257,0.0,1,,experiment|leidenalg-L:2-r:1-gpu|leidenalg|smart|None|2|1|None|gpu|None|None|None|dyn_pubmed|False|10,results/drobyshev/test_leidenalg_20260515_1753.json,2,7.413779992610216,0.0,1
,leidenalg-L:2-r:1-gpu,dyn_pubmed,100,gpu,0,,False,,cn69,leidenalg,,smart,0.7688780426979065,0.0,0.1615147455305108,0.0,1,,experiment|leidenalg-L:2-r:1-gpu|leidenalg|smart|None|2|1|None|gpu|None|None|None|dyn_pubmed|False|100,results/drobyshev/test_leidenalg_20260515_1753.json,2,24.14930086955428,0.0,1
,leidenalg-L:2-r:1-gpu,dyn_pubmed,999:10,gpu,0,,False,,cn69,leidenalg,,smart,0.7758609056472778,0.0,0.18706505414129906,0.0,1,,experiment|leidenalg-L:2-r:1-gpu|leidenalg|smart|None|2|1|None|gpu|None|None|None|dyn_pubmed|False|999:10,results/drobyshev/experiment_20260515_0109.json,2,0.18694967031478882,0.0,1
,leidenalg-L:2-r:1-gpu,dyn_pubmed,999:10,gpu,0,,True,,cn69,leidenalg,,smart,0.7810996174812317,0.0,0.2026074659135804,0.0,1,,experiment|leidenalg-L:2-r:1-gpu|leidenalg|smart|None|2|1|None|gpu|None|None|None|dyn_pubmed|True|999:10,results/paper_icdm/ablation_topology_radius_depth_20260525_1852.json,2,0.2148430198431015,0.0,1
,leidenalg-L:2-r:1-gpu,lkml-reply,10,gpu,0,,False,,cn69,leidenalg,,smart,0.3902159631252289,0.0,,,1,,experiment|leidenalg-L:2-r:1-gpu|leidenalg|smart|None|2|1|None|gpu|None|None|None|lkml-reply|False|10,results/drobyshev/test_leidenalg_20260515_1753.json,2,20.417488649487495,0.0,1
,leidenalg-L:2-r:1-gpu,lkml-reply,100,gpu,0,,False,,cn69,leidenalg,,smart,0.386411190032959,0.0,,,1,,experiment|leidenalg-L:2-r:1-gpu|leidenalg|smart|None|2|1|None|gpu|None|None|None|lkml-reply|False|100,results/drobyshev/test_leidenalg_20260515_1753.json,2,175.2506474107504,0.0,1
,leidenalg-L:2-r:1-gpu,lkml-reply,999:10,gpu,0,,False,,cn69,leidenalg,,smart,0.38760143518447876,0.0,,,1,,experiment|leidenalg-L:2-r:1-gpu|leidenalg|smart|None|2|1|None|gpu|None|None|None|lkml-reply|False|999:10,results/drobyshev/experiment_20260515_0109.json,2,24.64385562762618,0.0,1
,leidenalg-L:2-r:1-gpu,patent,10,gpu,0,,False,,cn69,leidenalg,,smart,0.8558155298233032,0.0,0.3600930214814121,0.0,1,,experiment|leidenalg-L:2-r:1-gpu|leidenalg|smart|None|2|1|None|gpu|None|None|None|patent|False|10,results/drobyshev/test_leidenalg_20260515_1753.json,2,2.4618306420743465,0.0,1
,leidenalg-L:2-r:1-gpu,patent,100,gpu,0,,False,,cn69,leidenalg,,smart,0.8294472098350525,0.0,0.2778449490625879,0.0,1,,experiment|leidenalg-L:2-r:1-gpu|leidenalg|smart|None|2|1|None|gpu|None|None|None|patent|False|100,results/drobyshev/test_leidenalg_20260515_1753.json,2,12.075669214129448,0.0,1
,leidenalg-L:2-r:1-gpu,patent,999:10,gpu,0,,False,,cn69,leidenalg,,smart,0.8564608693122864,0.0,0.36165515221529915,0.0,1,,experiment|leidenalg-L:2-r:1-gpu|leidenalg|smart|None|2|1|None|gpu|None|None|None|patent|False|999:10,results/drobyshev/experiment_20260515_0109.json,2,0.8286953046917915,0.0,1
,leidenalg-L:2-r:2-gpu,arxivmath,999:10,gpu,0,,True,,cn69,leidenalg,,smart,0.8814375400543213,0.0,0.39863535537293077,0.0,2,,experiment|leidenalg-L:2-r:2-gpu|leidenalg|smart|None|2|2|None|gpu|None|None|None|arxivmath|True|999:10,results/paper_icdm/ablation_topology_radius_depth_20260525_1852.json,2,21.059339687228203,0.0,1
,leidenalg-L:2-r:2-gpu,dyn_cora,999:10,gpu,0,,False,,cn69,leidenalg,,smart,0.8005396723747253,0.0,0.422852247495375,0.0,2,,experiment|leidenalg-L:2-r:2-gpu|leidenalg|smart|None|2|2|None|gpu|None|None|None|dyn_cora|False|999:10,results/paper_icdm/ablation_topology_radius_depth_20260525_1852.json,2,0.11755767464637756,0.0,1
,leidenalg-L:2-r:2-gpu,dyn_pubmed,999:10,gpu,0,,True,,cn69,leidenalg,,smart,0.7807183265686035,0.0,0.20009598348965094,0.0,2,,experiment|leidenalg-L:2-r:2-gpu|leidenalg|smart|None|2|2|None|gpu|None|None|None|dyn_pubmed|True|999:10,results/paper_icdm/ablation_topology_radius_depth_20260525_1852.json,2,1.408557914197445,0.0,1
,leidenalg-L:3-r:0-gpu,arxivmath,100,gpu,0,,False,,cn69,leidenalg,,smart,0.8013977408409119,0.0,0.20047428579762147,0.0,0,,experiment|leidenalg-L:3-r:0-gpu|leidenalg|smart|None|3|0|None|gpu|None|None|None|arxivmath|False|100,results/drobyshev/test_leidenalg_20260515_1753.json,3,74.93088582903147,0.0,1
,leidenalg-L:3-r:0-gpu,arxivmath,999:10,gpu,0,,False,,cn69,leidenalg,,smart,0.878906786441803,0.0,0.3987984468487304,0.0,0,,experiment|leidenalg-L:3-r:0-gpu|leidenalg|smart|None|3|0|None|gpu|None|None|None|arxivmath|False|999:10,results/drobyshev/experiment_20260515_0109.json,3,0.49266788735985756,0.0,1
,leidenalg-L:3-r:0-gpu,arxivmath,999:10,gpu,0,,True,,cn69,leidenalg,,smart,0.8775212168693542,0.0,0.3894652806824898,0.0,0,,experiment|leidenalg-L:3-r:0-gpu|leidenalg|smart|None|3|0|None|gpu|None|None|None|arxivmath|True|999:10,results/paper_icdm/ablation_topology_radius_depth_20260525_1852.json,3,0.5380452796816826,0.0,1
,leidenalg-L:3-r:0-gpu,dyn_acm,10,gpu,0,,False,,cn69,leidenalg,,smart,0.7923204898834229,0.0,0.18989616385710353,0.0,0,,experiment|leidenalg-L:3-r:0-gpu|leidenalg|smart|None|3|0|None|gpu|None|None|None|dyn_acm|False|10,results/drobyshev/test_leidenalg_20260515_1753.json,3,1.8790947049856186,0.0,1
,leidenalg-L:3-r:0-gpu,dyn_acm,100,gpu,0,,False,,cn69,leidenalg,,smart,0.7464245557785034,0.0,0.14272401872378784,0.0,0,,experiment|leidenalg-L:3-r:0-gpu|leidenalg|smart|None|3|0|None|gpu|None|None|None|dyn_acm|False|100,results/drobyshev/test_leidenalg_20260515_1753.json,3,3.4369000047445297,0.0,1
,leidenalg-L:3-r:0-gpu,dyn_acm,999:10,gpu,0,,False,,cn69,leidenalg,,smart,0.8213235139846802,0.0,0.26676717687763674,0.0,0,,experiment|leidenalg-L:3-r:0-gpu|leidenalg|smart|None|3|0|None|gpu|None|None|None|dyn_acm|False|999:10,results/drobyshev/experiment_20260515_0109.json,3,0.0914415530860424,0.0,1
,leidenalg-L:3-r:0-gpu,dyn_citeseer,10,gpu,0,,False,,cn69,leidenalg,,smart,0.7983505725860596,0.0,0.17618192794962576,0.0,0,,experiment|leidenalg-L:3-r:0-gpu|leidenalg|smart|None|3|0|None|gpu|None|None|None|dyn_citeseer|False|10,results/drobyshev/test_leidenalg_20260515_1753.json,3,0.7858041413128376,0.0,1
,leidenalg-L:3-r:0-gpu,dyn_citeseer,100,gpu,0,,False,,cn69,leidenalg,,smart,0.7771864533424377,0.0,0.14796134727166685,0.0,0,,experiment|leidenalg-L:3-r:0-gpu|leidenalg|smart|None|3|0|None|gpu|None|None|None|dyn_citeseer|False|100,results/drobyshev/test_leidenalg_20260515_1753.json,3,1.8551247343420982,0.0,1
,leidenalg-L:3-r:0-gpu,dyn_citeseer,999:10,gpu,0,,False,,cn69,leidenalg,,smart,0.8918277025222778,0.0,0.33255135187241247,0.0,0,,experiment|leidenalg-L:3-r:0-gpu|leidenalg|smart|None|3|0|None|gpu|None|None|None|dyn_citeseer|False|999:10,results/drobyshev/experiment_20260515_0109.json,3,0.06622273847460747,0.0,1
,leidenalg-L:3-r:0-gpu,dyn_cora,10,gpu,0,,False,,cn69,leidenalg,,smart,0.7070480585098267,0.0,0.2360218100262477,0.0,0,,experiment|leidenalg-L:3-r:0-gpu|leidenalg|smart|None|3|0|None|gpu|None|None|None|dyn_cora|False|10,results/drobyshev/test_leidenalg_20260515_1753.json,3,0.8717873804271221,0.0,1
,leidenalg-L:3-r:0-gpu,dyn_cora,100,gpu,0,,False,,cn69,leidenalg,,smart,0.6544452905654907,0.0,0.16560392842253904,0.0,0,,experiment|leidenalg-L:3-r:0-gpu|leidenalg|smart|None|3|0|None|gpu|None|None|None|dyn_cora|False|100,results/drobyshev/test_leidenalg_20260515_1753.json,3,2.0866986513137817,0.0,1
,leidenalg-L:3-r:0-gpu,dyn_cora,999:10,gpu,0,,False,,cn69,leidenalg,,smart,0.8230879902839661,0.0,0.46825560797031823,0.0,0,,experiment|leidenalg-L:3-r:0-gpu|leidenalg|smart|None|3|0|None|gpu|None|None|None|dyn_cora|False|999:10,results/drobyshev/experiment_20260515_0109.json;results/paper_icdm/ablation_topology_radius_depth_20260525_1852.json,3,0.08045262843370438,0.0029848187381172598,2
,leidenalg-L:3-r:0-gpu,dyn_pubmed,10,gpu,0,,False,,cn69,leidenalg,,smart,0.685157299041748,0.0,0.10320433246937384,0.0,0,,experiment|leidenalg-L:3-r:0-gpu|leidenalg|smart|None|3|0|None|gpu|None|None|None|dyn_pubmed|False|10,results/drobyshev/test_leidenalg_20260515_1753.json,3,4.655434992164373,0.0,1
,leidenalg-L:3-r:0-gpu,dyn_pubmed,100,gpu,0,,False,,cn69,leidenalg,,smart,0.6191076040267944,0.0,0.047733024324219,0.0,0,,experiment|leidenalg-L:3-r:0-gpu|leidenalg|smart|None|3|0|None|gpu|None|None|None|dyn_pubmed|False|100,results/drobyshev/test_leidenalg_20260515_1753.json,3,7.985738635063171,0.0,1
,leidenalg-L:3-r:0-gpu,dyn_pubmed,999:10,gpu,0,,False,,cn69,leidenalg,,smart,0.7807573080062866,0.0,0.19628725782881104,0.0,0,,experiment|leidenalg-L:3-r:0-gpu|leidenalg|smart|None|3|0|None|gpu|None|None|None|dyn_pubmed|False|999:10,results/drobyshev/experiment_20260515_0109.json,3,0.10741621255874634,0.0,1
,leidenalg-L:3-r:0-gpu,dyn_pubmed,999:10,gpu,0,,True,,cn69,leidenalg,,smart,0.7821857929229736,0.0,0.20103860285651518,0.0,0,,experiment|leidenalg-L:3-r:0-gpu|leidenalg|smart|None|3|0|None|gpu|None|None|None|dyn_pubmed|True|999:10,results/paper_icdm/ablation_topology_radius_depth_20260525_1852.json,3,0.10386701673269272,0.0,1
,leidenalg-L:3-r:0-gpu,lkml-reply,10,gpu,0,,False,,cn69,leidenalg,,smart,0.36878111958503723,0.0,,,0,,experiment|leidenalg-L:3-r:0-gpu|leidenalg|smart|None|3|0|None|gpu|None|None|None|lkml-reply|False|10,results/drobyshev/test_leidenalg_20260515_1753.json,3,13.783484321087599,0.0,1
,leidenalg-L:3-r:0-gpu,lkml-reply,100,gpu,0,,False,,cn69,leidenalg,,smart,0.3477422595024109,0.0,,,0,,experiment|leidenalg-L:3-r:0-gpu|leidenalg|smart|None|3|0|None|gpu|None|None|None|lkml-reply|False|100,results/drobyshev/test_leidenalg_20260515_1753.json,3,45.76555299013853,0.0,1
,leidenalg-L:3-r:0-gpu,lkml-reply,999:10,gpu,0,,False,,cn69,leidenalg,,smart,0.3750094473361969,0.0,,,0,,experiment|leidenalg-L:3-r:0-gpu|leidenalg|smart|None|3|0|None|gpu|None|None|None|lkml-reply|False|999:10,results/drobyshev/experiment_20260515_0109.json,3,0.3181668743491173,0.0,1
,leidenalg-L:3-r:0-gpu,patent,10,gpu,0,,False,,cn69,leidenalg,,smart,0.7978444695472717,0.0,0.21137177147573938,0.0,0,,experiment|leidenalg-L:3-r:0-gpu|leidenalg|smart|None|3|0|None|gpu|None|None|None|patent|False|10,results/drobyshev/test_leidenalg_20260515_1753.json,3,1.3210733942687511,0.0,1
,leidenalg-L:3-r:0-gpu,patent,100,gpu,0,,False,,cn69,leidenalg,,smart,0.5634164214134216,0.0,0.12400681338582314,0.0,0,,experiment|leidenalg-L:3-r:0-gpu|leidenalg|smart|None|3|0|None|gpu|None|None|None|patent|False|100,results/drobyshev/test_leidenalg_20260515_1753.json,3,3.0050428695976734,0.0,1
,leidenalg-L:3-r:0-gpu,patent,999:10,gpu,0,,False,,cn69,leidenalg,,smart,0.8359158039093018,0.0,0.36087344816852335,0.0,0,,experiment|leidenalg-L:3-r:0-gpu|leidenalg|smart|None|3|0|None|gpu|None|None|None|patent|False|999:10,results/drobyshev/experiment_20260515_0109.json,3,0.10958439111709595,0.0,1
sum,leidenalg-L:3-r:1-agg:sum-gpu-feat:dataset,arxivcs,999:10,gpu,0,dataset,False,,cn69,leidenalg,,smart,0.7158142924308777,0.0,,,1,,experiment|leidenalg-L:3-r:1-agg:sum-gpu-feat:dataset|leidenalg|smart|None|3|1|sum|gpu|dataset|None|None|arxivcs|False|999:10,results/archive/5fs_no_konect_ns.json,3,47.56368350982666,0.0,1
sum,leidenalg-L:3-r:1-agg:sum-gpu-feat:dataset,arxivlarge,999:10,gpu,0,dataset,False,,cn69,leidenalg,,smart,0.8125251531600952,0.0,,,1,,experiment|leidenalg-L:3-r:1-agg:sum-gpu-feat:dataset|leidenalg|smart|None|3|1|sum|gpu|dataset|None|None|arxivlarge|False|999:10,results/archive/5fs_no_konect_ns.json,3,330.6274654865265,0.0,1
sum,leidenalg-L:3-r:1-agg:sum-gpu-feat:dataset,arxivmath,999:10,gpu,0,dataset,False,,cn69,leidenalg,,smart,0.8810779452323914,0.0,,,1,,experiment|leidenalg-L:3-r:1-agg:sum-gpu-feat:dataset|leidenalg|smart|None|3|1|sum|gpu|dataset|None|None|arxivmath|False|999:10,results/archive/5fs_no_konect_ns.json,3,2.9565961360931396,0.0,1
sum,leidenalg-L:3-r:1-agg:sum-gpu-feat:dataset,arxivphy,999:10,gpu,0,dataset,False,,cn69,leidenalg,,smart,0.7935312390327454,0.0,,,1,,experiment|leidenalg-L:3-r:1-agg:sum-gpu-feat:dataset|leidenalg|smart|None|3|1|sum|gpu|dataset|None|None|arxivphy|False|999:10,results/archive/5fs_no_konect_ns.json,3,296.0916237831116,0.0,1
sum,leidenalg-L:3-r:1-agg:sum-gpu-feat:dataset,dblp-tgc,999:10,gpu,0,dataset,False,,cn69,leidenalg,,smart,0.7564060688018799,0.0,,,1,,experiment|leidenalg-L:3-r:1-agg:sum-gpu-feat:dataset|leidenalg|smart|None|3|1|sum|gpu|dataset|None|None|dblp-tgc|False|999:10,results/archive/5fs_no_konect_ns.json,3,1.0288448333740234,0.0,1
sum,leidenalg-L:3-r:1-agg:sum-gpu-feat:dataset,dyn_acm,999:10,gpu,0,dataset,False,,cn69,leidenalg,,smart,0.7939708828926086,0.0,,,1,,experiment|leidenalg-L:3-r:1-agg:sum-gpu-feat:dataset|leidenalg|smart|None|3|1|sum|gpu|dataset|None|None|dyn_acm|False|999:10,results/archive/5fs_no_konect_ns.json,3,0.24014997482299805,0.0,1
sum,leidenalg-L:3-r:1-agg:sum-gpu-feat:dataset,dyn_bat,999:10,gpu,0,dataset,False,,cn69,leidenalg,,smart,0.26828083395957947,0.0,,,1,,experiment|leidenalg-L:3-r:1-agg:sum-gpu-feat:dataset|leidenalg|smart|None|3|1|sum|gpu|dataset|None|None|dyn_bat|False|999:10,results/archive/5fs_no_konect_ns.json,3,0.018671512603759766,0.0,1
sum,leidenalg-L:3-r:1-agg:sum-gpu-feat:dataset,dyn_citeseer,999:10,gpu,0,dataset,False,,cn69,leidenalg,,smart,0.8826377391815186,0.0,,,1,,experiment|leidenalg-L:3-r:1-agg:sum-gpu-feat:dataset|leidenalg|smart|None|3|1|sum|gpu|dataset|None|None|dyn_citeseer|False|999:10,results/archive/5fs_no_konect_ns.json,3,0.10611391067504883,0.0,1
sum,leidenalg-L:3-r:1-agg:sum-gpu-feat:dataset,dyn_coauthorcs,999:10,gpu,0,dataset,False,,cn69,leidenalg,,smart,0.752556562423706,0.0,,,1,,experiment|leidenalg-L:3-r:1-agg:sum-gpu-feat:dataset|leidenalg|smart|None|3|1|sum|gpu|dataset|None|None|dyn_coauthorcs|False|999:10,results/archive/5fs_no_konect_ns.json,3,0.730797529220581,0.0,1
sum,leidenalg-L:3-r:1-agg:sum-gpu-feat:dataset,dyn_coauthorphysics,999:10,gpu,0,dataset,False,,cn69,leidenalg,,smart,0.6867069005966187,0.0,,,1,,experiment|leidenalg-L:3-r:1-agg:sum-gpu-feat:dataset|leidenalg|smart|None|3|1|sum|gpu|dataset|None|None|dyn_coauthorphysics|False|999:10,results/archive/5fs_no_konect_ns.json,3,5.049525737762451,0.0,1
sum,leidenalg-L:3-r:1-agg:sum-gpu-feat:dataset,dyn_cora,999:10,gpu,0,dataset,False,,cn69,leidenalg,,smart,0.7902222275733948,0.0,,,1,,experiment|leidenalg-L:3-r:1-agg:sum-gpu-feat:dataset|leidenalg|smart|None|3|1|sum|gpu|dataset|None|None|dyn_cora|False|999:10,results/archive/5fs_no_konect_ns.json,3,0.10080790519714355,0.0,1
sum,leidenalg-L:3-r:1-agg:sum-gpu-feat:dataset,dyn_flickr,999:10,gpu,0,dataset,False,,cn69,leidenalg,,smart,0.5369009375572205,0.0,,,1,,experiment|leidenalg-L:3-r:1-agg:sum-gpu-feat:dataset|leidenalg|smart|None|3|1|sum|gpu|dataset|None|None|dyn_flickr|False|999:10,results/archive/5fs_no_konect_ns.json,3,19.031033992767334,0.0,1
sum,leidenalg-L:3-r:1-agg:sum-gpu-feat:dataset,dyn_nell,999:10,gpu,0,dataset,False,,cn69,leidenalg,,smart,0.8367527723312378,0.0,,,1,,experiment|leidenalg-L:3-r:1-agg:sum-gpu-feat:dataset|leidenalg|smart|None|3|1|sum|gpu|dataset|None|None|dyn_nell|False|999:10,results/archive/5fs_no_konect_ns.json,3,10.794082164764404,0.0,1
sum,leidenalg-L:3-r:1-agg:sum-gpu-feat:dataset,dyn_ogbn-arxiv,999:10,gpu,0,dataset,False,,cn69,leidenalg,,smart,0.7150899171829224,0.0,,,1,,experiment|leidenalg-L:3-r:1-agg:sum-gpu-feat:dataset|leidenalg|smart|None|3|1|sum|gpu|dataset|None|None|dyn_ogbn-arxiv|False|999:10,results/archive/5fs_no_konect_ns.json,3,66.57213091850281,0.0,1
sum,leidenalg-L:3-r:1-agg:sum-gpu-feat:dataset,dyn_pubmed,999:10,gpu,0,dataset,False,,cn69,leidenalg,,smart,0.7731946706771851,0.0,,,1,,experiment|leidenalg-L:3-r:1-agg:sum-gpu-feat:dataset|leidenalg|smart|None|3|1|sum|gpu|dataset|None|None|dyn_pubmed|False|999:10,results/archive/5fs_no_konect_ns.json,3,0.24648308753967285,0.0,1
sum,leidenalg-L:3-r:1-agg:sum-gpu-feat:dataset,dyn_wiki,999:10,gpu,0,dataset,False,,cn69,leidenalg,,smart,0.7380161881446838,0.0,,,1,,experiment|leidenalg-L:3-r:1-agg:sum-gpu-feat:dataset|leidenalg|smart|None|3|1|sum|gpu|dataset|None|None|dyn_wiki|False|999:10,results/archive/5fs_no_konect_ns.json,3,0.16402506828308105,0.0,1
sum,leidenalg-L:3-r:1-agg:sum-gpu-feat:dataset,patent,999:10,gpu,0,dataset,False,,cn69,leidenalg,,smart,0.8564608693122864,0.0,,,1,,experiment|leidenalg-L:3-r:1-agg:sum-gpu-feat:dataset|leidenalg|smart|None|3|1|sum|gpu|dataset|None|None|patent|False|999:10,results/archive/5fs_no_konect_ns.json,3,1.2326395511627197,0.0,1
,leidenalg-L:3-r:1-gpu,arxivcs,999:10,gpu,0,,True,,cn69,leidenalg,,smart,0.7141401767730713,0.0,0.4014629950381386,0.0,1,,experiment|leidenalg-L:3-r:1-gpu|leidenalg|smart|None|3|1|None|gpu|None|None|None|arxivcs|True|999:10,results/konovalov/sym_leidenalg_ns_20260518_1213.json,3,74.06129550561309,0.0,1
,leidenalg-L:3-r:1-gpu,arxivlarge,999:10,gpu,0,,True,,cn69,leidenalg,,smart,0.8137111067771912,0.0,0.4848731991118226,0.0,1,,experiment|leidenalg-L:3-r:1-gpu|leidenalg|smart|None|3|1|None|gpu|None|None|None|arxivlarge|True|999:10,results/konovalov/sym_leidenalg_ns_20260518_1213.json,3,532.5485443174839,0.0,1
,leidenalg-L:3-r:1-gpu,arxivmath,999:10,gpu,0,,False,,cn69,leidenalg,,smart,0.8804956674575806,0.0,0.40379425166798183,0.0,1,,experiment|leidenalg-L:3-r:1-gpu|leidenalg|smart|None|3|1|None|gpu|None|None|None|arxivmath|False|999:10,results/drobyshev/experiment_20260515_0109.json;results/drobyshev/smart_20260512_1207.json;results/drobyshev/smart_20260513_1026.json,3,3.074014414101839,0.3073158890593476,3
,leidenalg-L:3-r:1-gpu,arxivmath,999:10,gpu,0,,True,,cn69,leidenalg,,smart,0.8806636929512024,0.0,0.4022025545433409,0.0,1,,experiment|leidenalg-L:3-r:1-gpu|leidenalg|smart|None|3|1|None|gpu|None|None|None|arxivmath|True|999:10,results/drobyshev/smart_20260519_0124.json;results/konovalov/split_20260525_1547.json;results/konovalov/sym_leidenalg_ns_20260518_1213.json;results/paper_icdm/ablation_topology_radius_depth_20260525_1852.json;results/paper_icdm/main_topology_20260525_1848.json,3,3.631070551276207,0.10256401539024483,5
,leidenalg-L:3-r:1-gpu,arxivmath,999:100,gpu,0,,True,,cn69,leidenalg,,smart,0.8687577843666077,0.0,0.35935513723020274,0.0,1,,experiment|leidenalg-L:3-r:1-gpu|leidenalg|smart|None|3|1|None|gpu|None|None|None|arxivmath|True|999:100,results/paper_icdm/long_horizon_topology_20260525_1853.json,3,7.170009054243565,0.0,1
,leidenalg-L:3-r:1-gpu,arxivmath,999:160,gpu,0,,True,,cn69,leidenalg,,smart,0.8691403865814209,0.0,0.3557265928541582,0.0,1,,experiment|leidenalg-L:3-r:1-gpu|leidenalg|smart|None|3|1|None|gpu|None|None|None|arxivmath|True|999:160,results/konovalov/split_20260525_1547.json,3,7.103922069072723,0.0,1
,leidenalg-L:3-r:1-gpu,arxivmath,999:20,gpu,0,,True,,cn69,leidenalg,,smart,0.8761443495750427,0.0,0.3888477782311564,0.0,1,,experiment|leidenalg-L:3-r:1-gpu|leidenalg|smart|None|3|1|None|gpu|None|None|None|arxivmath|True|999:20,results/konovalov/split_20260525_1547.json,3,4.22941043227911,0.0,1
,leidenalg-L:3-r:1-gpu,arxivmath,999:320,gpu,0,,True,,cn69,leidenalg,,smart,0.8628755211830139,0.0,0.35433627985588234,0.0,1,,experiment|leidenalg-L:3-r:1-gpu|leidenalg|smart|None|3|1|None|gpu|None|None|None|arxivmath|True|999:320,results/konovalov/split_20260525_1547.json,3,9.497946679592133,0.0,1
,leidenalg-L:3-r:1-gpu,arxivmath,999:40,gpu,0,,True,,cn69,leidenalg,,smart,0.8762943744659424,0.0,0.38161629070952563,0.0,1,,experiment|leidenalg-L:3-r:1-gpu|leidenalg|smart|None|3|1|None|gpu|None|None|None|arxivmath|True|999:40,results/konovalov/split_20260525_1547.json,3,4.967987149953842,0.0,1
,leidenalg-L:3-r:1-gpu,arxivmath,999:5,gpu,0,,True,,cn69,leidenalg,,smart,0.8810165524482727,0.0,0.4059333502472878,0.0,1,,experiment|leidenalg-L:3-r:1-gpu|leidenalg|smart|None|3|1|None|gpu|None|None|None|arxivmath|True|999:5,results/konovalov/split_20260525_1547.json,3,3.4682607501745224,0.0,1
,leidenalg-L:3-r:1-gpu,arxivmath,999:50,gpu,0,,True,,cn69,leidenalg,,smart,0.8706566095352173,0.0,0.37337455156460164,0.0,1,,experiment|leidenalg-L:3-r:1-gpu|leidenalg|smart|None|3|1|None|gpu|None|None|None|arxivmath|True|999:50,results/paper_icdm/long_horizon_topology_20260525_1853.json,3,5.346267014741898,0.0,1
,leidenalg-L:3-r:1-gpu,arxivmath,999:80,gpu,0,,True,,cn69,leidenalg,,smart,0.873206615447998,0.0,0.37842539659335533,0.0,1,,experiment|leidenalg-L:3-r:1-gpu|leidenalg|smart|None|3|1|None|gpu|None|None|None|arxivmath|True|999:80,results/konovalov/split_20260525_1547.json,3,5.752878911793232,0.0,1
,leidenalg-L:3-r:1-gpu,arxivphy,999:10,gpu,0,,True,,cn69,leidenalg,,smart,0.7922499179840088,0.0,0.49159418816647893,0.0,1,,experiment|leidenalg-L:3-r:1-gpu|leidenalg|smart|None|3|1|None|gpu|None|None|None|arxivphy|True|999:10,results/konovalov/sym_leidenalg_ns_20260518_1213.json,3,473.3028232194483,0.0,1
,leidenalg-L:3-r:1-gpu,dblp-cite,999:10,gpu,0,,True,,cn69,leidenalg,,smart,0.6458074450492859,0.0,,,1,,experiment|leidenalg-L:3-r:1-gpu|leidenalg|smart|None|3|1|None|gpu|None|None|None|dblp-cite|True|999:10,results/konovalov/sym_leidenalg_ns_20260518_1213.json,3,0.16146326437592506,0.0,1
,leidenalg-L:3-r:1-gpu,dblp-tgc,999:10,gpu,0,,False,,cn69,leidenalg,,smart,0.7547287940979004,0.0,0.2906651850030717,0.0,1,,experiment|leidenalg-L:3-r:1-gpu|leidenalg|smart|None|3|1|None|gpu|None|None|None|dblp-tgc|False|999:10,results/konovalov/sym_leidenalg_ns_20260518_1213.json,3,0.9823376573622227,0.0,1
,leidenalg-L:3-r:1-gpu,dblp_coauthor,999:10,gpu,0,,False,,cn69,leidenalg,,smart,0.7751992344856262,0.0,,,1,,experiment|leidenalg-L:3-r:1-gpu|leidenalg|smart|None|3|1|None|gpu|None|None|None|dblp_coauthor|False|999:10,results/konovalov/sym_leidenalg_ns_20260518_1213.json,3,714.9213143661618,0.0,1
,leidenalg-L:3-r:1-gpu,digg-friends,999:10,gpu,0,,True,,cn69,leidenalg,,smart,0.4595479965209961,0.0,,,1,,experiment|leidenalg-L:3-r:1-gpu|leidenalg|smart|None|3|1|None|gpu|None|None|None|digg-friends|True|999:10,results/konovalov/sym_leidenalg_ns_20260518_1213.json,3,146.65685610100627,0.0,1
,leidenalg-L:3-r:1-gpu,dyn_acm,10,gpu,0,,False,,cn69,leidenalg,,smart,0.8173606991767883,0.0,0.22636066808945968,0.0,1,,experiment|leidenalg-L:3-r:1-gpu|leidenalg|smart|None|3|1|None|gpu|None|None|None|dyn_acm|False|10,results/drobyshev/test_leidenalg_20260515_1753.json,3,2.6810477524995804,0.0,1
,leidenalg-L:3-r:1-gpu,dyn_acm,100,gpu,0,,False,,cn69,leidenalg,,smart,0.8043270111083984,0.0,0.20147772267805605,0.0,1,,experiment|leidenalg-L:3-r:1-gpu|leidenalg|smart|None|3|1|None|gpu|None|None|None|dyn_acm|False|100,results/drobyshev/test_leidenalg_20260515_1753.json,3,15.412918020039797,0.0,1
,leidenalg-L:3-r:1-gpu,dyn_acm,999:10,gpu,1,,False,,cn69,leidenalg,,smart,0.7829172313213348,0.011542033366611764,0.2355804190366334,0.0,1,,experiment|leidenalg-L:3-r:1-gpu|leidenalg|smart|None|3|1|None|gpu|None|None|None|dyn_acm|False|999:10,results/archive/12s_5small_999:10.json;results/drobyshev/experiment_20260515_0109.json;results/drobyshev/smart_20260512_1207.json;results/drobyshev/smart_20260513_1026.json;results/konovalov/sym_leidenalg_ns_20260518_1213.json;results/paper_icdm/main_topology_20260525_1848.json,3,0.27125416075189906,0.053861183078171004,6
,leidenalg-L:3-r:1-gpu,dyn_bat,999:10,gpu,0,,False,,cn69,leidenalg,,smart,0.2642993628978729,0.0,,,1,,experiment|leidenalg-L:3-r:1-gpu|leidenalg|smart|None|3|1|None|gpu|None|None|None|dyn_bat|False|999:10,results/archive/12s_5small_999:10.json,3,0.02954578399658203,0.0,1
,leidenalg-L:3-r:1-gpu,dyn_blogcatalog,999:10,gpu,0,,False,,dev_256g,leidenalg,,smart,0.3600420355796814,0.0,,,1,,experiment|leidenalg-L:3-r:1-gpu|leidenalg|smart|None|3|1|None|gpu|None|None|None|dyn_blogcatalog|False|999:10,results/archive/5s_5-6d_b999:10.json,3,20.43627619743347,0.0,1
,leidenalg-L:3-r:1-gpu,dyn_citeseer,10,gpu,0,,False,,cn69,leidenalg,,smart,0.8581463694572449,0.0,0.2058804947373162,0.0,1,,experiment|leidenalg-L:3-r:1-gpu|leidenalg|smart|None|3|1|None|gpu|None|None|None|dyn_citeseer|False|10,results/drobyshev/test_leidenalg_20260515_1753.json,3,1.385009627789259,0.0,1
,leidenalg-L:3-r:1-gpu,dyn_citeseer,100,gpu,0,,False,,cn69,leidenalg,,smart,0.8286022543907166,0.0,0.15942869610539104,0.0,1,,experiment|leidenalg-L:3-r:1-gpu|leidenalg|smart|None|3|1|None|gpu|None|None|None|dyn_citeseer|False|100,results/drobyshev/test_leidenalg_20260515_1753.json,3,3.8098715282976627,0.0,1
,leidenalg-L:3-r:1-gpu,dyn_citeseer,999:10,gpu,1,,False,,cn69,leidenalg,,smart,0.8810030221939087,0.0035165792670652646,0.32505471336103914,0.0,1,,experiment|leidenalg-L:3-r:1-gpu|leidenalg|smart|None|3|1|None|gpu|None|None|None|dyn_citeseer|False|999:10,results/archive/12s_5small_999:10.json;results/drobyshev/experiment_20260515_0109.json;results/drobyshev/smart_20260512_1207.json;results/drobyshev/smart_20260513_1026.json;results/drobyshev/smart_20260519_0124.json;results/konovalov/sym_leidenalg_ns_20260518_1213.json,3,0.10555862511197726,0.0035972206747754043,6
,leidenalg-L:3-r:1-gpu,dyn_coauthorcs,999:10,gpu,0,,False,,cn69;dev_256g,leidenalg,,smart,0.7481254935264587,0.0037125472979306117,0.6074336675441259,0.0,1,,experiment|leidenalg-L:3-r:1-gpu|leidenalg|smart|None|3|1|None|gpu|None|None|None|dyn_coauthorcs|False|999:10,results/archive/5s_5-6d_b999:10.json;results/konovalov/sym_leidenalg_ns_20260518_1213.json,3,0.8718703091144562,0.20404195521366786,2
,leidenalg-L:3-r:1-gpu,dyn_coauthorphysics,999:10,gpu,0,,False,,cn69;dev_256g,leidenalg,,smart,0.680991917848587,0.0014967610311673798,0.48524573585345426,0.0,1,,experiment|leidenalg-L:3-r:1-gpu|leidenalg|smart|None|3|1|None|gpu|None|None|None|dyn_coauthorphysics|False|999:10,results/archive/5s_5-6d_b999:10.json;results/konovalov/sym_leidenalg_ns_20260518_1213.json,3,5.436762534081936,0.5587779126191724,2
,leidenalg-L:3-r:1-gpu,dyn_cora,10,gpu,0,,False,,cn69,leidenalg,,smart,0.8018987774848938,0.0,0.39454488280273536,0.0,1,,experiment|leidenalg-L:3-r:1-gpu|leidenalg|smart|None|3|1|None|gpu|None|None|None|dyn_cora|False|10,results/drobyshev/test_leidenalg_20260515_1753.json,3,1.7379934750497341,0.0,1
,leidenalg-L:3-r:1-gpu,dyn_cora,100,gpu,0,,False,,cn69,leidenalg,,smart,0.785852313041687,0.0,0.33498272670861223,0.0,1,,experiment|leidenalg-L:3-r:1-gpu|leidenalg|smart|None|3|1|None|gpu|None|None|None|dyn_cora|False|100,results/drobyshev/test_leidenalg_20260515_1753.json,3,5.383982114493847,0.0,1
,leidenalg-L:3-r:1-gpu,dyn_cora,999:10,gpu,0,,False,,cn69,leidenalg,,smart,0.8082966953516006,0.00024339805015041304,0.4611304295267483,0.0,1,,experiment|leidenalg-L:3-r:1-gpu|leidenalg|smart|None|3|1|None|gpu|None|None|None|dyn_cora|False|999:10,results/archive/12s_5small_999:10.json;results/drobyshev/experiment_20260515_0109.json;results/drobyshev/smart_20260512_1207.json;results/drobyshev/smart_20260513_1026.json;results/drobyshev/smart_20260519_0124.json;results/konovalov/sym_leidenalg_ns_20260518_1213.json;results/paper_icdm/ablation_topology_radius_depth_20260525_1852.json;results/paper_icdm/main_topology_20260525_1848.json,3,0.29695854242891073,0.21165793628591206,8
,leidenalg-L:3-r:1-gpu,dyn_dblp,999:10,gpu,0,,False,,cn69,leidenalg,,smart,0.8515087962150574,0.0,,,1,,experiment|leidenalg-L:3-r:1-gpu|leidenalg|smart|None|3|1|None|gpu|None|None|None|dyn_dblp|False|999:10,results/archive/12s_5small_999:10.json,3,0.06675219535827637,0.0,1
,leidenalg-L:3-r:1-gpu,dyn_flickr,999:10,gpu,0,,False,,cn69;dev_256g,leidenalg,,smart,0.5300593078136444,0.01579895689855118,0.049557822907207484,0.0,1,,experiment|leidenalg-L:3-r:1-gpu|leidenalg|smart|None|3|1|None|gpu|None|None|None|dyn_flickr|False|999:10,results/archive/3s_2d_b999:10.json;results/konovalov/sym_leidenalg_ns_20260518_1213.json,3,27.198967615142465,12.125916146635609,2
,leidenalg-L:3-r:1-gpu,dyn_nell,999:10,gpu,0,,False,,cn69;dev_256g,leidenalg,,smart,0.8337037265300751,0.001882488988739082,0.20892421871046363,0.0,1,,experiment|leidenalg-L:3-r:1-gpu|leidenalg|smart|None|3|1|None|gpu|None|None|None|dyn_nell|False|999:10,results/archive/3s_2d_b999:10.json;results/konovalov/sym_leidenalg_ns_20260518_1213.json,3,11.77148450538516,1.5615739332401823,2
,leidenalg-L:3-r:1-gpu,dyn_ogbn-arxiv,999:10,gpu,0,,True,,cn69,leidenalg,,smart,0.7146264314651489,0.0,0.4070091977058969,0.0,1,,experiment|leidenalg-L:3-r:1-gpu|leidenalg|smart|None|3|1|None|gpu|None|None|None|dyn_ogbn-arxiv|True|999:10,results/konovalov/sym_leidenalg_ns_20260518_1213.json,3,109.11848188564181,0.0,1
,leidenalg-L:3-r:1-gpu,dyn_pubmed,10,gpu,0,,False,,cn69,leidenalg,,smart,0.7789629697799683,0.0,0.19395855783996302,0.0,1,,experiment|leidenalg-L:3-r:1-gpu|leidenalg|smart|None|3|1|None|gpu|None|None|None|dyn_pubmed|False|10,results/drobyshev/test_leidenalg_20260515_1753.json,3,10.969192806631327,0.0,1
,leidenalg-L:3-r:1-gpu,dyn_pubmed,100,gpu,0,,False,,cn69,leidenalg,,smart,0.770274817943573,0.0,0.15744793385148043,0.0,1,,experiment|leidenalg-L:3-r:1-gpu|leidenalg|smart|None|3|1|None|gpu|None|None|None|dyn_pubmed|False|100,results/drobyshev/test_leidenalg_20260515_1753.json,3,35.388518154621124,0.0,1
,leidenalg-L:3-r:1-gpu,dyn_pubmed,999:10,gpu,0,,False,,cn69;dev_256g,leidenalg,,smart,0.7663675844669342,0.0041612982749938965,0.19940188114561672,0.0,1,,experiment|leidenalg-L:3-r:1-gpu|leidenalg|smart|None|3|1|None|gpu|None|None|None|dyn_pubmed|False|999:10,results/archive/5s_5-6d_b999:10.json;results/drobyshev/experiment_20260515_0109.json;results/drobyshev/smart_20260512_1207.json;results/drobyshev/smart_20260513_1026.json,3,0.30395429860800505,0.08582590156563652,4
,leidenalg-L:3-r:1-gpu,dyn_pubmed,999:10,gpu,0,,True,,cn69,leidenalg,,smart,0.7764668464660645,0.0,0.18068974008877,0.0,1,,experiment|leidenalg-L:3-r:1-gpu|leidenalg|smart|None|3|1|None|gpu|None|None|None|dyn_pubmed|True|999:10,results/drobyshev/smart_20260519_0124.json;results/konovalov/sym_leidenalg_ns_20260518_1213.json;results/paper_icdm/ablation_topology_radius_depth_20260525_1852.json;results/paper_icdm/main_topology_20260525_1848.json,3,0.29648051131516695,0.0175878844086325,4
,leidenalg-L:3-r:1-gpu,dyn_pubmed,999:100,gpu,0,,True,,cn69,leidenalg,,smart,0.757787823677063,0.0,0.19005550024662188,0.0,1,,experiment|leidenalg-L:3-r:1-gpu|leidenalg|smart|None|3|1|None|gpu|None|None|None|dyn_pubmed|True|999:100,results/paper_icdm/long_horizon_topology_20260525_1853.json,3,0.6836760342121124,0.0,1
,leidenalg-L:3-r:1-gpu,dyn_pubmed,999:50,gpu,0,,True,,cn69,leidenalg,,smart,0.757787823677063,0.0,0.19005550024662188,0.0,1,,experiment|leidenalg-L:3-r:1-gpu|leidenalg|smart|None|3|1|None|gpu|None|None|None|dyn_pubmed|True|999:50,results/paper_icdm/long_horizon_topology_20260525_1853.json,3,0.9147443920373917,0.0,1
,leidenalg-L:3-r:1-gpu,dyn_wikics,999:10,gpu,0,,False,,dev_256g,leidenalg,,smart,0.6497770547866821,0.0,,,1,,experiment|leidenalg-L:3-r:1-gpu|leidenalg|smart|None|3|1|None|gpu|None|None|None|dyn_wikics|False|999:10,results/archive/5s_5-6d_b999:10.json,3,30.289243698120117,0.0,1
,leidenalg-L:3-r:1-gpu,dyn_wiki,999:10,gpu,0,,False,,dev_256g,leidenalg,,smart,0.7527502179145813,0.0,,,1,,experiment|leidenalg-L:3-r:1-gpu|leidenalg|smart|None|3|1|None|gpu|None|None|None|dyn_wiki|False|999:10,results/archive/5s_5-6d_b999:10.json,3,0.6661386489868164,0.0,1
,leidenalg-L:3-r:1-gpu,enron,999:10,gpu,0,,True,,cn69,leidenalg,,smart,0.6952254176139832,0.0,,,1,,experiment|leidenalg-L:3-r:1-gpu|leidenalg|smart|None|3|1|None|gpu|None|None|None|enron|True|999:10,results/konovalov/sym_leidenalg_ns_20260518_1213.json,3,8.670233078300953,0.0,1
,leidenalg-L:3-r:1-gpu,facebook-wosn-links,999:10,gpu,0,,False,,cn69,leidenalg,,smart,0.6419406533241272,0.0,,,1,,experiment|leidenalg-L:3-r:1-gpu|leidenalg|smart|None|3|1|None|gpu|None|None|None|facebook-wosn-links|False|999:10,results/konovalov/sym_leidenalg_ns_20260518_1213.json,3,17.009390726685524,0.0,1
,leidenalg-L:3-r:1-gpu,facebook-wosn-wall,999:10,gpu,0,,True,,cn69,leidenalg,,smart,0.725403904914856,0.0,,,1,,experiment|leidenalg-L:3-r:1-gpu|leidenalg|smart|None|3|1|None|gpu|None|None|None|facebook-wosn-wall|True|999:10,results/konovalov/sym_leidenalg_ns_20260518_1213.json,3,3.933388613164425,0.0,1
,leidenalg-L:3-r:1-gpu,hyves,999:10,gpu,0,,False,,cn69,leidenalg,,smart,0.7926456332206726,0.0,,,1,,experiment|leidenalg-L:3-r:1-gpu|leidenalg|smart|None|3|1|None|gpu|None|None|None|hyves|False|999:10,results/konovalov/sym_leidenalg_ns_20260518_1213.json,3,124.96151082962751,0.0,1
,leidenalg-L:3-r:1-gpu,lkml-reply,10,gpu,0,,False,,cn69,leidenalg,,smart,0.38095182180404663,0.0,,,1,,experiment|leidenalg-L:3-r:1-gpu|leidenalg|smart|None|3|1|None|gpu|None|None|None|lkml-reply|False|10,results/drobyshev/test_leidenalg_20260515_1753.json,3,28.224469304084778,0.0,1
,leidenalg-L:3-r:1-gpu,lkml-reply,100,gpu,0,,False,,cn69,leidenalg,,smart,0.3873090445995331,0.0,,,1,,experiment|leidenalg-L:3-r:1-gpu|leidenalg|smart|None|3|1|None|gpu|None|None|None|lkml-reply|False|100,results/drobyshev/test_leidenalg_20260515_1753.json,3,242.74970988929272,0.0,1
,leidenalg-L:3-r:1-gpu,lkml-reply,999:10,gpu,0,,False,,cn69,leidenalg,,smart,0.3869350850582123,0.0,,,1,,experiment|leidenalg-L:3-r:1-gpu|leidenalg|smart|None|3|1|None|gpu|None|None|None|lkml-reply|False|999:10,results/drobyshev/experiment_20260515_0109.json;results/drobyshev/smart_20260512_1207.json;results/drobyshev/smart_20260513_1026.json,3,34.51136721546451,0.8526583165403057,3
,leidenalg-L:3-r:1-gpu,lkml-reply,999:10,gpu,0,,True,,cn69,leidenalg,,smart,0.3870503008365631,0.0,,,1,,experiment|leidenalg-L:3-r:1-gpu|leidenalg|smart|None|3|1|None|gpu|None|None|None|lkml-reply|True|999:10,results/konovalov/sym_leidenalg_ns_20260518_1213.json,3,39.335478354245424,0.0,1
,leidenalg-L:3-r:1-gpu,patent,10,gpu,0,,False,,cn69,leidenalg,,smart,0.8558155298233032,0.0,0.3600930214814121,0.0,1,,experiment|leidenalg-L:3-r:1-gpu|leidenalg|smart|None|3|1|None|gpu|None|None|None|patent|False|10,results/drobyshev/test_leidenalg_20260515_1753.json,3,3.673173952847719,0.0,1
,leidenalg-L:3-r:1-gpu,patent,100,gpu,0,,False,,cn69,leidenalg,,smart,0.8294472098350525,0.0,0.2778449490625879,0.0,1,,experiment|leidenalg-L:3-r:1-gpu|leidenalg|smart|None|3|1|None|gpu|None|None|None|patent|False|100,results/drobyshev/test_leidenalg_20260515_1753.json,3,17.944779086858034,0.0,1
,leidenalg-L:3-r:1-gpu,patent,999:10,gpu,0,,False,,cn69,leidenalg,,smart,0.8564608693122864,0.0,0.36165515221529915,0.0,1,,experiment|leidenalg-L:3-r:1-gpu|leidenalg|smart|None|3|1|None|gpu|None|None|None|patent|False|999:10,results/drobyshev/experiment_20260515_0109.json;results/drobyshev/smart_20260512_1207.json;results/drobyshev/smart_20260513_1026.json,3,1.2475679678221543,0.04912033527737244,3
,leidenalg-L:3-r:1-gpu,patent,999:10,gpu,0,,True,,cn69,leidenalg,,smart,0.8561137318611145,0.0,0.3673437875552317,0.0,1,,experiment|leidenalg-L:3-r:1-gpu|leidenalg|smart|None|3|1|None|gpu|None|None|None|patent|True|999:10,results/drobyshev/smart_20260519_0124.json;results/konovalov/sym_leidenalg_ns_20260518_1213.json;results/paper_icdm/main_topology_20260525_1848.json,3,1.8480362569292386,0.00956881039317508,3
,leidenalg-L:3-r:1-gpu,slashdot-threads,999:10,gpu,0,,True,,cn69,leidenalg,,smart,0.4940737783908844,0.0,,,1,,experiment|leidenalg-L:3-r:1-gpu|leidenalg|smart|None|3|1|None|gpu|None|None|None|slashdot-threads|True|999:10,results/konovalov/sym_leidenalg_ns_20260518_1213.json,3,3.9470233470201492,0.0,1
,leidenalg-L:3-r:1-gpu,sx-askubuntu,999:10,gpu,0,,True,,cn69,leidenalg,,smart,0.6045765280723572,0.0,,,1,,experiment|leidenalg-L:3-r:1-gpu|leidenalg|smart|None|3|1|None|gpu|None|None|None|sx-askubuntu|True|999:10,results/konovalov/sym_leidenalg_ns_20260518_1213.json,3,49.638058345764875,0.0,1
,leidenalg-L:3-r:1-gpu,sx-superuser,999:10,gpu,0,,True,,cn69,leidenalg,,smart,0.5481132864952087,0.0,,,1,,experiment|leidenalg-L:3-r:1-gpu|leidenalg|smart|None|3|1|None|gpu|None|None|None|sx-superuser|True|999:10,results/konovalov/sym_leidenalg_ns_20260518_1213.json,3,86.8500696606934,0.0,1
,leidenalg-L:3-r:1-gpu,topology,999:10,gpu,0,,False,,cn69,leidenalg,,smart,0.4552394449710846,0.0,,,1,,experiment|leidenalg-L:3-r:1-gpu|leidenalg|smart|None|3|1|None|gpu|None|None|None|topology|False|999:10,results/konovalov/sym_leidenalg_ns_20260518_1213.json,3,8.947694472968578,0.0,1
,leidenalg-L:3-r:1-gpu,wiki_talk_eo,999:10,gpu,0,,True,,cn69,leidenalg,,smart,0.5204552412033081,0.0,,,1,,experiment|leidenalg-L:3-r:1-gpu|leidenalg|smart|None|3|1|None|gpu|None|None|None|wiki_talk_eo|True|999:10,results/konovalov/sym_leidenalg_ns_20260518_1213.json,3,1.1312395706772804,0.0,1
,leidenalg-L:3-r:1-gpu,wiki_talk_sk,999:10,gpu,0,,True,,cn69,leidenalg,,smart,0.6273875832557678,0.0,,,1,,experiment|leidenalg-L:3-r:1-gpu|leidenalg|smart|None|3|1|None|gpu|None|None|None|wiki_talk_sk|True|999:10,results/konovalov/sym_leidenalg_ns_20260518_1213.json,3,2.474068645387888,0.0,1
,leidenalg-L:3-r:1,dyn_blogcatalog,10,,0,,False,,dev_256g,leidenalg,,smart,0.36748868227005005,0.0,,,1,,experiment|leidenalg-L:3-r:1|leidenalg|smart|None|3|1|None|None|None|None|None|dyn_blogcatalog|False|10,"results/archive/3s_8-9d_b0,999:10,100.json",3,37.19439196586609,0.0,1
,leidenalg-L:3-r:1,dyn_blogcatalog,100,,0,,False,,dev_256g,leidenalg,,smart,0.36748868227005005,0.0,,,1,,experiment|leidenalg-L:3-r:1|leidenalg|smart|None|3|1|None|None|None|None|None|dyn_blogcatalog|False|100,"results/archive/3s_8-9d_b0,999:10,100.json",3,361.1926245689392,0.0,1
,leidenalg-L:3-r:1,dyn_blogcatalog,999:10,,0,,False,,dev_256g,leidenalg,,smart,0.3600420355796814,0.0,,,1,,experiment|leidenalg-L:3-r:1|leidenalg|smart|None|3|1|None|None|None|None|None|dyn_blogcatalog|False|999:10,"results/archive/3s_8-9d_b0,999:10,100.json",3,27.620516061782837,0.0,1
,leidenalg-L:3-r:1,dyn_blogcatalog,999:100,,0,,False,,dev_256g,leidenalg,,smart,0.3601757287979126,0.0,,,1,,experiment|leidenalg-L:3-r:1|leidenalg|smart|None|3|1|None|None|None|None|None|dyn_blogcatalog|False|999:100,"results/archive/3s_8-9d_b0,999:10,100.json",3,105.70492935180664,0.0,1
,leidenalg-L:3-r:1,dyn_coauthorcs,10,,0,,False,,dev_256g,leidenalg,,smart,0.7497305870056152,0.0,,,1,,experiment|leidenalg-L:3-r:1|leidenalg|smart|None|3|1|None|None|None|None|None|dyn_coauthorcs|False|10,"results/archive/3s_8-9d_b0,999:10,100.json",3,86.88076901435852,0.0,1
,leidenalg-L:3-r:1,dyn_coauthorcs,100,,0,,False,,dev_256g,leidenalg,,smart,0.7516103386878967,0.0,,,1,,experiment|leidenalg-L:3-r:1|leidenalg|smart|None|3|1|None|None|None|None|None|dyn_coauthorcs|False|100,"results/archive/3s_8-9d_b0,999:10,100.json",3,712.1835360527039,0.0,1
,leidenalg-L:3-r:1,dyn_coauthorcs,999:10,,0,,False,,dev_256g,leidenalg,,smart,0.7455003261566162,0.0,,,1,,experiment|leidenalg-L:3-r:1|leidenalg|smart|None|3|1|None|None|None|None|None|dyn_coauthorcs|False|999:10,"results/archive/3s_8-9d_b0,999:10,100.json",3,41.2379195690155,0.0,1
,leidenalg-L:3-r:1,dyn_coauthorcs,999:100,,0,,False,,dev_256g,leidenalg,,smart,0.702100932598114,0.0,,,1,,experiment|leidenalg-L:3-r:1|leidenalg|smart|None|3|1|None|None|None|None|None|dyn_coauthorcs|False|999:100,"results/archive/3s_8-9d_b0,999:10,100.json",3,215.8860399723053,0.0,1
,leidenalg-L:3-r:1,dyn_coauthorphysics,10,,0,,False,,dev_256g,leidenalg,,smart,0.6861470341682434,0.0,,,1,,experiment|leidenalg-L:3-r:1|leidenalg|smart|None|3|1|None|None|None|None|None|dyn_coauthorphysics|False|10,"results/archive/3s_8-9d_b0,999:10,100.json",3,241.52248239517212,0.0,1
,leidenalg-L:3-r:1,dyn_coauthorphysics,100,,0,,False,,dev_256g,leidenalg,,smart,0.6904786229133606,0.0,,,1,,experiment|leidenalg-L:3-r:1|leidenalg|smart|None|3|1|None|None|None|None|None|dyn_coauthorphysics|False|100,"results/archive/3s_8-9d_b0,999:10,100.json",3,2268.1470816135406,0.0,1
,leidenalg-L:3-r:1,dyn_coauthorphysics,999:10,,0,,False,,dev_256g,leidenalg,,smart,0.6820502877235413,0.0,,,1,,experiment|leidenalg-L:3-r:1|leidenalg|smart|None|3|1|None|None|None|None|None|dyn_coauthorphysics|False|999:10,"results/archive/3s_8-9d_b0,999:10,100.json",3,140.78149008750916,0.0,1
,leidenalg-L:3-r:1,dyn_coauthorphysics,999:100,,0,,False,,dev_256g,leidenalg,,smart,0.6477667093276978,0.0,,,1,,experiment|leidenalg-L:3-r:1|leidenalg|smart|None|3|1|None|None|None|None|None|dyn_coauthorphysics|False|999:100,"results/archive/3s_8-9d_b0,999:10,100.json",3,1574.0351009368896,0.0,1
,leidenalg-L:3-r:1,dyn_flickr,10,,0,,False,,dev_256g,leidenalg,,smart,0.542499840259552,0.0,,,1,,experiment|leidenalg-L:3-r:1|leidenalg|smart|None|3|1|None|None|None|None|None|dyn_flickr|False|10,"results/archive/3s_8-9d_b0,999:10,100.json",3,1254.2046928405762,0.0,1
,leidenalg-L:3-r:1,dyn_flickr,100,,0,,False,,dev_256g,leidenalg,,smart,0.5471637845039368,0.0,,,1,,experiment|leidenalg-L:3-r:1|leidenalg|smart|None|3|1|None|None|None|None|None|dyn_flickr|False|100,"results/archive/3s_8-9d_b0,999:10,100.json",3,13635.184753656387,0.0,1
,leidenalg-L:3-r:1,dyn_flickr,999:10,,0,,False,,dev_256g,leidenalg,,smart,0.5188877582550049,0.0,,,1,,experiment|leidenalg-L:3-r:1|leidenalg|smart|None|3|1|None|None|None|None|None|dyn_flickr|False|999:10,"results/archive/3s_8-9d_b0,999:10,100.json",3,1484.3477947711945,0.0,1
,leidenalg-L:3-r:1,dyn_flickr,999:100,,0,,False,,dev_256g,leidenalg,,smart,0.5069658160209656,0.0,,,1,,experiment|leidenalg-L:3-r:1|leidenalg|smart|None|3|1|None|None|None|None|None|dyn_flickr|False|999:100,"results/archive/3s_8-9d_b0,999:10,100.json",3,15954.457655906677,0.0,1
,leidenalg-L:3-r:1,dyn_nell,10,,0,,False,,dev_256g,leidenalg,,smart,0.8372174501419067,0.0,,,1,,experiment|leidenalg-L:3-r:1|leidenalg|smart|None|3|1|None|None|None|None|None|dyn_nell|False|10,"results/archive/3s_8-9d_b0,999:10,100.json",3,1693.28244972229,0.0,1
,leidenalg-L:3-r:1,dyn_nell,100,,0,,False,,dev_256g,leidenalg,,smart,0.8354083895683289,0.0,,,1,,experiment|leidenalg-L:3-r:1|leidenalg|smart|None|3|1|None|None|None|None|None|dyn_nell|False|100,"results/archive/3s_8-9d_b0,999:10,100.json",3,19653.1671230793,0.0,1
,leidenalg-L:3-r:1,dyn_nell,999:10,,0,,False,,dev_256g,leidenalg,,smart,0.8323726058006287,0.0,,,1,,experiment|leidenalg-L:3-r:1|leidenalg|smart|None|3|1|None|None|None|None|None|dyn_nell|False|999:10,"results/archive/3s_8-9d_b0,999:10,100.json",3,483.99877643585205,0.0,1
,leidenalg-L:3-r:1,dyn_nell,999:100,,0,,False,,dev_256g,leidenalg,,smart,0.7886384129524231,0.0,,,1,,experiment|leidenalg-L:3-r:1|leidenalg|smart|None|3|1|None|None|None|None|None|dyn_nell|False|999:100,"results/archive/3s_8-9d_b0,999:10,100.json",3,4222.2868366241455,0.0,1
,leidenalg-L:3-r:1,dyn_ogbn-arxiv,10,,0,,False,,dev_256g,leidenalg,,smart,0.7142472863197327,0.0,,,1,,experiment|leidenalg-L:3-r:1|leidenalg|smart|None|3|1|None|None|None|None|None|dyn_ogbn-arxiv|False|10,"results/archive/3s_8-9d_b0,999:10,100.json",3,3881.641861438751,0.0,1
,leidenalg-L:3-r:1,dyn_ogbn-arxiv,100,,0,,False,,dev_256g,leidenalg,,smart,0.7009162306785583,0.0,,,1,,experiment|leidenalg-L:3-r:1|leidenalg|smart|None|3|1|None|None|None|None|None|dyn_ogbn-arxiv|False|100,"results/archive/3s_8-9d_b0,999:10,100.json",3,49131.64340901375,0.0,1
,leidenalg-L:3-r:1,dyn_ogbn-arxiv,999:10,,0,,False,,dev_256g,leidenalg,,smart,0.7126172184944153,0.0,,,1,,experiment|leidenalg-L:3-r:1|leidenalg|smart|None|3|1|None|None|None|None|None|dyn_ogbn-arxiv|False|999:10,"results/archive/3s_8-9d_b0,999:10,100.json",3,2362.145688533783,0.0,1
,leidenalg-L:3-r:1,dyn_ogbn-arxiv,999:100,,0,,False,,dev_256g,leidenalg,,smart,0.7112367153167725,0.0,,,1,,experiment|leidenalg-L:3-r:1|leidenalg|smart|None|3|1|None|None|None|None|None|dyn_ogbn-arxiv|False|999:100,"results/archive/3s_8-9d_b0,999:10,100.json",3,23464.858496904373,0.0,1
,leidenalg-L:3-r:1,dyn_pubmed,10,,0,,False,,dev_256g,leidenalg,,smart,0.7799909114837646,0.0,,,1,,experiment|leidenalg-L:3-r:1|leidenalg|smart|None|3|1|None|None|None|None|None|dyn_pubmed|False|10,"results/archive/3s_8-9d_b0,999:10,100.json",3,100.38020658493042,0.0,1
,leidenalg-L:3-r:1,dyn_pubmed,100,,0,,False,,dev_256g,leidenalg,,smart,0.7668050527572632,0.0,,,1,,experiment|leidenalg-L:3-r:1|leidenalg|smart|None|3|1|None|None|None|None|None|dyn_pubmed|False|100,"results/archive/3s_8-9d_b0,999:10,100.json",3,1194.4231791496277,0.0,1
,leidenalg-L:3-r:1,dyn_pubmed,999:10,,0,,False,,dev_256g,leidenalg,,smart,0.7601256370544434,0.0,,,1,,experiment|leidenalg-L:3-r:1|leidenalg|smart|None|3|1|None|None|None|None|None|dyn_pubmed|False|999:10,"results/archive/3s_8-9d_b0,999:10,100.json",3,25.224589824676514,0.0,1
,leidenalg-L:3-r:1,dyn_pubmed,999:100,,0,,False,,dev_256g,leidenalg,,smart,0.73502516746521,0.0,,,1,,experiment|leidenalg-L:3-r:1|leidenalg|smart|None|3|1|None|None|None|None|None|dyn_pubmed|False|999:100,"results/archive/3s_8-9d_b0,999:10,100.json",3,48.621333360672,0.0,1
,leidenalg-L:3-r:1,dyn_wikics,10,,0,,False,,dev_256g,leidenalg,,smart,0.6509588956832886,0.0,,,1,,experiment|leidenalg-L:3-r:1|leidenalg|smart|None|3|1|None|None|None|None|None|dyn_wikics|False|10,"results/archive/3s_8-9d_b0,999:10,100.json",3,55.04849576950073,0.0,1
,leidenalg-L:3-r:1,dyn_wikics,100,,0,,False,,dev_256g,leidenalg,,smart,0.6520048975944519,0.0,,,1,,experiment|leidenalg-L:3-r:1|leidenalg|smart|None|3|1|None|None|None|None|None|dyn_wikics|False|100,"results/archive/3s_8-9d_b0,999:10,100.json",3,520.2861931324005,0.0,1
,leidenalg-L:3-r:1,dyn_wikics,999:10,,0,,False,,dev_256g,leidenalg,,smart,0.6497770547866821,0.0,,,1,,experiment|leidenalg-L:3-r:1|leidenalg|smart|None|3|1|None|None|None|None|None|dyn_wikics|False|999:10,"results/archive/3s_8-9d_b0,999:10,100.json",3,44.119178771972656,0.0,1
,leidenalg-L:3-r:1,dyn_wikics,999:100,,0,,False,,dev_256g,leidenalg,,smart,0.6486844420433044,0.0,,,1,,experiment|leidenalg-L:3-r:1|leidenalg|smart|None|3|1|None|None|None|None|None|dyn_wikics|False|999:100,"results/archive/3s_8-9d_b0,999:10,100.json",3,234.3260853290558,0.0,1
,leidenalg-L:3-r:1,dyn_wiki,10,,0,,False,,dev_256g,leidenalg,,smart,0.7668551206588745,0.0,,,1,,experiment|leidenalg-L:3-r:1|leidenalg|smart|None|3|1|None|None|None|None|None|dyn_wiki|False|10,"results/archive/3s_8-9d_b0,999:10,100.json",3,4.439001798629761,0.0,1
,leidenalg-L:3-r:1,dyn_wiki,100,,0,,False,,dev_256g,leidenalg,,smart,0.7558216452598572,0.0,,,1,,experiment|leidenalg-L:3-r:1|leidenalg|smart|None|3|1|None|None|None|None|None|dyn_wiki|False|100,"results/archive/3s_8-9d_b0,999:10,100.json",3,31.017720222473145,0.0,1
,leidenalg-L:3-r:1,dyn_wiki,999:10,,0,,False,,dev_256g,leidenalg,,smart,0.7527502179145813,0.0,,,1,,experiment|leidenalg-L:3-r:1|leidenalg|smart|None|3|1|None|None|None|None|None|dyn_wiki|False|999:10,"results/archive/3s_8-9d_b0,999:10,100.json",3,0.4052438735961914,0.0,1
,leidenalg-L:3-r:1,dyn_wiki,999:100,,0,,False,,dev_256g,leidenalg,,smart,0.7495378851890564,0.0,,,1,,experiment|leidenalg-L:3-r:1|leidenalg|smart|None|3|1|None|None|None|None|None|dyn_wiki|False|999:100,"results/archive/3s_8-9d_b0,999:10,100.json",3,0.43820691108703613,0.0,1
,leidenalg-L:3-r:2-gpu,arxivmath,999:10,gpu,0,,True,,cn69,leidenalg,,smart,0.8810757398605347,0.0,0.4056227620826124,0.0,2,,experiment|leidenalg-L:3-r:2-gpu|leidenalg|smart|None|3|2|None|gpu|None|None|None|arxivmath|True|999:10,results/paper_icdm/ablation_topology_radius_depth_20260525_1852.json,3,32.58377257734537,0.0,1
,leidenalg-L:3-r:2-gpu,dyn_cora,999:10,gpu,0,,False,,cn69,leidenalg,,smart,0.8013336658477783,0.0,0.4293489232329235,0.0,2,,experiment|leidenalg-L:3-r:2-gpu|leidenalg|smart|None|3|2|None|gpu|None|None|None|dyn_cora|False|999:10,results/paper_icdm/ablation_topology_radius_depth_20260525_1852.json,3,0.1621333435177803,0.0,1
,leidenalg-L:3-r:2-gpu,dyn_pubmed,999:10,gpu,0,,True,,cn69,leidenalg,,smart,0.7806208729743958,0.0,0.1998846979680191,0.0,2,,experiment|leidenalg-L:3-r:2-gpu|leidenalg|smart|None|3|2|None|gpu|None|None|None|dyn_pubmed|True|999:10,results/paper_icdm/ablation_topology_radius_depth_20260525_1852.json,3,2.1947163939476013,0.0,1
,leidenalg-L:4-r:0-gpu,arxivmath,100,gpu,0,,False,,cn69,leidenalg,,smart,0.8013977408409119,0.0,0.20047428579762147,0.0,0,,experiment|leidenalg-L:4-r:0-gpu|leidenalg|smart|None|4|0|None|gpu|None|None|None|arxivmath|False|100,results/drobyshev/test_leidenalg_20260515_1753.json,4,98.75694911554456,0.0,1
,leidenalg-L:4-r:0-gpu,arxivmath,999:10,gpu,0,,False,,cn69,leidenalg,,smart,0.876677930355072,0.0,0.38468892542724475,0.0,0,,experiment|leidenalg-L:4-r:0-gpu|leidenalg|smart|None|4|0|None|gpu|None|None|None|arxivmath|False|999:10,results/drobyshev/experiment_20260515_0109.json,4,0.596847727894783,0.0,1
,leidenalg-L:4-r:0-gpu,arxivmath,999:10,gpu,0,,True,,cn69,leidenalg,,smart,0.8780527114868164,0.0,0.39180174915308724,0.0,0,,experiment|leidenalg-L:4-r:0-gpu|leidenalg|smart|None|4|0|None|gpu|None|None|None|arxivmath|True|999:10,results/paper_icdm/ablation_topology_radius_depth_20260525_1852.json,4,0.7846425473690033,0.0,1
,leidenalg-L:4-r:0-gpu,dyn_acm,10,gpu,0,,False,,cn69,leidenalg,,smart,0.7906605005264282,0.0,0.1871598663019332,0.0,0,,experiment|leidenalg-L:4-r:0-gpu|leidenalg|smart|None|4|0|None|gpu|None|None|None|dyn_acm|False|10,results/drobyshev/test_leidenalg_20260515_1753.json,4,2.5089546777307987,0.0,1
,leidenalg-L:4-r:0-gpu,dyn_acm,100,gpu,0,,False,,cn69,leidenalg,,smart,0.7464245557785034,0.0,0.14272401872378784,0.0,0,,experiment|leidenalg-L:4-r:0-gpu|leidenalg|smart|None|4|0|None|gpu|None|None|None|dyn_acm|False|100,results/drobyshev/test_leidenalg_20260515_1753.json,4,4.50568612664938,0.0,1
,leidenalg-L:4-r:0-gpu,dyn_acm,999:10,gpu,0,,False,,cn69,leidenalg,,smart,0.8218244910240173,0.0,0.26635427043554094,0.0,0,,experiment|leidenalg-L:4-r:0-gpu|leidenalg|smart|None|4|0|None|gpu|None|None|None|dyn_acm|False|999:10,results/drobyshev/experiment_20260515_0109.json,4,0.11636475846171379,0.0,1
,leidenalg-L:4-r:0-gpu,dyn_citeseer,10,gpu,0,,False,,cn69,leidenalg,,smart,0.7983505725860596,0.0,0.17618192794962576,0.0,0,,experiment|leidenalg-L:4-r:0-gpu|leidenalg|smart|None|4|0|None|gpu|None|None|None|dyn_citeseer|False|10,results/drobyshev/test_leidenalg_20260515_1753.json,4,1.0285735540091991,0.0,1
,leidenalg-L:4-r:0-gpu,dyn_citeseer,100,gpu,0,,False,,cn69,leidenalg,,smart,0.7771864533424377,0.0,0.14796134727166685,0.0,0,,experiment|leidenalg-L:4-r:0-gpu|leidenalg|smart|None|4|0|None|gpu|None|None|None|dyn_citeseer|False|100,results/drobyshev/test_leidenalg_20260515_1753.json,4,2.411012787371874,0.0,1
,leidenalg-L:4-r:0-gpu,dyn_citeseer,999:10,gpu,0,,False,,cn69,leidenalg,,smart,0.8910465836524963,0.0,0.33418186059704713,0.0,0,,experiment|leidenalg-L:4-r:0-gpu|leidenalg|smart|None|4|0|None|gpu|None|None|None|dyn_citeseer|False|999:10,results/drobyshev/experiment_20260515_0109.json,4,0.08518937975168228,0.0,1
,leidenalg-L:4-r:0-gpu,dyn_cora,10,gpu,0,,False,,cn69,leidenalg,,smart,0.7070480585098267,0.0,0.2360218100262477,0.0,0,,experiment|leidenalg-L:4-r:0-gpu|leidenalg|smart|None|4|0|None|gpu|None|None|None|dyn_cora|False|10,results/drobyshev/test_leidenalg_20260515_1753.json,4,1.14871896058321,0.0,1
,leidenalg-L:4-r:0-gpu,dyn_cora,100,gpu,0,,False,,cn69,leidenalg,,smart,0.6544452905654907,0.0,0.16560392842253904,0.0,0,,experiment|leidenalg-L:4-r:0-gpu|leidenalg|smart|None|4|0|None|gpu|None|None|None|dyn_cora|False|100,results/drobyshev/test_leidenalg_20260515_1753.json,4,2.6979888938367367,0.0,1
,leidenalg-L:4-r:0-gpu,dyn_cora,999:10,gpu,0,,False,,cn69,leidenalg,,smart,0.8156781792640686,0.0,0.44994619997459495,0.0,0,,experiment|leidenalg-L:4-r:0-gpu|leidenalg|smart|None|4|0|None|gpu|None|None|None|dyn_cora|False|999:10,results/drobyshev/experiment_20260515_0109.json;results/paper_icdm/ablation_topology_radius_depth_20260525_1852.json,4,0.1059439368546009,0.006410583073711557,2
,leidenalg-L:4-r:0-gpu,dyn_pubmed,10,gpu,0,,False,,cn69,leidenalg,,smart,0.685157299041748,0.0,0.10320433246937384,0.0,0,,experiment|leidenalg-L:4-r:0-gpu|leidenalg|smart|None|4|0|None|gpu|None|None|None|dyn_pubmed|False|10,results/drobyshev/test_leidenalg_20260515_1753.json,4,6.142471421509981,0.0,1
,leidenalg-L:4-r:0-gpu,dyn_pubmed,100,gpu,0,,False,,cn69,leidenalg,,smart,0.6191076040267944,0.0,0.047733024324219,0.0,0,,experiment|leidenalg-L:4-r:0-gpu|leidenalg|smart|None|4|0|None|gpu|None|None|None|dyn_pubmed|False|100,results/drobyshev/test_leidenalg_20260515_1753.json,4,10.407218661159277,0.0,1
,leidenalg-L:4-r:0-gpu,dyn_pubmed,999:10,gpu,0,,False,,cn69,leidenalg,,smart,0.7835388779640198,0.0,0.20445245662809897,0.0,0,,experiment|leidenalg-L:4-r:0-gpu|leidenalg|smart|None|4|0|None|gpu|None|None|None|dyn_pubmed|False|999:10,results/drobyshev/experiment_20260515_0109.json,4,0.13648908212780952,0.0,1
,leidenalg-L:4-r:0-gpu,dyn_pubmed,999:10,gpu,0,,True,,cn69,leidenalg,,smart,0.7744579911231995,0.0,0.20406710560912278,0.0,0,,experiment|leidenalg-L:4-r:0-gpu|leidenalg|smart|None|4|0|None|gpu|None|None|None|dyn_pubmed|True|999:10,results/paper_icdm/ablation_topology_radius_depth_20260525_1852.json,4,0.1537669375538826,0.0,1
,leidenalg-L:4-r:0-gpu,lkml-reply,10,gpu,0,,False,,cn69,leidenalg,,smart,0.3693391978740692,0.0,,,0,,experiment|leidenalg-L:4-r:0-gpu|leidenalg|smart|None|4|0|None|gpu|None|None|None|lkml-reply|False|10,results/drobyshev/test_leidenalg_20260515_1753.json,4,17.426478128880262,0.0,1
,leidenalg-L:4-r:0-gpu,lkml-reply,100,gpu,0,,False,,cn69,leidenalg,,smart,0.3477422595024109,0.0,,,0,,experiment|leidenalg-L:4-r:0-gpu|leidenalg|smart|None|4|0|None|gpu|None|None|None|lkml-reply|False|100,results/drobyshev/test_leidenalg_20260515_1753.json,4,58.775509003549814,0.0,1
,leidenalg-L:4-r:0-gpu,lkml-reply,999:10,gpu,0,,False,,cn69,leidenalg,,smart,0.3812841773033142,0.0,,,0,,experiment|leidenalg-L:4-r:0-gpu|leidenalg|smart|None|4|0|None|gpu|None|None|None|lkml-reply|False|999:10,results/drobyshev/experiment_20260515_0109.json,4,0.40418457239866257,0.0,1
,leidenalg-L:4-r:0-gpu,patent,10,gpu,0,,False,,cn69,leidenalg,,smart,0.7978444695472717,0.0,0.21137177147573938,0.0,0,,experiment|leidenalg-L:4-r:0-gpu|leidenalg|smart|None|4|0|None|gpu|None|None|None|patent|False|10,results/drobyshev/test_leidenalg_20260515_1753.json,4,1.7488728053867817,0.0,1
,leidenalg-L:4-r:0-gpu,patent,100,gpu,0,,False,,cn69,leidenalg,,smart,0.5634164214134216,0.0,0.12400681338582314,0.0,0,,experiment|leidenalg-L:4-r:0-gpu|leidenalg|smart|None|4|0|None|gpu|None|None|None|patent|False|100,results/drobyshev/test_leidenalg_20260515_1753.json,4,3.950506277382374,0.0,1
,leidenalg-L:4-r:0-gpu,patent,999:10,gpu,0,,False,,cn69,leidenalg,,smart,0.8359158039093018,0.0,0.36087344816852335,0.0,0,,experiment|leidenalg-L:4-r:0-gpu|leidenalg|smart|None|4|0|None|gpu|None|None|None|patent|False|999:10,results/drobyshev/experiment_20260515_0109.json,4,0.14619802683591843,0.0,1
,leidenalg-L:4-r:1-gpu,arxivmath,999:10,gpu,0,,False,,cn69,leidenalg,,smart,0.8810912370681763,0.0,0.4082706184539028,0.0,1,,experiment|leidenalg-L:4-r:1-gpu|leidenalg|smart|None|4|1|None|gpu|None|None|None|arxivmath|False|999:10,results/drobyshev/experiment_20260515_0109.json,4,3.8031232953071594,0.0,1
,leidenalg-L:4-r:1-gpu,arxivmath,999:10,gpu,0,,True,,cn69,leidenalg,,smart,0.8803907036781311,0.0,0.40277435335419964,0.0,1,,experiment|leidenalg-L:4-r:1-gpu|leidenalg|smart|None|4|1|None|gpu|None|None|None|arxivmath|True|999:10,results/paper_icdm/ablation_topology_radius_depth_20260525_1852.json,4,5.799444146454334,0.0,1
,leidenalg-L:4-r:1-gpu,dyn_acm,10,gpu,0,,False,,cn69,leidenalg,,smart,0.8158317804336548,0.0,0.21680689306941942,0.0,1,,experiment|leidenalg-L:4-r:1-gpu|leidenalg|smart|None|4|1|None|gpu|None|None|None|dyn_acm|False|10,results/drobyshev/test_leidenalg_20260515_1753.json,4,3.562264170497656,0.0,1
,leidenalg-L:4-r:1-gpu,dyn_acm,100,gpu,0,,False,,cn69,leidenalg,,smart,0.8043270111083984,0.0,0.20147772267805605,0.0,1,,experiment|leidenalg-L:4-r:1-gpu|leidenalg|smart|None|4|1|None|gpu|None|None|None|dyn_acm|False|100,results/drobyshev/test_leidenalg_20260515_1753.json,4,20.379997350275517,0.0,1
,leidenalg-L:4-r:1-gpu,dyn_acm,999:10,gpu,0,,False,,cn69,leidenalg,,smart,0.7930716276168823,0.0,0.2471903106196274,0.0,1,,experiment|leidenalg-L:4-r:1-gpu|leidenalg|smart|None|4|1|None|gpu|None|None|None|dyn_acm|False|999:10,results/drobyshev/experiment_20260515_0109.json,4,0.3270041421055794,0.0,1
,leidenalg-L:4-r:1-gpu,dyn_citeseer,10,gpu,0,,False,,cn69,leidenalg,,smart,0.8581463694572449,0.0,0.2058804947373162,0.0,1,,experiment|leidenalg-L:4-r:1-gpu|leidenalg|smart|None|4|1|None|gpu|None|None|None|dyn_citeseer|False|10,results/drobyshev/test_leidenalg_20260515_1753.json,4,1.8292289189994335,0.0,1
,leidenalg-L:4-r:1-gpu,dyn_citeseer,100,gpu,0,,False,,cn69,leidenalg,,smart,0.8286022543907166,0.0,0.15942869610539104,0.0,1,,experiment|leidenalg-L:4-r:1-gpu|leidenalg|smart|None|4|1|None|gpu|None|None|None|dyn_citeseer|False|100,results/drobyshev/test_leidenalg_20260515_1753.json,4,4.954439617693424,0.0,1
,leidenalg-L:4-r:1-gpu,dyn_citeseer,999:10,gpu,0,,False,,cn69,leidenalg,,smart,0.8817463517189026,0.0,0.32546352236756043,0.0,1,,experiment|leidenalg-L:4-r:1-gpu|leidenalg|smart|None|4|1|None|gpu|None|None|None|dyn_citeseer|False|999:10,results/drobyshev/experiment_20260515_0109.json,4,0.1300271339714527,0.0,1
,leidenalg-L:4-r:1-gpu,dyn_cora,10,gpu,0,,False,,cn69,leidenalg,,smart,0.8018987774848938,0.0,0.39454488280273536,0.0,1,,experiment|leidenalg-L:4-r:1-gpu|leidenalg|smart|None|4|1|None|gpu|None|None|None|dyn_cora|False|10,results/drobyshev/test_leidenalg_20260515_1753.json,4,2.3016300797462463,0.0,1
,leidenalg-L:4-r:1-gpu,dyn_cora,100,gpu,0,,False,,cn69,leidenalg,,smart,0.785852313041687,0.0,0.33498272670861223,0.0,1,,experiment|leidenalg-L:4-r:1-gpu|leidenalg|smart|None|4|1|None|gpu|None|None|None|dyn_cora|False|100,results/drobyshev/test_leidenalg_20260515_1753.json,4,7.037248186767101,0.0,1
,leidenalg-L:4-r:1-gpu,dyn_cora,999:10,gpu,0,,False,,cn69,leidenalg,,smart,0.7864938974380493,0.0,0.4336308953582769,0.0,1,,experiment|leidenalg-L:4-r:1-gpu|leidenalg|smart|None|4|1|None|gpu|None|None|None|dyn_cora|False|999:10,results/drobyshev/experiment_20260515_0109.json;results/paper_icdm/ablation_topology_radius_depth_20260525_1852.json,4,0.1308002807199955,0.007668518987791956,2
,leidenalg-L:4-r:1-gpu,dyn_pubmed,10,gpu,0,,False,,cn69,leidenalg,,smart,0.778204619884491,0.0,0.19202939294644786,0.0,1,,experiment|leidenalg-L:4-r:1-gpu|leidenalg|smart|None|4|1|None|gpu|None|None|None|dyn_pubmed|False|10,results/drobyshev/test_leidenalg_20260515_1753.json,4,14.398726042360067,0.0,1
,leidenalg-L:4-r:1-gpu,dyn_pubmed,100,gpu,0,,False,,cn69,leidenalg,,smart,0.770274817943573,0.0,0.15744793385148043,0.0,1,,experiment|leidenalg-L:4-r:1-gpu|leidenalg|smart|None|4|1|None|gpu|None|None|None|dyn_pubmed|False|100,results/drobyshev/test_leidenalg_20260515_1753.json,4,46.753260903060436,0.0,1
,leidenalg-L:4-r:1-gpu,dyn_pubmed,999:10,gpu,0,,False,,cn69,leidenalg,,smart,0.7767761945724487,0.0,0.19917128257293093,0.0,1,,experiment|leidenalg-L:4-r:1-gpu|leidenalg|smart|None|4|1|None|gpu|None|None|None|dyn_pubmed|False|999:10,results/drobyshev/experiment_20260515_0109.json,4,0.33792994171380997,0.0,1
,leidenalg-L:4-r:1-gpu,dyn_pubmed,999:10,gpu,0,,True,,cn69,leidenalg,,smart,0.7357637286186218,0.0,0.1628803981771654,0.0,1,,experiment|leidenalg-L:4-r:1-gpu|leidenalg|smart|None|4|1|None|gpu|None|None|None|dyn_pubmed|True|999:10,results/paper_icdm/ablation_topology_radius_depth_20260525_1852.json,4,0.4640433266758919,0.0,1
,leidenalg-L:4-r:1-gpu,lkml-reply,10,gpu,0,,False,,cn69,leidenalg,,smart,0.38095182180404663,0.0,,,1,,experiment|leidenalg-L:4-r:1-gpu|leidenalg|smart|None|4|1|None|gpu|None|None|None|lkml-reply|False|10,results/drobyshev/test_leidenalg_20260515_1753.json,4,36.28674075379968,0.0,1
,leidenalg-L:4-r:1-gpu,lkml-reply,100,gpu,0,,False,,cn69,leidenalg,,smart,0.3873090445995331,0.0,,,1,,experiment|leidenalg-L:4-r:1-gpu|leidenalg|smart|None|4|1|None|gpu|None|None|None|lkml-reply|False|100,results/drobyshev/test_leidenalg_20260515_1753.json,4,309.7278865389526,0.0,1
,leidenalg-L:4-r:1-gpu,lkml-reply,999:10,gpu,0,,False,,cn69,leidenalg,,smart,0.3858211934566498,0.0,,,1,,experiment|leidenalg-L:4-r:1-gpu|leidenalg|smart|None|4|1|None|gpu|None|None|None|lkml-reply|False|999:10,results/drobyshev/experiment_20260515_0109.json,4,42.49163330346346,0.0,1
,leidenalg-L:4-r:1-gpu,patent,10,gpu,0,,False,,cn69,leidenalg,,smart,0.8558155298233032,0.0,0.3600930214814121,0.0,1,,experiment|leidenalg-L:4-r:1-gpu|leidenalg|smart|None|4|1|None|gpu|None|None|None|patent|False|10,results/drobyshev/test_leidenalg_20260515_1753.json,4,4.881795953959227,0.0,1
,leidenalg-L:4-r:1-gpu,patent,100,gpu,0,,False,,cn69,leidenalg,,smart,0.8294472098350525,0.0,0.2778449490625879,0.0,1,,experiment|leidenalg-L:4-r:1-gpu|leidenalg|smart|None|4|1|None|gpu|None|None|None|patent|False|100,results/drobyshev/test_leidenalg_20260515_1753.json,4,23.84957354143262,0.0,1
,leidenalg-L:4-r:1-gpu,patent,999:10,gpu,0,,False,,cn69,leidenalg,,smart,0.8564608693122864,0.0,0.36165515221529915,0.0,1,,experiment|leidenalg-L:4-r:1-gpu|leidenalg|smart|None|4|1|None|gpu|None|None|None|patent|False|999:10,results/drobyshev/experiment_20260515_0109.json,4,1.6250121146440506,0.0,1
,leidenalg-L:4-r:2-gpu,arxivmath,999:10,gpu,0,,True,,cn69,leidenalg,,smart,0.8810165524482727,0.0,0.40660432418550096,0.0,2,,experiment|leidenalg-L:4-r:2-gpu|leidenalg|smart|None|4|2|None|gpu|None|None|None|arxivmath|True|999:10,results/paper_icdm/ablation_topology_radius_depth_20260525_1852.json,4,47.65222991257906,0.0,1
,leidenalg-L:4-r:2-gpu,dyn_cora,999:10,gpu,0,,False,,cn69,leidenalg,,smart,0.8004473447799683,0.0,0.4245376037652918,0.0,2,,experiment|leidenalg-L:4-r:2-gpu|leidenalg|smart|None|4|2|None|gpu|None|None|None|dyn_cora|False|999:10,results/paper_icdm/ablation_topology_radius_depth_20260525_1852.json,4,0.21341080218553543,0.0,1
,leidenalg-L:4-r:2-gpu,dyn_pubmed,999:10,gpu,0,,True,,cn69,leidenalg,,smart,0.7739040851593018,0.0,0.1959349721716003,0.0,2,,experiment|leidenalg-L:4-r:2-gpu|leidenalg|smart|None|4|2|None|gpu|None|None|None|dyn_pubmed|True|999:10,results/paper_icdm/ablation_topology_radius_depth_20260525_1852.json,4,2.6151504889130592,0.0,1
,leidenalg-dynamic,dyn_blogcatalog,999:10,,0,,False,,dev_256g,leidenalg,,dynamic,0.36492826541176043,0.0,,,,,experiment|leidenalg-dynamic|leidenalg|dynamic|None|None|None|None|None|None|None|None|dyn_blogcatalog|False|999:10,results/archive/3s_dynamic_10d_999:10.json,,2.583,0.0,1
,leidenalg-dynamic,dyn_coauthorcs,999:10,,0,,False,,dev_256g,leidenalg,,dynamic,0.7559569789096894,0.0,,,,,experiment|leidenalg-dynamic|leidenalg|dynamic|None|None|None|None|None|None|None|None|dyn_coauthorcs|False|999:10,results/archive/3s_dynamic_10d_999:10.json,,2.216,0.0,1
,leidenalg-dynamic,dyn_coauthorphysics,999:10,,0,,False,,dev_256g,leidenalg,,dynamic,0.6945431206639895,0.0,,,,,experiment|leidenalg-dynamic|leidenalg|dynamic|None|None|None|None|None|None|None|None|dyn_coauthorphysics|False|999:10,results/archive/3s_dynamic_10d_999:10.json,,7.343,0.0,1
,leidenalg-dynamic,dyn_flickr,999:10,,0,,False,,dev_256g,leidenalg,,dynamic,0.5418490917822013,0.0,,,,,experiment|leidenalg-dynamic|leidenalg|dynamic|None|None|None|None|None|None|None|None|dyn_flickr|False|999:10,results/archive/3s_dynamic_10d_999:10.json,,17.406,0.0,1
,leidenalg-dynamic,dyn_nell,999:10,,0,,False,,dev_256g,leidenalg,,dynamic,0.8381644570192338,0.0,,,,,experiment|leidenalg-dynamic|leidenalg|dynamic|None|None|None|None|None|None|None|None|dyn_nell|False|999:10,results/archive/3s_dynamic_10d_999:10.json,,3.1839999999999997,0.0,1
,leidenalg-dynamic,dyn_ogbn-arxiv,999:10,,0,,False,,dev_256g,leidenalg,,dynamic,0.7144779025328104,0.0,,,,,experiment|leidenalg-dynamic|leidenalg|dynamic|None|None|None|None|None|None|None|None|dyn_ogbn-arxiv|False|999:10,results/archive/3s_dynamic_10d_999:10.json,,28.594,0.0,1
,leidenalg-dynamic,dyn_pubmed,999:10,,0,,False,,dev_256g,leidenalg,,dynamic,0.7848639466803796,0.0,,,,,experiment|leidenalg-dynamic|leidenalg|dynamic|None|None|None|None|None|None|None|None|dyn_pubmed|False|999:10,results/archive/3s_dynamic_10d_999:10.json,,0.9929999999999999,0.0,1
,leidenalg-dynamic,dyn_reddit2,999:10,,0,,False,,dev_256g,leidenalg,,dynamic,0.77152889134423,0.0,,,,,experiment|leidenalg-dynamic|leidenalg|dynamic|None|None|None|None|None|None|None|None|dyn_reddit2|False|999:10,results/archive/3s_dynamic_10d_999:10.json,,324.88699999999994,0.0,1
,leidenalg-dynamic,dyn_wikics,999:10,,0,,False,,dev_256g,leidenalg,,dynamic,0.6534275003993949,0.0,,,,,experiment|leidenalg-dynamic|leidenalg|dynamic|None|None|None|None|None|None|None|None|dyn_wikics|False|999:10,results/archive/3s_dynamic_10d_999:10.json,,4.069,0.0,1
,leidenalg-dynamic,dyn_wiki,999:10,,0,,False,,dev_256g,leidenalg,,dynamic,0.773141913470938,0.0,,,,,experiment|leidenalg-dynamic|leidenalg|dynamic|None|None|None|None|None|None|None|None|dyn_wiki|False|999:10,results/archive/3s_dynamic_10d_999:10.json,,0.142,0.0,1
,leidenalg-naive-feat:dataset,arxivcs,999:10,,0,dataset,False,,cn69,leidenalg,,naive,0.711391806602478,0.0,,,,,experiment|leidenalg-naive-feat:dataset|leidenalg|naive|None|None|None|None|None|dataset|None|None|arxivcs|False|999:10,results/archive/5fs_no_konect_ns.json,,156.35722851753235,0.0,1
,leidenalg-naive-feat:dataset,arxivlarge,999:10,,0,dataset,False,,cn69,leidenalg,,naive,0.8148239850997925,0.0,,,,,experiment|leidenalg-naive-feat:dataset|leidenalg|naive|None|None|None|None|None|dataset|None|None|arxivlarge|False|999:10,results/archive/5fs_no_konect_ns.json,,2323.25461268425,0.0,1
,leidenalg-naive-feat:dataset,arxivmath,999:10,,0,dataset,False,,cn69,leidenalg,,naive,0.8829872608184814,0.0,,,,,experiment|leidenalg-naive-feat:dataset|leidenalg|naive|None|None|None|None|None|dataset|None|None|arxivmath|False|999:10,results/archive/5fs_no_konect_ns.json,,157.06697916984558,0.0,1
,leidenalg-naive-feat:dataset,arxivphy,999:10,,0,dataset,False,,cn69,leidenalg,,naive,0.793952465057373,0.0,,,,,experiment|leidenalg-naive-feat:dataset|leidenalg|naive|None|None|None|None|None|dataset|None|None|arxivphy|False|999:10,results/archive/5fs_no_konect_ns.json,,1980.889930009842,0.0,1
,leidenalg-naive-feat:dataset,dblp-tgc,999:10,,0,dataset,False,,cn69,leidenalg,,naive,0.7628031373023987,0.0,,,,,experiment|leidenalg-naive-feat:dataset|leidenalg|naive|None|None|None|None|None|dataset|None|None|dblp-tgc|False|999:10,results/archive/5fs_no_konect_ns.json,,24.460447311401367,0.0,1
,leidenalg-naive-feat:dataset,dyn_acm,999:10,,0,dataset,False,,cn69,leidenalg,,naive,0.8247952461242676,0.0,,,,,experiment|leidenalg-naive-feat:dataset|leidenalg|naive|None|None|None|None|None|dataset|None|None|dyn_acm|False|999:10,results/archive/5fs_no_konect_ns.json,,1.9893043041229248,0.0,1
,leidenalg-naive-feat:dataset,dyn_bat,999:10,,0,dataset,False,,cn69,leidenalg,,naive,0.2805710434913635,0.0,,,,,experiment|leidenalg-naive-feat:dataset|leidenalg|naive|None|None|None|None|None|dataset|None|None|dyn_bat|False|999:10,results/archive/5fs_no_konect_ns.json,,0.030516862869262695,0.0,1
,leidenalg-naive-feat:dataset,dyn_citeseer,999:10,,0,dataset,False,,cn69,leidenalg,,naive,0.8932771682739258,0.0,,,,,experiment|leidenalg-naive-feat:dataset|leidenalg|naive|None|None|None|None|None|dataset|None|None|dyn_citeseer|False|999:10,results/archive/5fs_no_konect_ns.json,,0.9453413486480713,0.0,1
,leidenalg-naive-feat:dataset,dyn_coauthorcs,999:10,,0,dataset,False,,cn69,leidenalg,,naive,0.7519353032112122,0.0,,,,,experiment|leidenalg-naive-feat:dataset|leidenalg|naive|None|None|None|None|None|dataset|None|None|dyn_coauthorcs|False|999:10,results/archive/5fs_no_konect_ns.json,,16.977240324020386,0.0,1
,leidenalg-naive-feat:dataset,dyn_coauthorphysics,999:10,,0,dataset,False,,cn69,leidenalg,,naive,0.6860408782958984,0.0,,,,,experiment|leidenalg-naive-feat:dataset|leidenalg|naive|None|None|None|None|None|dataset|None|None|dyn_coauthorphysics|False|999:10,results/archive/5fs_no_konect_ns.json,,50.76671814918518,0.0,1
,leidenalg-naive-feat:dataset,dyn_cora,999:10,,0,dataset,False,,cn69,leidenalg,,naive,0.8232756853103638,0.0,,,,,experiment|leidenalg-naive-feat:dataset|leidenalg|naive|None|None|None|None|None|dataset|None|None|dyn_cora|False|999:10,results/archive/5fs_no_konect_ns.json,,1.1720430850982666,0.0,1
,leidenalg-naive-feat:dataset,dyn_flickr,999:10,,0,dataset,False,,cn69,leidenalg,,naive,0.5423785448074341,0.0,,,,,experiment|leidenalg-naive-feat:dataset|leidenalg|naive|None|None|None|None|None|dataset|None|None|dyn_flickr|False|999:10,results/archive/5fs_no_konect_ns.json,,131.00825428962708,0.0,1
,leidenalg-naive-feat:dataset,dyn_nell,999:10,,0,dataset,False,,cn69,leidenalg,,naive,0.8372194766998291,0.0,,,,,experiment|leidenalg-naive-feat:dataset|leidenalg|naive|None|None|None|None|None|dataset|None|None|dyn_nell|False|999:10,results/archive/5fs_no_konect_ns.json,,16.112974405288696,0.0,1
,leidenalg-naive-feat:dataset,dyn_ogbn-arxiv,999:10,,0,dataset,False,,cn69,leidenalg,,naive,0.711391806602478,0.0,,,,,experiment|leidenalg-naive-feat:dataset|leidenalg|naive|None|None|None|None|None|dataset|None|None|dyn_ogbn-arxiv|False|999:10,results/archive/5fs_no_konect_ns.json,,156.48186421394348,0.0,1
,leidenalg-naive-feat:dataset,dyn_pubmed,999:10,,0,dataset,False,,cn69,leidenalg,,naive,0.7822304964065552,0.0,,,,,experiment|leidenalg-naive-feat:dataset|leidenalg|naive|None|None|None|None|None|dataset|None|None|dyn_pubmed|False|999:10,results/archive/5fs_no_konect_ns.json,,6.6014344692230225,0.0,1
,leidenalg-naive-feat:dataset,dyn_wiki,999:10,,0,dataset,False,,cn69,leidenalg,,naive,0.7712835073471069,0.0,,,,,experiment|leidenalg-naive-feat:dataset|leidenalg|naive|None|None|None|None|None|dataset|None|None|dyn_wiki|False|999:10,results/archive/5fs_no_konect_ns.json,,1.3527865409851074,0.0,1
,leidenalg-naive-feat:dataset,patent,999:10,,0,dataset,False,,cn69,leidenalg,,naive,0.8566558361053467,0.0,,,,,experiment|leidenalg-naive-feat:dataset|leidenalg|naive|None|None|None|None|None|dataset|None|None|patent|False|999:10,results/archive/5fs_no_konect_ns.json,,2.435407876968384,0.0,1
,leidenalg-naive,arxivcs,999:10,,0,,True,,cn69,leidenalg,,naive,0.7160934209823608,0.0,0.4211868590845696,0.0,,,experiment|leidenalg-naive|leidenalg|naive|None|None|None|None|None|None|None|None|arxivcs|True|999:10,results/konovalov/sym_leidenalg_ns_20260518_1213.json,,143.38374614715576,0.0,1
,leidenalg-naive,arxivlarge,999:10,,0,,True,,cn69,leidenalg,,naive,0.8190328478813171,0.0,0.5096748177147667,0.0,,,experiment|leidenalg-naive|leidenalg|naive|None|None|None|None|None|None|None|None|arxivlarge|True|999:10,results/konovalov/sym_leidenalg_ns_20260518_1213.json,,1969.2112785838544,0.0,1
,leidenalg-naive,arxivmath,999:10,,0,,True,,cn69,leidenalg,,naive,0.8858844637870789,0.0,0.41735435164024937,0.0,,,experiment|leidenalg-naive|leidenalg|naive|None|None|None|None|None|None|None|None|arxivmath|True|999:10,results/drobyshev/naive_20260519_0254.json;results/konovalov/leidenalg_naive_2_20260525_1823.json;results/konovalov/plus_leidenalg_20260525_1909.json;results/konovalov/sym_leidenalg_ns_20260518_1213.json;results/paper_icdm/ablation_topology_radius_depth_20260525_1852.json;results/paper_icdm/main_topology_20260525_1848.json,,159.48867031683525,17.800111421824052,6
,leidenalg-naive,arxivmath,999:100,,0,,True,,cn69,leidenalg,,naive,0.8858484625816345,0.0,0.413558462025197,0.0,,,experiment|leidenalg-naive|leidenalg|naive|None|None|None|None|None|None|None|None|arxivmath|True|999:100,results/paper_icdm/long_horizon_topology_20260525_1853.json,,2358.7445070445538,0.0,1
,leidenalg-naive,arxivmath,999:160,,0,,True,,cn69,leidenalg,,naive,0.8860043883323669,0.0,0.41345178052864856,0.0,,,experiment|leidenalg-naive|leidenalg|naive|None|None|None|None|None|None|None|None|arxivmath|True|999:160,results/konovalov/plus_leidenalg_20260525_1909.json,,3405.3175609633327,0.0,1
,leidenalg-naive,arxivmath,999:20,,0,,True,,cn69,leidenalg,,naive,0.8858301043510437,0.0,0.4137807066348585,0.0,,,experiment|leidenalg-naive|leidenalg|naive|None|None|None|None|None|None|None|None|arxivmath|True|999:20,results/konovalov/plus_leidenalg_20260525_1909.json,,419.52997609972954,0.0,1
,leidenalg-naive,arxivmath,999:320,,0,,True,,cn69,leidenalg,,naive,0.8860993981361389,0.0,0.4149069402470423,0.0,,,experiment|leidenalg-naive|leidenalg|naive|None|None|None|None|None|None|None|None|arxivmath|True|999:320,results/konovalov/plus_leidenalg_20260525_1909.json,,6359.796555660665,0.0,1
,leidenalg-naive,arxivmath,999:40,,0,,True,,cn69,leidenalg,,naive,0.8857375383377075,0.0,0.41361000540408827,0.0,,,experiment|leidenalg-naive|leidenalg|naive|None|None|None|None|None|None|None|None|arxivmath|True|999:40,results/konovalov/plus_leidenalg_20260525_1909.json,,960.0386273339391,0.0,1
,leidenalg-naive,arxivmath,999:5,,0,,True,,cn69,leidenalg,,naive,0.8854339718818665,0.0,0.4151272103994963,0.0,,,experiment|leidenalg-naive|leidenalg|naive|None|None|None|None|None|None|None|None|arxivmath|True|999:5,results/konovalov/leidenalg_naive_2_20260525_1823.json;results/konovalov/plus_leidenalg_20260525_1909.json,,83.09695517271757,9.820804831686795,2
,leidenalg-naive,arxivmath,999:50,,0,,True,,cn69,leidenalg,,naive,0.8858708143234253,0.0,0.4130081869440176,0.0,,,experiment|leidenalg-naive|leidenalg|naive|None|None|None|None|None|None|None|None|arxivmath|True|999:50,results/paper_icdm/long_horizon_topology_20260525_1853.json,,876.7958874106407,0.0,1
,leidenalg-naive,arxivmath,999:80,,0,,True,,cn69,leidenalg,,naive,0.8857922554016113,0.0,0.4125495191798004,0.0,,,experiment|leidenalg-naive|leidenalg|naive|None|None|None|None|None|None|None|None|arxivmath|True|999:80,results/konovalov/plus_leidenalg_20260525_1909.json,,1857.5692224502563,0.0,1
,leidenalg-naive,arxivmath,99:50,,0,,True,,cn69,leidenalg,,naive,0.8861392736434937,0.0,0.4203726981974735,0.0,,,experiment|leidenalg-naive|leidenalg|naive|None|None|None|None|None|None|None|None|arxivmath|True|99:50,results/konovalov/plus_leidenalg_20260525_1909.json,,1000.1194330900908,0.0,1
,leidenalg-naive,arxivmath,9:500,,0,,True,,cn69,leidenalg,,naive,0.886751651763916,0.0,0.42745622877688905,0.0,,,experiment|leidenalg-naive|leidenalg|naive|None|None|None|None|None|None|None|None|arxivmath|True|9:500,results/konovalov/plus_leidenalg_20260525_1909.json,,10255.698449961841,0.0,1
,leidenalg-naive,arxivphy,999:10,,0,,True,,cn69,leidenalg,,naive,0.7954794764518738,0.0,0.49531283268300613,0.0,,,experiment|leidenalg-naive|leidenalg|naive|None|None|None|None|None|None|None|None|arxivphy|True|999:10,results/konovalov/sym_leidenalg_ns_20260518_1213.json,,1422.6493149101734,0.0,1
,leidenalg-naive,dblp-cite,999:10,,0,,True,,cn69,leidenalg,,naive,0.6516609787940979,0.0,,,,,experiment|leidenalg-naive|leidenalg|naive|None|None|None|None|None|None|None|None|dblp-cite|True|999:10,results/konovalov/sym_leidenalg_ns_20260518_1213.json,,5.5243668630719185,0.0,1
,leidenalg-naive,dblp-tgc,999:10,,0,,False,,cn69,leidenalg,,naive,0.7675235271453857,0.0,0.3110036493643889,0.0,,,experiment|leidenalg-naive|leidenalg|naive|None|None|None|None|None|None|None|None|dblp-tgc|False|999:10,results/konovalov/sym_leidenalg_ns_20260518_1213.json,,15.339794635772705,0.0,1
,leidenalg-naive,dblp_coauthor,999:10,,0,,False,,cn69,leidenalg,,naive,0.7830269932746887,0.0,,,,,experiment|leidenalg-naive|leidenalg|naive|None|None|None|None|None|None|None|None|dblp_coauthor|False|999:10,results/konovalov/sym_leidenalg_ns_20260518_1213.json,,1474.1325514018536,0.0,1
,leidenalg-naive,digg-friends,999:10,,0,,True,,cn69,leidenalg,,naive,0.46811163425445557,0.0,,,,,experiment|leidenalg-naive|leidenalg|naive|None|None|None|None|None|None|None|None|digg-friends|True|999:10,results/konovalov/sym_leidenalg_ns_20260518_1213.json,,199.41017415001988,0.0,1
,leidenalg-naive,dyn_acm,999:10,,0,,False,,cn69,leidenalg,,naive,0.8252450585365295,0.0002514194627258541,0.2616013324911582,0.0,,,experiment|leidenalg-naive|leidenalg|naive|None|None|None|None|None|None|None|None|dyn_acm|False|999:10,results/archive/12s_5small_999:10.json;results/drobyshev/naive_20260512_1206.json;results/drobyshev/naive_20260519_0254.json;results/konovalov/sym_leidenalg_ns_20260518_1213.json;results/paper_icdm/main_topology_20260525_1848.json,,1.511122041195631,0.36525659374930586,5
,leidenalg-naive,dyn_bat,999:10,,0,,False,,cn69,leidenalg,,naive,0.2805710434913635,0.0,,,,,experiment|leidenalg-naive|leidenalg|naive|None|None|None|None|None|None|None|None|dyn_bat|False|999:10,results/archive/12s_5small_999:10.json,,0.03343391418457031,0.0,1
,leidenalg-naive,dyn_blogcatalog,10,,0,,False,,dev_256g,leidenalg,,naive,0.36748868227005005,0.0,,,,,experiment|leidenalg-naive|leidenalg|naive|None|None|None|None|None|None|None|None|dyn_blogcatalog|False|10,"results/archive/3s_8-9d_b0,999:10,100.json",,13.468731880187988,0.0,1
,leidenalg-naive,dyn_blogcatalog,100,,0,,False,,dev_256g,leidenalg,,naive,0.36748868227005005,0.0,,,,,experiment|leidenalg-naive|leidenalg|naive|None|None|None|None|None|None|None|None|dyn_blogcatalog|False|100,"results/archive/3s_8-9d_b0,999:10,100.json",,128.65951418876648,0.0,1
,leidenalg-naive,dyn_blogcatalog,999:10,,0,,False,,dev_256g,leidenalg,,naive,0.36748868227005005,0.0,,,,,experiment|leidenalg-naive|leidenalg|naive|None|None|None|None|None|None|None|None|dyn_blogcatalog|False|999:10,"results/archive/3s_8-9d_b0,999:10,100.json",,22.410967111587524,0.0,1
,leidenalg-naive,dyn_blogcatalog,999:100,,0,,False,,dev_256g,leidenalg,,naive,0.36748868227005005,0.0,,,,,experiment|leidenalg-naive|leidenalg|naive|None|None|None|None|None|None|None|None|dyn_blogcatalog|False|999:100,"results/archive/3s_8-9d_b0,999:10,100.json",,222.86597561836243,0.0,1
,leidenalg-naive,dyn_citeseer,999:10,,0,,False,,cn69,leidenalg,,naive,0.8938169121742249,0.00030275893316796557,0.3343569463326277,0.0,,,experiment|leidenalg-naive|leidenalg|naive|None|None|None|None|None|None|None|None|dyn_citeseer|False|999:10,results/archive/12s_5small_999:10.json;results/drobyshev/naive_20260512_1206.json;results/drobyshev/naive_20260519_0254.json;results/konovalov/sym_leidenalg_ns_20260518_1213.json;results/paper_icdm/main_topology_20260525_1848.json,,0.8532426908612252,0.08870747881364281,5
,leidenalg-naive,dyn_coauthorcs,10,,0,,False,,dev_256g,leidenalg,,naive,0.7519353628158569,0.0,,,,,experiment|leidenalg-naive|leidenalg|naive|None|None|None|None|None|None|None|None|dyn_coauthorcs|False|10,"results/archive/3s_8-9d_b0,999:10,100.json",,11.824028968811035,0.0,1
,leidenalg-naive,dyn_coauthorcs,100,,0,,False,,dev_256g,leidenalg,,naive,0.7519353628158569,0.0,,,,,experiment|leidenalg-naive|leidenalg|naive|None|None|None|None|None|None|None|None|dyn_coauthorcs|False|100,"results/archive/3s_8-9d_b0,999:10,100.json",,112.98170495033264,0.0,1
,leidenalg-naive,dyn_coauthorcs,999:10,,0,,False,,cn69;dev_256g,leidenalg,,naive,0.7541224956512451,0.0030930729185174913,0.6338614018959813,0.0,,,experiment|leidenalg-naive|leidenalg|naive|None|None|None|None|None|None|None|None|dyn_coauthorcs|False|999:10,"results/archive/3s_8-9d_b0,999:10,100.json;results/konovalov/sym_leidenalg_ns_20260518_1213.json",,13.402927048504353,4.7258504172499105,2
,leidenalg-naive,dyn_coauthorcs,999:100,,0,,False,,dev_256g,leidenalg,,naive,0.7519353628158569,0.0,,,,,experiment|leidenalg-naive|leidenalg|naive|None|None|None|None|None|None|None|None|dyn_coauthorcs|False|999:100,"results/archive/3s_8-9d_b0,999:10,100.json",,167.03745698928833,0.0,1
,leidenalg-naive,dyn_coauthorphysics,10,,0,,False,,dev_256g,leidenalg,,naive,0.6860408782958984,0.0,,,,,experiment|leidenalg-naive|leidenalg|naive|None|None|None|None|None|None|None|None|dyn_coauthorphysics|False|10,"results/archive/3s_8-9d_b0,999:10,100.json",,33.496716260910034,0.0,1
,leidenalg-naive,dyn_coauthorphysics,100,,0,,False,,dev_256g,leidenalg,,naive,0.6860408782958984,0.0,,,,,experiment|leidenalg-naive|leidenalg|naive|None|None|None|None|None|None|None|None|dyn_coauthorphysics|False|100,"results/archive/3s_8-9d_b0,999:10,100.json",,312.4846613407135,0.0,1
,leidenalg-naive,dyn_coauthorphysics,999:10,,0,,False,,cn69;dev_256g,leidenalg,,naive,0.6887879371643066,0.003884927908340168,0.4915944437124826,0.0,,,experiment|leidenalg-naive|leidenalg|naive|None|None|None|None|None|None|None|None|dyn_coauthorphysics|False|999:10,"results/archive/3s_8-9d_b0,999:10,100.json;results/konovalov/sym_leidenalg_ns_20260518_1213.json",,37.72340370155871,17.420875174836894,2
,leidenalg-naive,dyn_coauthorphysics,999:100,,0,,False,,dev_256g,leidenalg,,naive,0.6860408782958984,0.0,,,,,experiment|leidenalg-naive|leidenalg|naive|None|None|None|None|None|None|None|None|dyn_coauthorphysics|False|999:100,"results/archive/3s_8-9d_b0,999:10,100.json",,496.54513716697693,0.0,1
,leidenalg-naive,dyn_cora,999:10,,0,,False,,cn69,leidenalg,,naive,0.8242929776509603,0.0004973766241718149,0.4586765592507242,0.0,,,experiment|leidenalg-naive|leidenalg|naive|None|None|None|None|None|None|None|None|dyn_cora|False|999:10,results/archive/12s_5small_999:10.json;results/drobyshev/naive_20260512_1206.json;results/drobyshev/naive_20260519_0254.json;results/konovalov/sym_leidenalg_ns_20260518_1213.json;results/paper_icdm/ablation_topology_radius_depth_20260525_1852.json;results/paper_icdm/main_topology_20260525_1848.json,,1.2471154636392991,0.03867607848714185,6
,leidenalg-naive,dyn_dblp,999:10,,0,,False,,cn69,leidenalg,,naive,0.8646196126937866,0.0,,,,,experiment|leidenalg-naive|leidenalg|naive|None|None|None|None|None|None|None|None|dyn_dblp|False|999:10,results/archive/12s_5small_999:10.json,,0.9809234142303467,0.0,1
,leidenalg-naive,dyn_flickr,10,,0,,False,,dev_256g,leidenalg,,naive,0.5423784852027893,0.0,,,,,experiment|leidenalg-naive|leidenalg|naive|None|None|None|None|None|None|None|None|dyn_flickr|False|10,"results/archive/3s_8-9d_b0,999:10,100.json",,81.07979011535645,0.0,1
,leidenalg-naive,dyn_flickr,100,,0,,False,,dev_256g,leidenalg,,naive,0.5423784852027893,0.0,,,,,experiment|leidenalg-naive|leidenalg|naive|None|None|None|None|None|None|None|None|dyn_flickr|False|100,"results/archive/3s_8-9d_b0,999:10,100.json",,776.7775866985321,0.0,1
,leidenalg-naive,dyn_flickr,999:10,,0,,False,,cn69;dev_256g,leidenalg,,naive,0.5423696339130402,1.2517614007735527e-05,0.047885331702159,0.0,,,experiment|leidenalg-naive|leidenalg|naive|None|None|None|None|None|None|None|None|dyn_flickr|False|999:10,"results/archive/3s_8-9d_b0,999:10,100.json;results/konovalov/sym_leidenalg_ns_20260518_1213.json",,101.40163892135024,43.58857124226485,2
,leidenalg-naive,dyn_flickr,999:100,,0,,False,,dev_256g,leidenalg,,naive,0.5423784852027893,0.0,,,,,experiment|leidenalg-naive|leidenalg|naive|None|None|None|None|None|None|None|None|dyn_flickr|False|999:100,"results/archive/3s_8-9d_b0,999:10,100.json",,1284.184487104416,0.0,1
,leidenalg-naive,dyn_nell,10,,0,,False,,dev_256g,leidenalg,,naive,0.8372197151184082,0.0,,,,,experiment|leidenalg-naive|leidenalg|naive|None|None|None|None|None|None|None|None|dyn_nell|False|10,"results/archive/3s_8-9d_b0,999:10,100.json",,17.817469835281372,0.0,1
,leidenalg-naive,dyn_nell,100,,0,,False,,dev_256g,leidenalg,,naive,0.8372197151184082,0.0,,,,,experiment|leidenalg-naive|leidenalg|naive|None|None|None|None|None|None|None|None|dyn_nell|False|100,"results/archive/3s_8-9d_b0,999:10,100.json",,183.5168867111206,0.0,1
,leidenalg-naive,dyn_nell,999:10,,0,,False,,cn69;dev_256g,leidenalg,,naive,0.8375425338745117,0.00045653466307000415,0.21154078418694558,0.0,,,experiment|leidenalg-naive|leidenalg|naive|None|None|None|None|None|None|None|None|dyn_nell|False|999:10,"results/archive/3s_8-9d_b0,999:10,100.json;results/konovalov/sym_leidenalg_ns_20260518_1213.json",,14.166701620444655,2.1512249576684375,2
,leidenalg-naive,dyn_nell,999:100,,0,,False,,dev_256g,leidenalg,,naive,0.8372197151184082,0.0,,,,,experiment|leidenalg-naive|leidenalg|naive|None|None|None|None|None|None|None|None|dyn_nell|False|999:100,"results/archive/3s_8-9d_b0,999:10,100.json",,157.62986826896667,0.0,1
,leidenalg-naive,dyn_ogbn-arxiv,10,,0,,False,,dev_256g,leidenalg,,naive,0.7113918662071228,0.0,,,,,experiment|leidenalg-naive|leidenalg|naive|None|None|None|None|None|None|None|None|dyn_ogbn-arxiv|False|10,"results/archive/3s_8-9d_b0,999:10,100.json",,117.87161684036255,0.0,1
,leidenalg-naive,dyn_ogbn-arxiv,100,,0,,False,,dev_256g,leidenalg,,naive,0.7113918662071228,0.0,,,,,experiment|leidenalg-naive|leidenalg|naive|None|None|None|None|None|None|None|None|dyn_ogbn-arxiv|False|100,"results/archive/3s_8-9d_b0,999:10,100.json",,1151.2470881938934,0.0,1
,leidenalg-naive,dyn_ogbn-arxiv,999:10,,0,,False,,dev_256g,leidenalg,,naive,0.7113918662071228,0.0,,,,,experiment|leidenalg-naive|leidenalg|naive|None|None|None|None|None|None|None|None|dyn_ogbn-arxiv|False|999:10,"results/archive/3s_8-9d_b0,999:10,100.json",,154.53355598449707,0.0,1
,leidenalg-naive,dyn_ogbn-arxiv,999:100,,0,,False,,dev_256g,leidenalg,,naive,0.7113918662071228,0.0,,,,,experiment|leidenalg-naive|leidenalg|naive|None|None|None|None|None|None|None|None|dyn_ogbn-arxiv|False|999:100,"results/archive/3s_8-9d_b0,999:10,100.json",,1526.785220861435,0.0,1
,leidenalg-naive,dyn_ogbn-arxiv,999:10,,0,,True,,cn69,leidenalg,,naive,0.7171419858932495,0.0,0.4242348476963336,0.0,,,experiment|leidenalg-naive|leidenalg|naive|None|None|None|None|None|None|None|None|dyn_ogbn-arxiv|True|999:10,results/konovalov/sym_leidenalg_ns_20260518_1213.json,,142.61657996475697,0.0,1
,leidenalg-naive,dyn_pubmed,10,,0,,False,,dev_256g,leidenalg,,naive,0.7822304964065552,0.0,,,,,experiment|leidenalg-naive|leidenalg|naive|None|None|None|None|None|None|None|None|dyn_pubmed|False|10,"results/archive/3s_8-9d_b0,999:10,100.json",,6.878942251205444,0.0,1
,leidenalg-naive,dyn_pubmed,100,,0,,False,,dev_256g,leidenalg,,naive,0.7822304964065552,0.0,,,,,experiment|leidenalg-naive|leidenalg|naive|None|None|None|None|None|None|None|None|dyn_pubmed|False|100,"results/archive/3s_8-9d_b0,999:10,100.json",,68.18568062782288,0.0,1
,leidenalg-naive,dyn_pubmed,999:10,,0,,False,,cn69;dev_256g,leidenalg,,naive,0.7849629521369934,0.0038642759525698302,0.20797537154471588,0.0,,,experiment|leidenalg-naive|leidenalg|naive|None|None|None|None|None|None|None|None|dyn_pubmed|False|999:10,"results/archive/3s_8-9d_b0,999:10,100.json;results/drobyshev/naive_20260512_1206.json",,5.640321517363191,1.1774042105123785,2
,leidenalg-naive,dyn_pubmed,999:100,,0,,False,,dev_256g,leidenalg,,naive,0.7822304964065552,0.0,,,,,experiment|leidenalg-naive|leidenalg|naive|None|None|None|None|None|None|None|None|dyn_pubmed|False|999:100,"results/archive/3s_8-9d_b0,999:10,100.json",,28.450657606124878,0.0,1
,leidenalg-naive,dyn_pubmed,999:10,,0,,True,,cn69,leidenalg,,naive,0.7856746315956116,0.0,0.20755429491994257,0.0,,,experiment|leidenalg-naive|leidenalg|naive|None|None|None|None|None|None|None|None|dyn_pubmed|True|999:10,results/drobyshev/naive_20260519_0254.json;results/konovalov/leidenalg_naive_2_20260525_1823.json;results/konovalov/sym_leidenalg_ns_20260518_1213.json;results/paper_icdm/ablation_topology_radius_depth_20260525_1852.json;results/paper_icdm/main_topology_20260525_1848.json,,6.506590920686722,0.28431673212680453,5
,leidenalg-naive,dyn_pubmed,999:100,,0,,True,,cn69,leidenalg,,naive,0.7863051891326904,0.0,0.20892665715014902,0.0,,,experiment|leidenalg-naive|leidenalg|naive|None|None|None|None|None|None|None|None|dyn_pubmed|True|999:100,results/paper_icdm/long_horizon_topology_20260525_1853.json,,31.95987732708454,0.0,1
,leidenalg-naive,dyn_pubmed,999:160,,0,,True,,cn69,leidenalg,,naive,0.7863051891326904,0.0,0.20892665715014902,0.0,,,experiment|leidenalg-naive|leidenalg|naive|None|None|None|None|None|None|None|None|dyn_pubmed|True|999:160,results/konovalov/leidenalg_naive_2_20260525_1823.json,,27.925240449607372,0.0,1
,leidenalg-naive,dyn_pubmed,999:20,,0,,True,,cn69,leidenalg,,naive,0.7857246994972229,0.0,0.20585041361590423,0.0,,,experiment|leidenalg-naive|leidenalg|naive|None|None|None|None|None|None|None|None|dyn_pubmed|True|999:20,results/konovalov/leidenalg_naive_2_20260525_1823.json,,12.732236877083778,0.0,1
,leidenalg-naive,dyn_pubmed,999:320,,0,,True,,cn69,leidenalg,,naive,0.7863051891326904,0.0,0.20892665715014902,0.0,,,experiment|leidenalg-naive|leidenalg|naive|None|None|None|None|None|None|None|None|dyn_pubmed|True|999:320,results/konovalov/leidenalg_naive_2_20260525_1823.json,,27.891766659915447,0.0,1
,leidenalg-naive,dyn_pubmed,999:40,,0,,True,,cn69,leidenalg,,naive,0.7865668535232544,0.0,0.2058522352378755,0.0,,,experiment|leidenalg-naive|leidenalg|naive|None|None|None|None|None|None|None|None|dyn_pubmed|True|999:40,results/konovalov/leidenalg_naive_2_20260525_1823.json,,25.397606268525124,0.0,1
,leidenalg-naive,dyn_pubmed,999:5,,0,,True,,cn69,leidenalg,,naive,0.7854114770889282,0.0,0.20849965932425285,0.0,,,experiment|leidenalg-naive|leidenalg|naive|None|None|None|None|None|None|None|None|dyn_pubmed|True|999:5,results/konovalov/leidenalg_naive_2_20260525_1823.json,,3.531377024948597,0.0,1
,leidenalg-naive,dyn_pubmed,999:50,,0,,True,,cn69,leidenalg,,naive,0.7863051891326904,0.0,0.20892665715014902,0.0,,,experiment|leidenalg-naive|leidenalg|naive|None|None|None|None|None|None|None|None|dyn_pubmed|True|999:50,results/paper_icdm/long_horizon_topology_20260525_1853.json,,32.05218864232302,0.0,1
,leidenalg-naive,dyn_pubmed,999:80,,0,,True,,cn69,leidenalg,,naive,0.7863051891326904,0.0,0.20892665715014902,0.0,,,experiment|leidenalg-naive|leidenalg|naive|None|None|None|None|None|None|None|None|dyn_pubmed|True|999:80,results/konovalov/leidenalg_naive_2_20260525_1823.json,,27.94660720974207,0.0,1
,leidenalg-naive,dyn_pubmed,99:50,,0,,True,,cn69,leidenalg,,naive,0.7831467986106873,0.0,0.20817364992613965,0.0,,,experiment|leidenalg-naive|leidenalg|naive|None|None|None|None|None|None|None|None|dyn_pubmed|True|99:50,results/konovalov/leidenalg_naive_2_20260525_1823.json,,31.822671361267567,0.0,1
,leidenalg-naive,dyn_pubmed,9:500,,0,,True,,cn69,leidenalg,,naive,0.784120500087738,0.0,0.20793152720716968,0.0,,,experiment|leidenalg-naive|leidenalg|naive|None|None|None|None|None|None|None|None|dyn_pubmed|True|9:500,results/konovalov/leidenalg_naive_2_20260525_1823.json,,320.32856680452824,0.0,1
,leidenalg-naive,dyn_wikics,10,,0,,False,,dev_256g,leidenalg,,naive,0.6516086459159851,0.0,,,,,experiment|leidenalg-naive|leidenalg|naive|None|None|None|None|None|None|None|None|dyn_wikics|False|10,"results/archive/3s_8-9d_b0,999:10,100.json",,14.621081829071045,0.0,1
,leidenalg-naive,dyn_wikics,100,,0,,False,,dev_256g,leidenalg,,naive,0.6516086459159851,0.0,,,,,experiment|leidenalg-naive|leidenalg|naive|None|None|None|None|None|None|None|None|dyn_wikics|False|100,"results/archive/3s_8-9d_b0,999:10,100.json",,137.9095208644867,0.0,1
,leidenalg-naive,dyn_wikics,999:10,,0,,False,,dev_256g,leidenalg,,naive,0.6516086459159851,0.0,,,,,experiment|leidenalg-naive|leidenalg|naive|None|None|None|None|None|None|None|None|dyn_wikics|False|999:10,"results/archive/3s_8-9d_b0,999:10,100.json",,23.105353116989136,0.0,1
,leidenalg-naive,dyn_wikics,999:100,,0,,False,,dev_256g,leidenalg,,naive,0.6516086459159851,0.0,,,,,experiment|leidenalg-naive|leidenalg|naive|None|None|None|None|None|None|None|None|dyn_wikics|False|999:100,"results/archive/3s_8-9d_b0,999:10,100.json",,230.84834551811218,0.0,1
,leidenalg-naive,dyn_wiki,10,,0,,False,,dev_256g,leidenalg,,naive,0.7712838053703308,0.0,,,,,experiment|leidenalg-naive|leidenalg|naive|None|None|None|None|None|None|None|None|dyn_wiki|False|10,"results/archive/3s_8-9d_b0,999:10,100.json",,1.0427513122558594,0.0,1
,leidenalg-naive,dyn_wiki,100,,0,,False,,dev_256g,leidenalg,,naive,0.7712838053703308,0.0,,,,,experiment|leidenalg-naive|leidenalg|naive|None|None|None|None|None|None|None|None|dyn_wiki|False|100,"results/archive/3s_8-9d_b0,999:10,100.json",,10.164067506790161,0.0,1
,leidenalg-naive,dyn_wiki,999:10,,0,,False,,dev_256g,leidenalg,,naive,0.7712838053703308,0.0,,,,,experiment|leidenalg-naive|leidenalg|naive|None|None|None|None|None|None|None|None|dyn_wiki|False|999:10,"results/archive/3s_8-9d_b0,999:10,100.json",,1.6719815731048584,0.0,1
,leidenalg-naive,dyn_wiki,999:100,,0,,False,,dev_256g,leidenalg,,naive,0.7712838053703308,0.0,,,,,experiment|leidenalg-naive|leidenalg|naive|None|None|None|None|None|None|None|None|dyn_wiki|False|999:100,"results/archive/3s_8-9d_b0,999:10,100.json",,2.1231818199157715,0.0,1
,leidenalg-naive,enron,999:10,,0,,True,,cn69,leidenalg,,naive,0.707542359828949,0.0,,,,,experiment|leidenalg-naive|leidenalg|naive|None|None|None|None|None|None|None|None|enron|True|999:10,results/konovalov/sym_leidenalg_ns_20260518_1213.json,,29.656529419124126,0.0,1
,leidenalg-naive,facebook-wosn-links,999:10,,0,,False,,cn69,leidenalg,,naive,0.6419915556907654,0.0,,,,,experiment|leidenalg-naive|leidenalg|naive|None|None|None|None|None|None|None|None|facebook-wosn-links|False|999:10,results/konovalov/sym_leidenalg_ns_20260518_1213.json,,72.6835863031447,0.0,1
,leidenalg-naive,facebook-wosn-wall,999:10,,0,,True,,cn69,leidenalg,,naive,0.7342706918716431,0.0,,,,,experiment|leidenalg-naive|leidenalg|naive|None|None|None|None|None|None|None|None|facebook-wosn-wall|True|999:10,results/konovalov/sym_leidenalg_ns_20260518_1213.json,,28.115905586630106,0.0,1
,leidenalg-naive,hyves,999:10,,0,,False,,cn69,leidenalg,,naive,0.7972006797790527,0.0,,,,,experiment|leidenalg-naive|leidenalg|naive|None|None|None|None|None|None|None|None|hyves|False|999:10,results/konovalov/sym_leidenalg_ns_20260518_1213.json,,564.3663494698703,0.0,1
,leidenalg-naive,lkml-reply,999:10,,0,,False,,cn69,leidenalg,,naive,0.3937399983406067,0.0,,,,,experiment|leidenalg-naive|leidenalg|naive|None|None|None|None|None|None|None|None|lkml-reply|False|999:10,results/drobyshev/naive_20260512_1206.json,,39.61814799532294,0.0,1
,leidenalg-naive,lkml-reply,999:10,,0,,True,,cn69,leidenalg,,naive,0.3948987126350403,0.0,,,,,experiment|leidenalg-naive|leidenalg|naive|None|None|None|None|None|None|None|None|lkml-reply|True|999:10,results/konovalov/sym_leidenalg_ns_20260518_1213.json,,33.60275837406516,0.0,1
,leidenalg-naive,patent,999:10,,0,,False,,cn69,leidenalg,,naive,0.8566558361053467,0.0,0.36168771246536385,0.0,,,experiment|leidenalg-naive|leidenalg|naive|None|None|None|None|None|None|None|None|patent|False|999:10,results/drobyshev/naive_20260512_1206.json,,2.1956643760204315,0.0,1
,leidenalg-naive,patent,999:10,,0,,True,,cn69,leidenalg,,naive,0.8566511869430542,0.0,0.3616589732951086,0.0,,,experiment|leidenalg-naive|leidenalg|naive|None|None|None|None|None|None|None|None|patent|True|999:10,results/drobyshev/naive_20260519_0254.json;results/konovalov/sym_leidenalg_ns_20260518_1213.json;results/paper_icdm/main_topology_20260525_1848.json,,2.8592973885436854,0.0371172710578376,3
,leidenalg-naive,slashdot-threads,999:10,,0,,True,,cn69,leidenalg,,naive,0.5086355805397034,0.0,,,,,experiment|leidenalg-naive|leidenalg|naive|None|None|None|None|None|None|None|None|slashdot-threads|True|999:10,results/konovalov/sym_leidenalg_ns_20260518_1213.json,,20.499520242214203,0.0,1
,leidenalg-naive,sx-askubuntu,999:10,,0,,True,,cn69,leidenalg,,naive,0.6114323735237122,0.0,,,,,experiment|leidenalg-naive|leidenalg|naive|None|None|None|None|None|None|None|None|sx-askubuntu|True|999:10,results/konovalov/sym_leidenalg_ns_20260518_1213.json,,73.8957960344851,0.0,1
,leidenalg-naive,sx-superuser,999:10,,0,,True,,cn69,leidenalg,,naive,0.5534355044364929,0.0,,,,,experiment|leidenalg-naive|leidenalg|naive|None|None|None|None|None|None|None|None|sx-superuser|True|999:10,results/konovalov/sym_leidenalg_ns_20260518_1213.json,,111.76942587271333,0.0,1
,leidenalg-naive,topology,999:10,,0,,False,,cn69,leidenalg,,naive,0.5314988493919373,0.0,,,,,experiment|leidenalg-naive|leidenalg|naive|None|None|None|None|None|None|None|None|topology|False|999:10,results/konovalov/sym_leidenalg_ns_20260518_1213.json,,10.348852548748255,0.0,1
,leidenalg-naive,wiki_talk_eo,999:10,,0,,True,,cn69,leidenalg,,naive,0.5607756972312927,0.0,,,,,experiment|leidenalg-naive|leidenalg|naive|None|None|None|None|None|None|None|None|wiki_talk_eo|True|999:10,results/konovalov/sym_leidenalg_ns_20260518_1213.json,,1.6231764368712902,0.0,1
,leidenalg-naive,wiki_talk_sk,999:10,,0,,True,,cn69,leidenalg,,naive,0.641507625579834,0.0,,,,,experiment|leidenalg-naive|leidenalg|naive|None|None|None|None|None|None|None|None|wiki_talk_sk|True|999:10,results/konovalov/sym_leidenalg_ns_20260518_1213.json,,7.520206846296787,0.0,1
,leidenalg-raw,dyn_blogcatalog,999:10,,0,,False,,dev_256g,leidenalg,,raw,0.36748868227005005,0.0,,,,,experiment|leidenalg-raw|leidenalg|raw|None|None|None|None|None|None|None|None|dyn_blogcatalog|False|999:10,results/archive/5s_5-6d_b999:10.json,,22.772429943084717,0.0,1
,leidenalg-raw,dyn_coauthorcs,999:10,,0,,False,,dev_256g,leidenalg,,raw,0.7519353628158569,0.0,,,,,experiment|leidenalg-raw|leidenalg|raw|None|None|None|None|None|None|None|None|dyn_coauthorcs|False|999:10,results/archive/5s_5-6d_b999:10.json,,16.854235887527466,0.0,1
,leidenalg-raw,dyn_coauthorphysics,999:10,,0,,False,,dev_256g,leidenalg,,raw,0.6860408782958984,0.0,,,,,experiment|leidenalg-raw|leidenalg|raw|None|None|None|None|None|None|None|None|dyn_coauthorphysics|False|999:10,results/archive/5s_5-6d_b999:10.json,,50.87875986099243,0.0,1
,leidenalg-raw,dyn_flickr,999:10,,0,,False,,dev_256g,leidenalg,,raw,0.5423784852027893,0.0,,,,,experiment|leidenalg-raw|leidenalg|raw|None|None|None|None|None|None|None|None|dyn_flickr|False|999:10,results/archive/3s_2d_b999:10.json,,133.28314805030823,0.0,1
,leidenalg-raw,dyn_nell,999:10,,0,,False,,dev_256g,leidenalg,,raw,0.8372197151184082,0.0,,,,,experiment|leidenalg-raw|leidenalg|raw|None|None|None|None|None|None|None|None|dyn_nell|False|999:10,results/archive/3s_2d_b999:10.json,,16.965368509292603,0.0,1
,leidenalg-raw,dyn_pubmed,999:10,,0,,False,,dev_256g,leidenalg,,raw,0.7822304964065552,0.0,,,,,experiment|leidenalg-raw|leidenalg|raw|None|None|None|None|None|None|None|None|dyn_pubmed|False|999:10,results/archive/5s_5-6d_b999:10.json,,6.529962778091431,0.0,1
,leidenalg-raw,dyn_wikics,999:10,,0,,False,,dev_256g,leidenalg,,raw,0.6516086459159851,0.0,,,,,experiment|leidenalg-raw|leidenalg|raw|None|None|None|None|None|None|None|None|dyn_wikics|False|999:10,results/archive/5s_5-6d_b999:10.json,,23.594763040542603,0.0,1
,leidenalg-raw,dyn_wiki,999:10,,0,,False,,dev_256g,leidenalg,,raw,0.7712838053703308,0.0,,,,,experiment|leidenalg-raw|leidenalg|raw|None|None|None|None|None|None|None|None|dyn_wiki|False|999:10,results/archive/5s_5-6d_b999:10.json,,1.3309314250946045,0.0,1
,magi-L:3-r:1-gpu,dyn_acm,999:10,gpu,0,,False,,cn69,magi,,smart,0.6168851256370544,0.0,,,1,,experiment|magi-L:3-r:1-gpu|magi|smart|None|3|1|None|gpu|None|None|None|dyn_acm|False|999:10,results/archive/12s_5small_999:10.json,3,12.552677631378174,0.0,1
,magi-L:3-r:1-gpu,dyn_bat,999:10,gpu,0,,False,,cn69,magi,,smart,0.24872732162475586,0.0,,,1,,experiment|magi-L:3-r:1-gpu|magi|smart|None|3|1|None|gpu|None|None|None|dyn_bat|False|999:10,results/archive/12s_5small_999:10.json,3,0.3366720676422119,0.0,1
,magi-L:3-r:1-gpu,dyn_blogcatalog,999:10,gpu,0,,False,,dev_256g,magi,,smart,0.0008441795944236219,0.0,,,1,,experiment|magi-L:3-r:1-gpu|magi|smart|None|3|1|None|gpu|None|None|None|dyn_blogcatalog|False|999:10,results/archive/55s_dyn_blogcatalog_b999:10.json,3,31205.42426753044,0.0,1
,magi-L:3-r:1-gpu,dyn_citeseer,999:10,gpu,0,,False,,cn69,magi,,smart,0.7689252495765686,0.0,,,1,,experiment|magi-L:3-r:1-gpu|magi|smart|None|3|1|None|gpu|None|None|None|dyn_citeseer|False|999:10,results/archive/12s_5small_999:10.json,3,149.54382801055908,0.0,1
,magi-L:3-r:1-gpu,dyn_cora,999:10,gpu,0,,False,,cn69,magi,,smart,0.7852584719657898,0.0,,,1,,experiment|magi-L:3-r:1-gpu|magi|smart|None|3|1|None|gpu|None|None|None|dyn_cora|False|999:10,results/archive/12s_5small_999:10.json,3,4.433289051055908,0.0,1
,magi-L:3-r:1-gpu,dyn_wikics,999:10,gpu,0,,False,,dev_256g,magi,,smart,0.012173345312476158,0.0,,,1,,experiment|magi-L:3-r:1-gpu|magi|smart|None|3|1|None|gpu|None|None|None|dyn_wikics|False|999:10,results/archive/55s_dyn_blogcatalog_b999:10.json,3,28949.83698940277,0.0,1
,magi-L:3-r:1-gpu,dyn_wiki,999:10,gpu,0,,False,,dev_256g,magi,,smart,0.43938732147216797,0.0,,,1,,experiment|magi-L:3-r:1-gpu|magi|smart|None|3|1|None|gpu|None|None|None|dyn_wiki|False|999:10,results/archive/5ss_dyn_wiki_b999:10.json,3,15.647845029830933,0.0,1
norm,magi-i:1-mod:0.0-res:1.0-L:1-r:0-agg:norm-gpu-feat:dataset,dyn_cora,999:10,gpu,0,dataset,False,1,cn69,magi,0.0,smart,0.8066219091415405,0.0,,,0,1.0,experiment|magi-i:1-mod:0.0-res:1.0-L:1-r:0-agg:norm-gpu-feat:dataset|magi|smart|1|1|0|norm|gpu|dataset|0.0|1.0|dyn_cora|False|999:10,results/egorov/mod_little_test_20260522_1148.json,1,10.467886719852686,0.0,1
,magi-i:1-mod:0.0-res:1.0-naive-feat:dataset,dyn_cora,999:10,,0,dataset,False,1,cn69,magi,0.0,naive,0.46785061558087665,0.016867297271916607,,,,1.0,experiment|magi-i:1-mod:0.0-res:1.0-naive-feat:dataset|magi|naive|1|None|None|None|None|dataset|0.0|1.0|dyn_cora|False|999:10,results/egorov/mod_little_test_20260522_1146.json;results/egorov/mod_little_test_20260522_1148.json;results/egorov/mod_little_test_20260522_1201.json,,16.19735622902711,0.41665913045269776,3
,magi-i:1-mod:0.1-res:1.0-naive-feat:dataset,dyn_cora,999:10,,0,dataset,False,1,cn69,magi,0.1,naive,0.4544845422108968,0.004339629926116649,,,,1.0,experiment|magi-i:1-mod:0.1-res:1.0-naive-feat:dataset|magi|naive|1|None|None|None|None|dataset|0.1|1.0|dyn_cora|False|999:10,results/egorov/mod_little_test_20260522_1146.json;results/egorov/mod_little_test_20260522_1148.json;results/egorov/mod_little_test_20260522_1201.json,,14.007831110308567,0.3966943935187999,3
,magi-i:1-mod:0.2-res:1.0-naive-feat:dataset,dyn_cora,999:10,,0,dataset,False,1,cn69,magi,0.2,naive,0.4521802067756653,0.0,,,,1.0,experiment|magi-i:1-mod:0.2-res:1.0-naive-feat:dataset|magi|naive|1|None|None|None|None|dataset|0.2|1.0|dyn_cora|False|999:10,results/egorov/mod_little_test_20260522_1201.json,,13.84274884313345,0.0,1
norm,magi-i:10-L:1-r:0-agg:norm-gpu-feat:random,arxivmath,999:10,gpu,0,random,False,10,cn69,magi,,smart,0.13547579944133759,0.0,0.16894819204612377,0.0,0,,experiment|magi-i:10-L:1-r:0-agg:norm-gpu-feat:random|magi|smart|10|1|0|norm|gpu|random|None|None|arxivmath|False|999:10,results/drobyshev/experiment_20260515_0109.json,1,296.01730374991894,0.0,1
norm,magi-i:10-L:1-r:0-agg:norm-gpu-feat:random,dyn_acm,999:10,gpu,0,random,False,10,cn69,magi,,smart,0.6746116280555725,0.0,0.2242556281701163,0.0,0,,experiment|magi-i:10-L:1-r:0-agg:norm-gpu-feat:random|magi|smart|10|1|0|norm|gpu|random|None|None|dyn_acm|False|999:10,results/drobyshev/experiment_20260515_0109.json,1,82.5299882479012,0.0,1
norm,magi-i:10-L:1-r:0-agg:norm-gpu-feat:random,dyn_pubmed,999:10,gpu,0,random,False,10,cn69,magi,,smart,0.23472867906093597,0.0,0.08011254177540453,0.0,0,,experiment|magi-i:10-L:1-r:0-agg:norm-gpu-feat:random|magi|smart|10|1|0|norm|gpu|random|None|None|dyn_pubmed|False|999:10,results/drobyshev/experiment_20260515_0109.json,1,145.96462244912982,0.0,1
norm,magi-i:10-L:1-r:0-agg:norm-gpu-feat:random,lkml-reply,999:10,gpu,0,random,False,10,cn69,magi,,smart,0.027108361944556236,0.0,,,0,,experiment|magi-i:10-L:1-r:0-agg:norm-gpu-feat:random|magi|smart|10|1|0|norm|gpu|random|None|None|lkml-reply|False|999:10,results/drobyshev/experiment_20260515_0109.json,1,298.2989352270961,0.0,1
norm,magi-i:10-L:1-r:0-agg:norm-gpu-feat:random,patent,999:10,gpu,0,random,False,10,cn69,magi,,smart,0.8489885330200195,0.0,0.3613518307664131,0.0,0,,experiment|magi-i:10-L:1-r:0-agg:norm-gpu-feat:random|magi|smart|10|1|0|norm|gpu|random|None|None|patent|False|999:10,results/drobyshev/experiment_20260515_0109.json,1,120.4126915037632,0.0,1
norm,magi-i:10-L:1-r:1-agg:norm-gpu-feat:random,arxivmath,999:10,gpu,0,random,False,10,cn69,magi,,smart,0.06523482501506805,0.0,0.13533656580479517,0.0,1,,experiment|magi-i:10-L:1-r:1-agg:norm-gpu-feat:random|magi|smart|10|1|1|norm|gpu|random|None|None|arxivmath|False|999:10,results/drobyshev/experiment_20260515_0109.json,1,389.52441450953484,0.0,1
norm,magi-i:10-L:1-r:1-agg:norm-gpu-feat:random,dyn_acm,999:10,gpu,0,random,False,10,cn69,magi,,smart,0.2748161852359772,0.0,0.2006609128469087,0.0,1,,experiment|magi-i:10-L:1-r:1-agg:norm-gpu-feat:random|magi|smart|10|1|1|norm|gpu|random|None|None|dyn_acm|False|999:10,results/drobyshev/experiment_20260515_0109.json,1,161.94553573057055,0.0,1
norm,magi-i:10-L:1-r:1-agg:norm-gpu-feat:random,dyn_citeseer,999:10,gpu,0,random,False,10,cn69,magi,,smart,0.730315625667572,0.0,0.31073578778405625,0.0,1,,experiment|magi-i:10-L:1-r:1-agg:norm-gpu-feat:random|magi|smart|10|1|1|norm|gpu|random|None|None|dyn_citeseer|False|999:10,results/drobyshev/experiment_20260515_0109.json,1,101.62939567118883,0.0,1
norm,magi-i:10-L:1-r:1-agg:norm-gpu-feat:random,dyn_cora,999:10,gpu,0,random,False,10,cn69,magi,,smart,0.6909989714622498,0.0,0.39295833209707276,0.0,1,,experiment|magi-i:10-L:1-r:1-agg:norm-gpu-feat:random|magi|smart|10|1|1|norm|gpu|random|None|None|dyn_cora|False|999:10,results/drobyshev/experiment_20260515_0109.json,1,42.94662535190582,0.0,1
norm,magi-i:10-L:1-r:1-agg:norm-gpu-feat:random,dyn_pubmed,999:10,gpu,0,random,False,10,cn69,magi,,smart,0.08531055599451065,0.0,0.04822410562440561,0.0,1,,experiment|magi-i:10-L:1-r:1-agg:norm-gpu-feat:random|magi|smart|10|1|1|norm|gpu|random|None|None|dyn_pubmed|False|999:10,results/drobyshev/experiment_20260515_0109.json,1,221.69163466989994,0.0,1
norm,magi-i:10-L:1-r:1-agg:norm-gpu-feat:random,lkml-reply,999:10,gpu,0,random,False,10,cn69,magi,,smart,0.01432116236537695,0.0,,,1,,experiment|magi-i:10-L:1-r:1-agg:norm-gpu-feat:random|magi|smart|10|1|1|norm|gpu|random|None|None|lkml-reply|False|999:10,results/drobyshev/experiment_20260515_0109.json,1,502.03270407021046,0.0,1
norm,magi-i:10-L:1-r:1-agg:norm-gpu-feat:random,patent,999:10,gpu,0,random,False,10,cn69,magi,,smart,0.5967862606048584,0.0,0.3526447695206391,0.0,1,,experiment|magi-i:10-L:1-r:1-agg:norm-gpu-feat:random|magi|smart|10|1|1|norm|gpu|random|None|None|patent|False|999:10,results/drobyshev/experiment_20260515_0109.json,1,211.2677302993834,0.0,1
norm,magi-i:10-L:2-r:0-agg:norm-gpu-feat:random,arxivmath,999:10,gpu,0,random,False,10,cn69,magi,,smart,0.10046954452991486,0.0,0.1562788299391771,0.0,0,,experiment|magi-i:10-L:2-r:0-agg:norm-gpu-feat:random|magi|smart|10|2|0|norm|gpu|random|None|None|arxivmath|False|999:10,results/drobyshev/experiment_20260515_0109.json,2,589.7805131040514,0.0,1
norm,magi-i:10-L:2-r:0-agg:norm-gpu-feat:random,dyn_acm,999:10,gpu,0,random,False,10,cn69,magi,,smart,0.7551994919776917,0.0,0.22377104752300916,0.0,0,,experiment|magi-i:10-L:2-r:0-agg:norm-gpu-feat:random|magi|smart|10|2|0|norm|gpu|random|None|None|dyn_acm|False|999:10,results/drobyshev/experiment_20260515_0109.json,2,166.9687933884561,0.0,1
norm,magi-i:10-L:2-r:0-agg:norm-gpu-feat:random,dyn_pubmed,999:10,gpu,0,random,False,10,cn69,magi,,smart,0.3544628620147705,0.0,0.06310262372296936,0.0,0,,experiment|magi-i:10-L:2-r:0-agg:norm-gpu-feat:random|magi|smart|10|2|0|norm|gpu|random|None|None|dyn_pubmed|False|999:10,results/drobyshev/experiment_20260515_0109.json,2,295.64356530830264,0.0,1
norm,magi-i:10-L:2-r:0-agg:norm-gpu-feat:random,lkml-reply,999:10,gpu,0,random,False,10,cn69,magi,,smart,0.02939506620168686,0.0,,,0,,experiment|magi-i:10-L:2-r:0-agg:norm-gpu-feat:random|magi|smart|10|2|0|norm|gpu|random|None|None|lkml-reply|False|999:10,results/drobyshev/experiment_20260515_0109.json,2,601.4427276439965,0.0,1
norm,magi-i:10-L:2-r:0-agg:norm-gpu-feat:random,patent,999:10,gpu,0,random,False,10,cn69,magi,,smart,0.850581169128418,0.0,0.36126923773198244,0.0,0,,experiment|magi-i:10-L:2-r:0-agg:norm-gpu-feat:random|magi|smart|10|2|0|norm|gpu|random|None|None|patent|False|999:10,results/drobyshev/experiment_20260515_0109.json,2,232.0603043064475,0.0,1
norm,magi-i:10-L:2-r:1-agg:norm-gpu-feat:random,arxivmath,999:10,gpu,0,random,False,10,cn69,magi,,smart,0.06791175156831741,0.0,0.13796680575086645,0.0,1,,experiment|magi-i:10-L:2-r:1-agg:norm-gpu-feat:random|magi|smart|10|2|1|norm|gpu|random|None|None|arxivmath|False|999:10,results/drobyshev/experiment_20260515_0109.json,2,780.2176841683686,0.0,1
norm,magi-i:10-L:2-r:1-agg:norm-gpu-feat:random,dyn_acm,999:10,gpu,0,random,False,10,cn69,magi,,smart,0.28726449608802795,0.0,0.19981317172424987,0.0,1,,experiment|magi-i:10-L:2-r:1-agg:norm-gpu-feat:random|magi|smart|10|2|1|norm|gpu|random|None|None|dyn_acm|False|999:10,results/drobyshev/experiment_20260515_0109.json,2,326.85673087090254,0.0,1
norm,magi-i:10-L:2-r:1-agg:norm-gpu-feat:random,dyn_citeseer,999:10,gpu,0,random,False,10,cn69,magi,,smart,0.6537032723426819,0.0,0.2913521191125089,0.0,1,,experiment|magi-i:10-L:2-r:1-agg:norm-gpu-feat:random|magi|smart|10|2|1|norm|gpu|random|None|None|dyn_citeseer|False|999:10,results/drobyshev/experiment_20260515_0109.json,2,210.73221303895116,0.0,1
norm,magi-i:10-L:2-r:1-agg:norm-gpu-feat:random,dyn_cora,999:10,gpu,0,random,False,10,cn69,magi,,smart,0.6962827444076538,0.0,0.4098061181743473,0.0,1,,experiment|magi-i:10-L:2-r:1-agg:norm-gpu-feat:random|magi|smart|10|2|1|norm|gpu|random|None|None|dyn_cora|False|999:10,results/drobyshev/experiment_20260515_0109.json,2,86.06492874398828,0.0,1
norm,magi-i:10-L:2-r:1-agg:norm-gpu-feat:random,dyn_pubmed,999:10,gpu,0,random,False,10,cn69,magi,,smart,0.05246520787477493,0.0,0.02221183492523115,0.0,1,,experiment|magi-i:10-L:2-r:1-agg:norm-gpu-feat:random|magi|smart|10|2|1|norm|gpu|random|None|None|dyn_pubmed|False|999:10,results/drobyshev/experiment_20260515_0109.json,2,444.18533105775714,0.0,1
norm,magi-i:10-L:2-r:1-agg:norm-gpu-feat:random,lkml-reply,999:10,gpu,0,random,False,10,cn69,magi,,smart,0.013804090209305286,0.0,,,1,,experiment|magi-i:10-L:2-r:1-agg:norm-gpu-feat:random|magi|smart|10|2|1|norm|gpu|random|None|None|lkml-reply|False|999:10,results/drobyshev/experiment_20260515_0109.json,2,1019.005184892565,0.0,1
norm,magi-i:10-L:2-r:1-agg:norm-gpu-feat:random,patent,999:10,gpu,0,random,False,10,cn69,magi,,smart,0.6507818698883057,0.0,0.3525761318253196,0.0,1,,experiment|magi-i:10-L:2-r:1-agg:norm-gpu-feat:random|magi|smart|10|2|1|norm|gpu|random|None|None|patent|False|999:10,results/drobyshev/experiment_20260515_0109.json,2,439.966951161623,0.0,1
norm,magi-i:10-L:3-r:0-agg:norm-gpu-feat:random,arxivmath,999:10,gpu,0,random,False,10,cn69,magi,,smart,0.1056385487318039,0.0,0.15549653794590987,0.0,0,,experiment|magi-i:10-L:3-r:0-agg:norm-gpu-feat:random|magi|smart|10|3|0|norm|gpu|random|None|None|arxivmath|False|999:10,results/drobyshev/experiment_20260515_0109.json,3,890.0750123485923,0.0,1
norm,magi-i:10-L:3-r:0-agg:norm-gpu-feat:random,dyn_acm,999:10,gpu,0,random,False,10,cn69,magi,,smart,0.6489229798316956,0.0,0.22083109700049386,0.0,0,,experiment|magi-i:10-L:3-r:0-agg:norm-gpu-feat:random|magi|smart|10|3|0|norm|gpu|random|None|None|dyn_acm|False|999:10,results/drobyshev/experiment_20260515_0109.json,3,248.4775269329548,0.0,1
norm,magi-i:10-L:3-r:0-agg:norm-gpu-feat:random,dyn_pubmed,999:10,gpu,0,random,False,10,cn69,magi,,smart,0.21377260982990265,0.0,0.07270434411007902,0.0,0,,experiment|magi-i:10-L:3-r:0-agg:norm-gpu-feat:random|magi|smart|10|3|0|norm|gpu|random|None|None|dyn_pubmed|False|999:10,results/drobyshev/experiment_20260515_0109.json,3,443.494648154825,0.0,1
norm,magi-i:10-L:3-r:0-agg:norm-gpu-feat:random,lkml-reply,999:10,gpu,0,random,False,10,cn69,magi,,smart,0.03217213973402977,0.0,,,0,,experiment|magi-i:10-L:3-r:0-agg:norm-gpu-feat:random|magi|smart|10|3|0|norm|gpu|random|None|None|lkml-reply|False|999:10,results/drobyshev/experiment_20260515_0109.json,3,829.6662116236985,0.0,1
norm,magi-i:10-L:3-r:0-agg:norm-gpu-feat:random,patent,999:10,gpu,0,random,False,10,cn69,magi,,smart,0.8479056358337402,0.0,0.36115407673109085,0.0,0,,experiment|magi-i:10-L:3-r:0-agg:norm-gpu-feat:random|magi|smart|10|3|0|norm|gpu|random|None|None|patent|False|999:10,results/drobyshev/experiment_20260515_0109.json,3,356.78385915607214,0.0,1
norm,magi-i:10-L:3-r:1-agg:norm-gpu-feat:dataset,arxivmath,999:10,gpu,0,dataset,False,10,cn69,magi,,smart,0.07320313155651093,0.0,0.14078448416618183,0.0,1,,experiment|magi-i:10-L:3-r:1-agg:norm-gpu-feat:dataset|magi|smart|10|3|1|norm|gpu|dataset|None|None|arxivmath|False|999:10,results/drobyshev/smart_20260513_1026.json,3,906.3272902294993,0.0,1
norm,magi-i:10-L:3-r:1-agg:norm-gpu-feat:dataset,dyn_acm,999:10,gpu,0,dataset,False,10,cn69,magi,,smart,0.31958356499671936,0.0,0.20407330224455678,0.0,1,,experiment|magi-i:10-L:3-r:1-agg:norm-gpu-feat:dataset|magi|smart|10|3|1|norm|gpu|dataset|None|None|dyn_acm|False|999:10,results/drobyshev/smart_20260513_1026.json,3,453.61050114035606,0.0,1
norm,magi-i:10-L:3-r:1-agg:norm-gpu-feat:dataset,dyn_citeseer,999:10,gpu,0,dataset,False,10,cn69,magi,,smart,0.6753403544425964,0.0,0.28542488064830324,0.0,1,,experiment|magi-i:10-L:3-r:1-agg:norm-gpu-feat:dataset|magi|smart|10|3|1|norm|gpu|dataset|None|None|dyn_citeseer|False|999:10,results/drobyshev/smart_20260513_1026.json,3,260.07095938920975,0.0,1
norm,magi-i:10-L:3-r:1-agg:norm-gpu-feat:dataset,dyn_cora,999:10,gpu,0,dataset,False,10,cn69,magi,,smart,0.7502709031105042,0.0,0.43739353747160264,0.0,1,,experiment|magi-i:10-L:3-r:1-agg:norm-gpu-feat:dataset|magi|smart|10|3|1|norm|gpu|dataset|None|None|dyn_cora|False|999:10,results/drobyshev/smart_20260513_1026.json,3,130.58038797229528,0.0,1
norm,magi-i:10-L:3-r:1-agg:norm-gpu-feat:dataset,dyn_pubmed,999:10,gpu,0,dataset,False,10,cn69,magi,,smart,0.0599641278386116,0.0,0.028715384174000408,0.0,1,,experiment|magi-i:10-L:3-r:1-agg:norm-gpu-feat:dataset|magi|smart|10|3|1|norm|gpu|dataset|None|None|dyn_pubmed|False|999:10,results/drobyshev/smart_20260513_1026.json,3,588.4243513271213,0.0,1
norm,magi-i:10-L:3-r:1-agg:norm-gpu-feat:dataset,lkml-reply,999:10,gpu,0,dataset,False,10,cn69,magi,,smart,0.01105380430817604,0.0,,,1,,experiment|magi-i:10-L:3-r:1-agg:norm-gpu-feat:dataset|magi|smart|10|3|1|norm|gpu|dataset|None|None|lkml-reply|False|999:10,results/drobyshev/smart_20260513_1026.json,3,1074.261668983847,0.0,1
norm,magi-i:10-L:3-r:1-agg:norm-gpu-feat:dataset,patent,999:10,gpu,0,dataset,False,10,cn69,magi,,smart,0.6625192165374756,0.0,0.3619383845326623,0.0,1,,experiment|magi-i:10-L:3-r:1-agg:norm-gpu-feat:dataset|magi|smart|10|3|1|norm|gpu|dataset|None|None|patent|False|999:10,results/drobyshev/smart_20260513_1026.json,3,579.7106967046857,0.0,1
norm,magi-i:10-L:3-r:1-agg:norm-gpu-feat:random,arxivmath,999:10,gpu,0,random,False,10,cn69,magi,,smart,0.07799823954701424,0.000569683146253563,0.14058265367766526,0.0006998816826555527,1,,experiment|magi-i:10-L:3-r:1-agg:norm-gpu-feat:random|magi|smart|10|3|1|norm|gpu|random|None|None|arxivmath|False|999:10,results/drobyshev/experiment_20260515_0109.json;results/drobyshev/smart_20260513_1026.json,3,1043.4290068354458,177.39218358780272,2
norm,magi-i:10-L:3-r:1-agg:norm-gpu-feat:random,arxivmath,999:10,gpu,0,random,True,10,cn69,magi,,smart,0.06965871900320053,0.0,0.14116720281914316,0.0,1,,experiment|magi-i:10-L:3-r:1-agg:norm-gpu-feat:random|magi|smart|10|3|1|norm|gpu|random|None|None|arxivmath|True|999:10,results/drobyshev/smart_20260519_0124.json,3,868.2028550244868,0.0,1
norm,magi-i:10-L:3-r:1-agg:norm-gpu-feat:random,dyn_acm,999:10,gpu,0,random,False,10,cn69,magi,,smart,0.3332252502441406,0.03214858234294941,0.19494334562817134,0.0078606601615107,1,,experiment|magi-i:10-L:3-r:1-agg:norm-gpu-feat:random|magi|smart|10|3|1|norm|gpu|random|None|None|dyn_acm|False|999:10,results/drobyshev/experiment_20260515_0109.json;results/drobyshev/smart_20260513_1026.json;results/drobyshev/smart_20260519_0124.json,3,470.03274378180504,17.620830433999355,3
norm,magi-i:10-L:3-r:1-agg:norm-gpu-feat:random,dyn_citeseer,999:10,gpu,0,random,False,10,cn69,magi,,smart,0.7479648987452189,0.008408529584499443,0.2983019357180627,0.011267497202606981,1,,experiment|magi-i:10-L:3-r:1-agg:norm-gpu-feat:random|magi|smart|10|3|1|norm|gpu|random|None|None|dyn_citeseer|False|999:10,results/drobyshev/experiment_20260515_0109.json;results/drobyshev/smart_20260513_1026.json;results/drobyshev/smart_20260519_0124.json,3,274.56422035644454,32.89094388840586,3
norm,magi-i:10-L:3-r:1-agg:norm-gpu-feat:random,dyn_cora,999:10,gpu,0,random,False,10,cn69,magi,,smart,0.7513580719629923,0.026027801955759808,0.4355304716666057,0.008542318235427332,1,,experiment|magi-i:10-L:3-r:1-agg:norm-gpu-feat:random|magi|smart|10|3|1|norm|gpu|random|None|None|dyn_cora|False|999:10,results/drobyshev/experiment_20260515_0109.json;results/drobyshev/smart_20260513_1026.json;results/drobyshev/smart_20260519_0124.json,3,167.23690866182247,47.76000464127698,3
norm,magi-i:10-L:3-r:1-agg:norm-gpu-feat:random,dyn_pubmed,999:10,gpu,0,random,False,10,cn69,magi,,smart,0.0623572152107954,0.003895372424236774,0.020244200875956943,0.0034363640531889115,1,,experiment|magi-i:10-L:3-r:1-agg:norm-gpu-feat:random|magi|smart|10|3|1|norm|gpu|random|None|None|dyn_pubmed|False|999:10,results/drobyshev/experiment_20260515_0109.json;results/drobyshev/smart_20260513_1026.json,3,639.96946496889,52.71771965307961,2
norm,magi-i:10-L:3-r:1-agg:norm-gpu-feat:random,dyn_pubmed,999:10,gpu,0,random,True,10,cn69,magi,,smart,0.059881191700696945,0.0,0.020666556046800334,0.0,1,,experiment|magi-i:10-L:3-r:1-agg:norm-gpu-feat:random|magi|smart|10|3|1|norm|gpu|random|None|None|dyn_pubmed|True|999:10,results/drobyshev/smart_20260519_0124.json,3,533.1279391497374,0.0,1
norm,magi-i:10-L:3-r:1-agg:norm-gpu-feat:random,lkml-reply,999:10,gpu,0,random,False,10,cn69,magi,,smart,0.01756836101412773,0.005664594391780861,,,1,,experiment|magi-i:10-L:3-r:1-agg:norm-gpu-feat:random|magi|smart|10|3|1|norm|gpu|random|None|None|lkml-reply|False|999:10,results/drobyshev/experiment_20260515_0109.json;results/drobyshev/smart_20260513_1026.json,3,1343.3451457433403,106.64454591514034,2
norm,magi-i:10-L:3-r:1-agg:norm-gpu-feat:random,patent,999:10,gpu,0,random,False,10,cn69,magi,,smart,0.6066332757472992,0.07778972180013242,0.3527482218238569,0.00011236445535006044,1,,experiment|magi-i:10-L:3-r:1-agg:norm-gpu-feat:random|magi|smart|10|3|1|norm|gpu|random|None|None|patent|False|999:10,results/drobyshev/experiment_20260515_0109.json;results/drobyshev/smart_20260513_1026.json,3,623.5149583853781,43.676958030479774,2
norm,magi-i:10-L:3-r:1-agg:norm-gpu-feat:random,patent,999:10,gpu,0,random,True,10,cn69,magi,,smart,0.5927512645721436,0.0,0.3583043924603432,0.0,1,,experiment|magi-i:10-L:3-r:1-agg:norm-gpu-feat:random|magi|smart|10|3|1|norm|gpu|random|None|None|patent|True|999:10,results/drobyshev/smart_20260519_0124.json,3,524.6306847147644,0.0,1
norm,magi-i:10-L:4-r:0-agg:norm-gpu-feat:random,arxivmath,999:10,gpu,0,random,False,10,cn69,magi,,smart,0.14609920978546143,0.0,0.16441294933669054,0.0,0,,experiment|magi-i:10-L:4-r:0-agg:norm-gpu-feat:random|magi|smart|10|4|0|norm|gpu|random|None|None|arxivmath|False|999:10,results/drobyshev/experiment_20260515_0109.json,4,1179.6062220521271,0.0,1
norm,magi-i:10-L:4-r:0-agg:norm-gpu-feat:random,dyn_acm,999:10,gpu,0,random,False,10,cn69,magi,,smart,0.6677815318107605,0.0,0.22314448805683854,0.0,0,,experiment|magi-i:10-L:4-r:0-agg:norm-gpu-feat:random|magi|smart|10|4|0|norm|gpu|random|None|None|dyn_acm|False|999:10,results/drobyshev/experiment_20260515_0109.json,4,340.89472982659936,0.0,1
norm,magi-i:10-L:4-r:0-agg:norm-gpu-feat:random,dyn_pubmed,999:10,gpu,0,random,False,10,cn69,magi,,smart,0.28759440779685974,0.0,0.06759962764486113,0.0,0,,experiment|magi-i:10-L:4-r:0-agg:norm-gpu-feat:random|magi|smart|10|4|0|norm|gpu|random|None|None|dyn_pubmed|False|999:10,results/drobyshev/experiment_20260515_0109.json,4,598.1584495082498,0.0,1
norm,magi-i:10-L:4-r:0-agg:norm-gpu-feat:random,lkml-reply,999:10,gpu,0,random,False,10,cn69,magi,,smart,0.02577812783420086,0.0,,,0,,experiment|magi-i:10-L:4-r:0-agg:norm-gpu-feat:random|magi|smart|10|4|0|norm|gpu|random|None|None|lkml-reply|False|999:10,results/drobyshev/experiment_20260515_0109.json,4,1066.592535238713,0.0,1
norm,magi-i:10-L:4-r:0-agg:norm-gpu-feat:random,patent,999:10,gpu,0,random,False,10,cn69,magi,,smart,0.8365439176559448,0.0,0.3608901436461089,0.0,0,,experiment|magi-i:10-L:4-r:0-agg:norm-gpu-feat:random|magi|smart|10|4|0|norm|gpu|random|None|None|patent|False|999:10,results/drobyshev/experiment_20260515_0109.json,4,472.6141140945256,0.0,1
norm,magi-i:10-L:4-r:1-agg:norm-gpu-feat:random,arxivmath,999:10,gpu,0,random,False,10,cn69,magi,,smart,0.07390371710062027,0.0,0.13707775112519155,0.0,1,,experiment|magi-i:10-L:4-r:1-agg:norm-gpu-feat:random|magi|smart|10|4|1|norm|gpu|random|None|None|arxivmath|False|999:10,results/drobyshev/experiment_20260515_0109.json,4,1582.026413731277,0.0,1
norm,magi-i:10-L:4-r:1-agg:norm-gpu-feat:random,dyn_acm,999:10,gpu,0,random,False,10,cn69,magi,,smart,0.2860090732574463,0.0,0.19826746476216775,0.0,1,,experiment|magi-i:10-L:4-r:1-agg:norm-gpu-feat:random|magi|smart|10|4|1|norm|gpu|random|None|None|dyn_acm|False|999:10,results/drobyshev/experiment_20260515_0109.json,4,660.1988946944475,0.0,1
norm,magi-i:10-L:4-r:1-agg:norm-gpu-feat:random,dyn_citeseer,999:10,gpu,0,random,False,10,cn69,magi,,smart,0.7413638234138489,0.0,0.2988238497425565,0.0,1,,experiment|magi-i:10-L:4-r:1-agg:norm-gpu-feat:random|magi|smart|10|4|1|norm|gpu|random|None|None|dyn_citeseer|False|999:10,results/drobyshev/experiment_20260515_0109.json,4,430.7247126996517,0.0,1
norm,magi-i:10-L:4-r:1-agg:norm-gpu-feat:random,dyn_cora,999:10,gpu,0,random,False,10,cn69,magi,,smart,0.7440928816795349,0.0,0.42995219913925153,0.0,1,,experiment|magi-i:10-L:4-r:1-agg:norm-gpu-feat:random|magi|smart|10|4|1|norm|gpu|random|None|None|dyn_cora|False|999:10,results/drobyshev/experiment_20260515_0109.json,4,193.66719602420926,0.0,1
norm,magi-i:10-L:4-r:1-agg:norm-gpu-feat:random,dyn_pubmed,999:10,gpu,0,random,False,10,cn69,magi,,smart,0.06171487271785736,0.0,0.028770878686906868,0.0,1,,experiment|magi-i:10-L:4-r:1-agg:norm-gpu-feat:random|magi|smart|10|4|1|norm|gpu|random|None|None|dyn_pubmed|False|999:10,results/drobyshev/experiment_20260515_0109.json,4,903.9066967405379,0.0,1
norm,magi-i:10-L:4-r:1-agg:norm-gpu-feat:random,lkml-reply,999:10,gpu,0,random,False,10,cn69,magi,,smart,0.01398053951561451,0.0,,,1,,experiment|magi-i:10-L:4-r:1-agg:norm-gpu-feat:random|magi|smart|10|4|1|norm|gpu|random|None|None|lkml-reply|False|999:10,results/drobyshev/experiment_20260515_0109.json,4,1979.879501555115,0.0,1
norm,magi-i:10-L:4-r:1-agg:norm-gpu-feat:random,patent,999:10,gpu,0,random,False,10,cn69,magi,,smart,0.6495605707168579,0.0,0.352587875140258,0.0,1,,experiment|magi-i:10-L:4-r:1-agg:norm-gpu-feat:random|magi|smart|10|4|1|norm|gpu|random|None|None|patent|False|999:10,results/drobyshev/experiment_20260515_0109.json,4,854.5002770423889,0.0,1
norm,magi-i:10-mod:0.0-res:1.0-L:3-r:1-agg:norm-gpu-feat:dataset,dyn_cora,999:10,gpu,0,dataset,False,10,cn69,magi,0.0,smart,0.7370134592056274,0.0,,,1,1.0,experiment|magi-i:10-mod:0.0-res:1.0-L:3-r:1-agg:norm-gpu-feat:dataset|magi|smart|10|3|1|norm|gpu|dataset|0.0|1.0|dyn_cora|False|999:10,results/egorov/mod_little_test_20260522_1208.json,3,141.81443209573627,0.0,1
norm,magi-i:10-mod:0.0-res:1.0-L:3-r:1-agg:norm-gpu-feat:random,dyn_acm,999:10,gpu,0,random,False,10,cn69,magi,0.0,smart,0.2581847310066223,0.0,,,1,1.0,experiment|magi-i:10-mod:0.0-res:1.0-L:3-r:1-agg:norm-gpu-feat:random|magi|smart|10|3|1|norm|gpu|random|0.0|1.0|dyn_acm|False|999:10,results/egorov/mod_little_test_20260522_2054.json,3,253.29919589310884,0.0,1
norm,magi-i:10-mod:0.0-res:1.0-L:3-r:1-agg:norm-gpu-feat:random,dyn_citeseer,999:10,gpu,0,random,False,10,cn69,magi,0.0,smart,0.7146638035774231,0.0,,,1,1.0,experiment|magi-i:10-mod:0.0-res:1.0-L:3-r:1-agg:norm-gpu-feat:random|magi|smart|10|3|1|norm|gpu|random|0.0|1.0|dyn_citeseer|False|999:10,results/egorov/mod_little_test_20260522_2054.json,3,367.9949541464448,0.0,1
norm,magi-i:10-mod:0.0-res:1.0-L:3-r:1-agg:norm-gpu-feat:random,dyn_cora,999:10,gpu,0,random,False,10,cn69,magi,0.0,smart,0.7503152191638947,0.015075295509619132,,,1,1.0,experiment|magi-i:10-mod:0.0-res:1.0-L:3-r:1-agg:norm-gpu-feat:random|magi|smart|10|3|1|norm|gpu|random|0.0|1.0|dyn_cora|False|999:10,results/egorov/mod_little_test_20260522_1208.json;results/egorov/mod_little_test_20260522_1413.json,3,814.0393721237779,989.6378491158306,2
,magi-i:10-mod:0.0-res:1.0-naive-feat:dataset,dyn_cora,999:10,,0,dataset,False,10,cn69,magi,0.0,naive,0.35732752084732056,0.0,,,,1.0,experiment|magi-i:10-mod:0.0-res:1.0-naive-feat:dataset|magi|naive|10|None|None|None|None|dataset|0.0|1.0|dyn_cora|False|999:10,results/egorov/mod_little_test_20260522_1208.json,,72.24203629419208,0.0,1
,magi-i:10-mod:0.0-res:1.0-naive-feat:random,dyn_cora,999:10,,0,random,False,10,cn69,magi,0.0,naive,0.4591360092163086,0.0,,,,1.0,experiment|magi-i:10-mod:0.0-res:1.0-naive-feat:random|magi|naive|10|None|None|None|None|random|0.0|1.0|dyn_cora|False|999:10,results/egorov/mod_little_test_20260522_1208.json,,538.0946619994938,0.0,1
norm,magi-i:10-mod:0.1-res:1.0-L:3-r:1-agg:norm-gpu-feat:dataset,dyn_cora,999:10,gpu,0,dataset,False,10,cn69,magi,0.1,smart,0.7320418357849121,0.0,,,1,1.0,experiment|magi-i:10-mod:0.1-res:1.0-L:3-r:1-agg:norm-gpu-feat:dataset|magi|smart|10|3|1|norm|gpu|dataset|0.1|1.0|dyn_cora|False|999:10,results/egorov/mod_little_test_20260522_1208.json,3,141.07027358934283,0.0,1
norm,magi-i:10-mod:0.1-res:1.0-L:3-r:1-agg:norm-gpu-feat:random,dyn_acm,999:10,gpu,0,random,False,10,cn69,magi,0.1,smart,0.3342092037200928,0.0,,,1,1.0,experiment|magi-i:10-mod:0.1-res:1.0-L:3-r:1-agg:norm-gpu-feat:random|magi|smart|10|3|1|norm|gpu|random|0.1|1.0|dyn_acm|False|999:10,results/egorov/mod_little_test_20260522_2054.json,3,256.05250811576843,0.0,1
norm,magi-i:10-mod:0.1-res:1.0-L:3-r:1-agg:norm-gpu-feat:random,dyn_citeseer,999:10,gpu,0,random,False,10,cn69,magi,0.1,smart,0.6884251832962036,0.0,,,1,1.0,experiment|magi-i:10-mod:0.1-res:1.0-L:3-r:1-agg:norm-gpu-feat:random|magi|smart|10|3|1|norm|gpu|random|0.1|1.0|dyn_citeseer|False|999:10,results/egorov/mod_little_test_20260522_2054.json,3,367.4707630760968,0.0,1
norm,magi-i:10-mod:0.1-res:1.0-L:3-r:1-agg:norm-gpu-feat:random,dyn_cora,999:10,gpu,0,random,False,10,cn69,magi,0.1,smart,0.7488285303115845,0.007095253359414967,,,1,1.0,experiment|magi-i:10-mod:0.1-res:1.0-L:3-r:1-agg:norm-gpu-feat:random|magi|smart|10|3|1|norm|gpu|random|0.1|1.0|dyn_cora|False|999:10,results/egorov/mod_little_test_20260522_1208.json;results/egorov/mod_little_test_20260522_1413.json,3,811.8029499091208,989.0940928247095,2
,magi-i:10-mod:0.1-res:1.0-naive-feat:dataset,dyn_cora,999:10,,0,dataset,False,10,cn69,magi,0.1,naive,0.32751524448394775,0.0,,,,1.0,experiment|magi-i:10-mod:0.1-res:1.0-naive-feat:dataset|magi|naive|10|None|None|None|None|dataset|0.1|1.0|dyn_cora|False|999:10,results/egorov/mod_little_test_20260522_1208.json,,74.94174935668707,0.0,1
,magi-i:10-mod:0.1-res:1.0-naive-feat:random,dyn_cora,999:10,,0,random,False,10,cn69,magi,0.1,naive,0.4176696538925171,0.0,,,,1.0,experiment|magi-i:10-mod:0.1-res:1.0-naive-feat:random|magi|naive|10|None|None|None|None|random|0.1|1.0|dyn_cora|False|999:10,results/egorov/mod_little_test_20260522_1208.json,,544.8493506610394,0.0,1
norm,magi-i:10-mod:0.2-res:1.0-L:3-r:1-agg:norm-gpu-feat:dataset,dyn_cora,999:10,gpu,0,dataset,False,10,cn69,magi,0.2,smart,0.7388326525688171,0.0,,,1,1.0,experiment|magi-i:10-mod:0.2-res:1.0-L:3-r:1-agg:norm-gpu-feat:dataset|magi|smart|10|3|1|norm|gpu|dataset|0.2|1.0|dyn_cora|False|999:10,results/egorov/mod_little_test_20260522_1208.json,3,140.5609479136765,0.0,1
norm,magi-i:10-mod:0.2-res:1.0-L:3-r:1-agg:norm-gpu-feat:random,dyn_acm,999:10,gpu,0,random,False,10,cn69,magi,0.2,smart,0.2503631114959717,0.0,,,1,1.0,experiment|magi-i:10-mod:0.2-res:1.0-L:3-r:1-agg:norm-gpu-feat:random|magi|smart|10|3|1|norm|gpu|random|0.2|1.0|dyn_acm|False|999:10,results/egorov/mod_little_test_20260522_1733.json,3,255.65463868156075,0.0,1
norm,magi-i:10-mod:0.2-res:1.0-L:3-r:1-agg:norm-gpu-feat:random,dyn_citeseer,999:10,gpu,0,random,False,10,cn69,magi,0.2,smart,0.7016191482543945,0.0,,,1,1.0,experiment|magi-i:10-mod:0.2-res:1.0-L:3-r:1-agg:norm-gpu-feat:random|magi|smart|10|3|1|norm|gpu|random|0.2|1.0|dyn_citeseer|False|999:10,results/egorov/mod_little_test_20260522_1733.json,3,349.7628018297255,0.0,1
norm,magi-i:10-mod:0.2-res:1.0-L:3-r:1-agg:norm-gpu-feat:random,dyn_cora,999:10,gpu,0,random,False,10,cn69,magi,0.2,smart,0.756243109703064,0.0,,,1,1.0,experiment|magi-i:10-mod:0.2-res:1.0-L:3-r:1-agg:norm-gpu-feat:random|magi|smart|10|3|1|norm|gpu|random|0.2|1.0|dyn_cora|False|999:10,results/egorov/mod_little_test_20260522_1413.json,3,108.11319887638092,0.0,1
,magi-i:10-mod:0.2-res:1.0-naive-feat:dataset,dyn_cora,999:10,,0,dataset,False,10,cn69,magi,0.2,naive,0.3391062021255493,0.0,,,,1.0,experiment|magi-i:10-mod:0.2-res:1.0-naive-feat:dataset|magi|naive|10|None|None|None|None|dataset|0.2|1.0|dyn_cora|False|999:10,results/egorov/mod_little_test_20260522_1208.json,,72.83306676149368,0.0,1
,magi-i:10-mod:0.2-res:1.0-naive-feat:random,dyn_cora,999:10,,0,random,False,10,cn69,magi,0.2,naive,0.42945870757102966,0.0,,,,1.0,experiment|magi-i:10-mod:0.2-res:1.0-naive-feat:random|magi|naive|10|None|None|None|None|random|0.2|1.0|dyn_cora|False|999:10,results/egorov/mod_little_test_20260522_1208.json,,545.0465948991477,0.0,1
norm,magi-i:10-mod:0.5-res:1.0-L:3-r:1-agg:norm-gpu-feat:random,dyn_acm,999:10,gpu,0,random,False,10,cn69,magi,0.5,smart,0.2981584668159485,0.0,,,1,1.0,experiment|magi-i:10-mod:0.5-res:1.0-L:3-r:1-agg:norm-gpu-feat:random|magi|smart|10|3|1|norm|gpu|random|0.5|1.0|dyn_acm|False|999:10,results/egorov/mod_little_test_20260522_1733.json,3,259.16729537397623,0.0,1
norm,magi-i:10-mod:0.5-res:1.0-L:3-r:1-agg:norm-gpu-feat:random,dyn_citeseer,999:10,gpu,0,random,False,10,cn69,magi,0.5,smart,0.7499942779541016,0.0,,,1,1.0,experiment|magi-i:10-mod:0.5-res:1.0-L:3-r:1-agg:norm-gpu-feat:random|magi|smart|10|3|1|norm|gpu|random|0.5|1.0|dyn_citeseer|False|999:10,results/egorov/mod_little_test_20260522_1733.json,3,350.69380719959736,0.0,1
norm,magi-i:10-mod:1.0-res:1.0-L:3-r:1-agg:norm-gpu-feat:random,dyn_acm,999:10,gpu,0,random,False,10,cn69,magi,1.0,smart,0.2902049422264099,0.0,,,1,1.0,experiment|magi-i:10-mod:1.0-res:1.0-L:3-r:1-agg:norm-gpu-feat:random|magi|smart|10|3|1|norm|gpu|random|1.0|1.0|dyn_acm|False|999:10,results/egorov/mod_little_test_20260522_1733.json,3,273.5087477862835,0.0,1
norm,magi-i:10-mod:1.0-res:1.0-L:3-r:1-agg:norm-gpu-feat:random,dyn_citeseer,999:10,gpu,0,random,False,10,cn69,magi,1.0,smart,0.7222726941108704,0.0,,,1,1.0,experiment|magi-i:10-mod:1.0-res:1.0-L:3-r:1-agg:norm-gpu-feat:random|magi|smart|10|3|1|norm|gpu|random|1.0|1.0|dyn_citeseer|False|999:10,results/egorov/mod_little_test_20260522_1733.json,3,352.62276923283935,0.0,1
,magi-i:10-naive-feat:dataset,dyn_acm,999:10,,0,dataset,False,10,cn69,magi,,naive,0.0629437044262886,0.0,0.2507460881901225,0.0,,,experiment|magi-i:10-naive-feat:dataset|magi|naive|10|None|None|None|None|dataset|None|None|dyn_acm|False|999:10,results/drobyshev/naive_magi_20260521_2326.json,,81.73869801685214,0.0,1
,magi-i:10-naive-feat:dataset,dyn_citeseer,999:10,,0,dataset,False,10,cn69,magi,,naive,0.35476404428482056,0.0,0.30780354611472094,0.0,,,experiment|magi-i:10-naive-feat:dataset|magi|naive|10|None|None|None|None|dataset|None|None|dyn_citeseer|False|999:10,results/drobyshev/naive_magi_20260521_2326.json,,57.91256085038185,0.0,1
,magi-i:10-naive-feat:dataset,dyn_cora,999:10,,0,dataset,False,10,cn69,magi,,naive,0.3720738887786865,0.02904937288152354,0.4169814516189596,0.007897497701157283,,,experiment|magi-i:10-naive-feat:dataset|magi|naive|10|None|None|None|None|dataset|None|None|dyn_cora|False|999:10,results/drobyshev/naive_20260512_1206.json;results/drobyshev/naive_20260519_0254.json;results/drobyshev/naive_magi_20260521_2326.json,,72.92055951803923,5.643746543267374,3
,magi-i:10-naive-feat:dataset,dyn_pubmed,999:10,,0,dataset,True,10,cn69,magi,,naive,0.49050047993659973,0.0,0.21673355691367416,0.0,,,experiment|magi-i:10-naive-feat:dataset|magi|naive|10|None|None|None|None|dataset|None|None|dyn_pubmed|True|999:10,results/drobyshev/naive_magi_20260521_2326.json,,300.25877567380667,0.0,1
,magi-i:10-naive-feat:dataset,patent,999:10,,0,dataset,False,10,cn69,magi,,naive,0.8293045163154602,0.0,0.29569780040514904,0.0,,,experiment|magi-i:10-naive-feat:dataset|magi|naive|10|None|None|None|None|dataset|None|None|patent|False|999:10,results/drobyshev/naive_20260512_1206.json,,178.41304149851203,0.0,1
,magi-i:10-naive-feat:dataset,patent,999:10,,0,dataset,True,10,cn69,magi,,naive,0.8001948893070221,0.027002432169717035,0.2803639610905104,0.008013485148386072,,,experiment|magi-i:10-naive-feat:dataset|magi|naive|10|None|None|None|None|dataset|None|None|patent|True|999:10,results/drobyshev/naive_20260519_0254.json;results/drobyshev/naive_magi_20260521_2326.json,,144.36276306025684,24.05356768843999,2
,magi-i:3-mod:0.0-res:1.0-naive-feat:dataset,dyn_cora,999:10,,0,dataset,False,3,cn69,magi,0.0,naive,0.4162130455176036,0.0042811165423938735,,,,1.0,experiment|magi-i:3-mod:0.0-res:1.0-naive-feat:dataset|magi|naive|3|None|None|None|None|dataset|0.0|1.0|dyn_cora|False|999:10,results/egorov/mod_little_test_20260522_1146.json;results/egorov/mod_little_test_20260522_1148.json;results/egorov/mod_little_test_20260522_1201.json,,26.150015904257696,0.2129106421955267,3
,magi-i:3-mod:0.1-res:1.0-naive-feat:dataset,dyn_cora,999:10,,0,dataset,False,3,cn69,magi,0.1,naive,0.3963514417409897,0.00793100429196174,,,,1.0,experiment|magi-i:3-mod:0.1-res:1.0-naive-feat:dataset|magi|naive|3|None|None|None|None|dataset|0.1|1.0|dyn_cora|False|999:10,results/egorov/mod_little_test_20260522_1148.json;results/egorov/mod_little_test_20260522_1201.json,,26.777227131649852,0.0077452288862598145,2
,magi-i:3-mod:0.2-res:1.0-naive-feat:dataset,dyn_cora,999:10,,0,dataset,False,3,cn69,magi,0.2,naive,0.3994631767272949,0.0,,,,1.0,experiment|magi-i:3-mod:0.2-res:1.0-naive-feat:dataset|magi|naive|3|None|None|None|None|dataset|0.2|1.0|dyn_cora|False|999:10,results/egorov/mod_little_test_20260522_1201.json,,26.70680585131049,0.0,1
,magi-naive,dyn_acm,999:10,,0,,False,,cn69,magi,,naive,0.13974985480308533,0.0,,,,,experiment|magi-naive|magi|naive|None|None|None|None|None|None|None|None|dyn_acm|False|999:10,results/archive/12s_5small_999:10.json,,1445.515626192093,0.0,1
,magi-naive,dyn_bat,999:10,,0,,False,,cn69,magi,,naive,0.03731894493103027,0.0,,,,,experiment|magi-naive|magi|naive|None|None|None|None|None|None|None|None|dyn_bat|False|999:10,results/archive/12s_5small_999:10.json,,0.12860774993896484,0.0,1
,magi-naive,dyn_blogcatalog,999:10,,0,,False,,dev_256g,magi,,naive,0.3005366921424866,0.0,,,,,experiment|magi-naive|magi|naive|None|None|None|None|None|None|None|None|dyn_blogcatalog|False|999:10,results/archive/55s_dyn_blogcatalog_b999:10.json,,3184.922661304474,0.0,1
,magi-naive,dyn_citeseer,999:10,,0,,False,,cn69,magi,,naive,0.5868527889251709,0.0,,,,,experiment|magi-naive|magi|naive|None|None|None|None|None|None|None|None|dyn_citeseer|False|999:10,results/archive/12s_5small_999:10.json,,976.2359781265259,0.0,1
,magi-naive,dyn_cora,999:10,,0,,False,,cn69,magi,,naive,0.2828065752983093,0.0,,,,,experiment|magi-naive|magi|naive|None|None|None|None|None|None|None|None|dyn_cora|False|999:10,results/archive/12s_5small_999:10.json,,915.7163689136505,0.0,1
,magi-naive,dyn_wikics,999:10,,0,,False,,dev_256g,magi,,naive,0.34875133633613586,0.0,,,,,experiment|magi-naive|magi|naive|None|None|None|None|None|None|None|None|dyn_wikics|False|999:10,results/archive/55s_dyn_blogcatalog_b999:10.json,,11694.456519842148,0.0,1
,magi-naive,dyn_wiki,999:10,,0,,False,,dev_256g,magi,,naive,0.5877347588539124,0.0,,,,,experiment|magi-naive|magi|naive|None|None|None|None|None|None|None|None|dyn_wiki|False|999:10,results/archive/5ss_dyn_wiki_b999:10.json,,912.2076396942139,0.0,1
,mfc-L:3-r:1-gpu,dyn_acm,999:10,gpu,0,,False,,cn69,mfc,,smart,0.6193776726722717,0.0,,,1,,experiment|mfc-L:3-r:1-gpu|mfc|smart|None|3|1|None|gpu|None|None|None|dyn_acm|False|999:10,results/archive/12s_5small_999:10.json,3,67.0609700679779,0.0,1
,mfc-L:3-r:1-gpu,dyn_bat,999:10,gpu,0,,False,,cn69,mfc,,smart,0.2737269997596741,0.0,,,1,,experiment|mfc-L:3-r:1-gpu|mfc|smart|None|3|1|None|gpu|None|None|None|dyn_bat|False|999:10,results/archive/12s_5small_999:10.json,3,31.249253511428833,0.0,1
,mfc-L:3-r:1-gpu,dyn_blogcatalog,999:10,gpu,0,,False,,dev_256g,mfc,,smart,0.0366586297750473,0.0,,,1,,experiment|mfc-L:3-r:1-gpu|mfc|smart|None|3|1|None|gpu|None|None|None|dyn_blogcatalog|False|999:10,results/archive/55s_dyn_blogcatalog_b999:10.json,3,1816.5026686191559,0.0,1
,mfc-L:3-r:1-gpu,dyn_citeseer,999:10,gpu,0,,False,,cn69,mfc,,smart,0.7612600922584534,0.0,,,1,,experiment|mfc-L:3-r:1-gpu|mfc|smart|None|3|1|None|gpu|None|None|None|dyn_citeseer|False|999:10,results/archive/12s_5small_999:10.json,3,129.26533007621765,0.0,1
,mfc-L:3-r:1-gpu,dyn_cora,999:10,gpu,0,,False,,cn69,mfc,,smart,0.7660951614379883,0.0,,,1,,experiment|mfc-L:3-r:1-gpu|mfc|smart|None|3|1|None|gpu|None|None|None|dyn_cora|False|999:10,results/archive/12s_5small_999:10.json,3,156.3161563873291,0.0,1
,mfc-L:3-r:1-gpu,dyn_wiki,999:10,gpu,0,,False,,dev_256g,mfc,,smart,0.22242708504199982,0.0,,,1,,experiment|mfc-L:3-r:1-gpu|mfc|smart|None|3|1|None|gpu|None|None|None|dyn_wiki|False|999:10,results/archive/5ss_dyn_wiki_b999:10.json,3,156.15682554244995,0.0,1
norm,mfc-i:1-mod:0.0-res:1.0-L:1-r:0-agg:norm-gpu-feat:dataset,dyn_cora,999:10,gpu,0,dataset,False,1,cn69,mfc,0.0,smart,0.810627818107605,0.0,,,0,1.0,experiment|mfc-i:1-mod:0.0-res:1.0-L:1-r:0-agg:norm-gpu-feat:dataset|mfc|smart|1|1|0|norm|gpu|dataset|0.0|1.0|dyn_cora|False|999:10,results/egorov/mod_little_test_20260521_2313.json,1,0.19997979700565338,0.0,1
,mfc-i:1-mod:0.0-res:1.0-naive-feat:dataset,dyn_cora,999:10,,0,dataset,False,1,cn69,mfc,0.0,naive,0.24730226397514343,0.0,,,,1.0,experiment|mfc-i:1-mod:0.0-res:1.0-naive-feat:dataset|mfc|naive|1|None|None|None|None|dataset|0.0|1.0|dyn_cora|False|999:10,results/egorov/mod_little_test_20260521_2313.json,,24.742280412465334,0.0,1
norm,mfc-i:1-mod:0.1-res:1.0-L:1-r:0-agg:norm-gpu-feat:dataset,dyn_cora,999:10,gpu,0,dataset,False,1,cn69,mfc,0.1,smart,0.810752809047699,0.0,,,0,1.0,experiment|mfc-i:1-mod:0.1-res:1.0-L:1-r:0-agg:norm-gpu-feat:dataset|mfc|smart|1|1|0|norm|gpu|dataset|0.1|1.0|dyn_cora|False|999:10,results/egorov/mod_little_test_20260521_2313.json,1,0.2005455233156681,0.0,1
,mfc-i:1-mod:0.1-res:1.0-naive-feat:dataset,dyn_cora,999:10,,0,dataset,False,1,cn69,mfc,0.1,naive,0.23017261922359467,0.0,,,,1.0,experiment|mfc-i:1-mod:0.1-res:1.0-naive-feat:dataset|mfc|naive|1|None|None|None|None|dataset|0.1|1.0|dyn_cora|False|999:10,results/egorov/mod_little_test_20260521_2313.json,,40.57961032167077,0.0,1
norm,mfc-i:10-mod:0.0-res:1.0-L:3-r:1-agg:norm-gpu-feat:dataset,dyn_cora,999:10,gpu,0,dataset,False,10,cn69,mfc,0.0,smart,0.7472275495529175,0.0,,,1,1.0,experiment|mfc-i:10-mod:0.0-res:1.0-L:3-r:1-agg:norm-gpu-feat:dataset|mfc|smart|10|3|1|norm|gpu|dataset|0.0|1.0|dyn_cora|False|999:10,results/egorov/mod_little_test_20260522_1208.json,3,3.0017948113381863,0.0,1
norm,mfc-i:10-mod:0.0-res:1.0-L:3-r:1-agg:norm-gpu-feat:random,dyn_acm,999:10,gpu,0,random,False,10,cn69,mfc,0.0,smart,0.45480889081954956,0.0,,,1,1.0,experiment|mfc-i:10-mod:0.0-res:1.0-L:3-r:1-agg:norm-gpu-feat:random|mfc|smart|10|3|1|norm|gpu|random|0.0|1.0|dyn_acm|False|999:10,results/egorov/mod_little_test_20260522_2054.json,3,3.8356715328991413,0.0,1
norm,mfc-i:10-mod:0.0-res:1.0-L:3-r:1-agg:norm-gpu-feat:random,dyn_cora,999:10,gpu,0,random,False,10,cn69,mfc,0.0,smart,0.7885376811027527,0.0,,,1,1.0,experiment|mfc-i:10-mod:0.0-res:1.0-L:3-r:1-agg:norm-gpu-feat:random|mfc|smart|10|3|1|norm|gpu|random|0.0|1.0|dyn_cora|False|999:10,results/egorov/mod_little_test_20260522_1413.json,3,3.190932434052229,0.0,1
,mfc-i:10-mod:0.0-res:1.0-naive-feat:dataset,dyn_cora,999:10,,0,dataset,False,10,cn69,mfc,0.0,naive,0.31090378761291504,0.0,,,,1.0,experiment|mfc-i:10-mod:0.0-res:1.0-naive-feat:dataset|mfc|naive|10|None|None|None|None|dataset|0.0|1.0|dyn_cora|False|999:10,results/egorov/mod_little_test_20260522_1208.json,,102.933161303401,0.0,1
norm,mfc-i:10-mod:0.1-res:1.0-L:3-r:1-agg:norm-gpu-feat:dataset,dyn_cora,999:10,gpu,0,dataset,False,10,cn69,mfc,0.1,smart,0.7460542321205139,0.0,,,1,1.0,experiment|mfc-i:10-mod:0.1-res:1.0-L:3-r:1-agg:norm-gpu-feat:dataset|mfc|smart|10|3|1|norm|gpu|dataset|0.1|1.0|dyn_cora|False|999:10,results/egorov/mod_little_test_20260522_1208.json,3,3.307153295725584,0.0,1
norm,mfc-i:10-mod:0.1-res:1.0-L:3-r:1-agg:norm-gpu-feat:random,dyn_acm,999:10,gpu,0,random,False,10,cn69,mfc,0.1,smart,0.2657293379306793,0.0,,,1,1.0,experiment|mfc-i:10-mod:0.1-res:1.0-L:3-r:1-agg:norm-gpu-feat:random|mfc|smart|10|3|1|norm|gpu|random|0.1|1.0|dyn_acm|False|999:10,results/egorov/mod_little_test_20260522_2054.json,3,3.987255707383156,0.0,1
norm,mfc-i:10-mod:0.1-res:1.0-L:3-r:1-agg:norm-gpu-feat:random,dyn_cora,999:10,gpu,0,random,False,10,cn69,mfc,0.1,smart,0.7690532207489014,0.0,,,1,1.0,experiment|mfc-i:10-mod:0.1-res:1.0-L:3-r:1-agg:norm-gpu-feat:random|mfc|smart|10|3|1|norm|gpu|random|0.1|1.0|dyn_cora|False|999:10,results/egorov/mod_little_test_20260522_1413.json,3,3.337790660560131,0.0,1
,mfc-i:10-mod:0.1-res:1.0-naive-feat:dataset,dyn_cora,999:10,,0,dataset,False,10,cn69,mfc,0.1,naive,0.23195193707942963,0.0,,,,1.0,experiment|mfc-i:10-mod:0.1-res:1.0-naive-feat:dataset|mfc|naive|10|None|None|None|None|dataset|0.1|1.0|dyn_cora|False|999:10,results/egorov/mod_little_test_20260522_1208.json,,79.00873398408294,0.0,1
norm,mfc-i:10-mod:0.2-res:1.0-L:3-r:1-agg:norm-gpu-feat:dataset,dyn_cora,999:10,gpu,0,dataset,False,10,cn69,mfc,0.2,smart,0.7343131899833679,0.0,,,1,1.0,experiment|mfc-i:10-mod:0.2-res:1.0-L:3-r:1-agg:norm-gpu-feat:dataset|mfc|smart|10|3|1|norm|gpu|dataset|0.2|1.0|dyn_cora|False|999:10,results/egorov/mod_little_test_20260522_1208.json,3,3.300294555723667,0.0,1
norm,mfc-i:10-mod:0.2-res:1.0-L:3-r:1-agg:norm-gpu-feat:random,dyn_acm,999:10,gpu,0,random,False,10,cn69,mfc,0.2,smart,0.43228715658187866,0.0,,,1,1.0,experiment|mfc-i:10-mod:0.2-res:1.0-L:3-r:1-agg:norm-gpu-feat:random|mfc|smart|10|3|1|norm|gpu|random|0.2|1.0|dyn_acm|False|999:10,results/egorov/mod_little_test_20260522_1733.json,3,4.2431748025119305,0.0,1
norm,mfc-i:10-mod:0.2-res:1.0-L:3-r:1-agg:norm-gpu-feat:random,dyn_citeseer,999:10,gpu,0,random,False,10,cn69,mfc,0.2,smart,0.7054010033607483,0.0,,,1,1.0,experiment|mfc-i:10-mod:0.2-res:1.0-L:3-r:1-agg:norm-gpu-feat:random|mfc|smart|10|3|1|norm|gpu|random|0.2|1.0|dyn_citeseer|False|999:10,results/egorov/mod_little_test_20260522_1733.json,3,6.955930162221193,0.0,1
norm,mfc-i:10-mod:0.2-res:1.0-L:3-r:1-agg:norm-gpu-feat:random,dyn_cora,999:10,gpu,0,random,False,10,cn69,mfc,0.2,smart,0.7408969402313232,0.0,,,1,1.0,experiment|mfc-i:10-mod:0.2-res:1.0-L:3-r:1-agg:norm-gpu-feat:random|mfc|smart|10|3|1|norm|gpu|random|0.2|1.0|dyn_cora|False|999:10,results/egorov/mod_little_test_20260522_1413.json,3,3.3072924576699734,0.0,1
,mfc-i:10-mod:0.2-res:1.0-naive-feat:dataset,dyn_cora,999:10,,0,dataset,False,10,cn69,mfc,0.2,naive,0.2600857615470886,0.0,,,,1.0,experiment|mfc-i:10-mod:0.2-res:1.0-naive-feat:dataset|mfc|naive|10|None|None|None|None|dataset|0.2|1.0|dyn_cora|False|999:10,results/egorov/mod_little_test_20260522_1208.json,,44.736494582146406,0.0,1
norm,mfc-i:10-mod:0.5-res:1.0-L:3-r:1-agg:norm-gpu-feat:random,dyn_acm,999:10,gpu,0,random,False,10,cn69,mfc,0.5,smart,0.25670325756073,0.0,,,1,1.0,experiment|mfc-i:10-mod:0.5-res:1.0-L:3-r:1-agg:norm-gpu-feat:random|mfc|smart|10|3|1|norm|gpu|random|0.5|1.0|dyn_acm|False|999:10,results/egorov/mod_little_test_20260522_1733.json,3,3.8837313912808895,0.0,1
norm,mfc-i:10-mod:0.5-res:1.0-L:3-r:1-agg:norm-gpu-feat:random,dyn_citeseer,999:10,gpu,0,random,False,10,cn69,mfc,0.5,smart,0.6667386293411255,0.0,,,1,1.0,experiment|mfc-i:10-mod:0.5-res:1.0-L:3-r:1-agg:norm-gpu-feat:random|mfc|smart|10|3|1|norm|gpu|random|0.5|1.0|dyn_citeseer|False|999:10,results/egorov/mod_little_test_20260522_1733.json,3,6.923986930400133,0.0,1
norm,mfc-i:10-mod:1.0-res:1.0-L:3-r:1-agg:norm-gpu-feat:random,dyn_acm,999:10,gpu,0,random,False,10,cn69,mfc,1.0,smart,0.42938995361328125,0.0,,,1,1.0,experiment|mfc-i:10-mod:1.0-res:1.0-L:3-r:1-agg:norm-gpu-feat:random|mfc|smart|10|3|1|norm|gpu|random|1.0|1.0|dyn_acm|False|999:10,results/egorov/mod_little_test_20260522_1733.json,3,3.9875054210424423,0.0,1
norm,mfc-i:10-mod:1.0-res:1.0-L:3-r:1-agg:norm-gpu-feat:random,dyn_citeseer,999:10,gpu,0,random,False,10,cn69,mfc,1.0,smart,0.7373083233833313,0.0,,,1,1.0,experiment|mfc-i:10-mod:1.0-res:1.0-L:3-r:1-agg:norm-gpu-feat:random|mfc|smart|10|3|1|norm|gpu|random|1.0|1.0|dyn_citeseer|False|999:10,results/egorov/mod_little_test_20260522_1733.json,3,6.896183211356401,0.0,1
norm,mfc-i:100-L:3-r:1-agg:norm-gpu-feat:random,arxivmath,999:10,gpu,0,random,True,100,cn69,mfc,,smart,0.06395581364631653,0.0,0.14144048549856506,0.0,1,,experiment|mfc-i:100-L:3-r:1-agg:norm-gpu-feat:random|mfc|smart|100|3|1|norm|gpu|random|None|None|arxivmath|True|999:10,results/drobyshev/dynamic-smart_20260519_1140.json,3,381.74106357619166,0.0,1
norm,mfc-i:100-L:3-r:1-agg:norm-gpu-feat:random,dyn_acm,999:10,gpu,0,random,False,100,cn69,mfc,,smart,0.26224496960639954,0.0,0.19789370023462974,0.0,1,,experiment|mfc-i:100-L:3-r:1-agg:norm-gpu-feat:random|mfc|smart|100|3|1|norm|gpu|random|None|None|dyn_acm|False|999:10,results/drobyshev/dynamic-smart_20260519_1140.json,3,32.22717006132007,0.0,1
norm,mfc-i:100-L:3-r:1-agg:norm-gpu-feat:random,dyn_citeseer,999:10,gpu,0,random,False,100,cn69,mfc,,smart,0.6727859377861023,0.0,0.2911519657733461,0.0,1,,experiment|mfc-i:100-L:3-r:1-agg:norm-gpu-feat:random|mfc|smart|100|3|1|norm|gpu|random|None|None|dyn_citeseer|False|999:10,results/drobyshev/dynamic-smart_20260519_1140.json,3,22.913331370800734,0.0,1
norm,mfc-i:100-L:3-r:1-agg:norm-gpu-feat:random,dyn_cora,999:10,gpu,0,random,False,100,cn69,mfc,,smart,0.7330235838890076,0.0,0.42978691438614136,0.0,1,,experiment|mfc-i:100-L:3-r:1-agg:norm-gpu-feat:random|mfc|smart|100|3|1|norm|gpu|random|None|None|dyn_cora|False|999:10,results/drobyshev/dynamic-smart_20260519_1140.json,3,31.512990411370993,0.0,1
norm,mfc-i:100-L:3-r:1-agg:norm-gpu-feat:random,dyn_pubmed,999:10,gpu,0,random,True,100,cn69,mfc,,smart,0.014815703965723515,0.0,0.018131911858884943,0.0,1,,experiment|mfc-i:100-L:3-r:1-agg:norm-gpu-feat:random|mfc|smart|100|3|1|norm|gpu|random|None|None|dyn_pubmed|True|999:10,results/drobyshev/dynamic-smart_20260519_1140.json,3,35.89237862825394,0.0,1
norm,mfc-i:100-L:3-r:1-agg:norm-gpu-feat:random,patent,999:10,gpu,0,random,True,100,cn69,mfc,,smart,0.7798706889152527,0.0,0.37200072120569655,0.0,1,,experiment|mfc-i:100-L:3-r:1-agg:norm-gpu-feat:random|mfc|smart|100|3|1|norm|gpu|random|None|None|patent|True|999:10,results/drobyshev/dynamic-smart_20260519_1140.json,3,38.437981847673655,0.0,1
,mfc-i:100-dynamic-feat:dataset,dyn_acm,999:10,,0,dataset,False,100,cn69,mfc,,dynamic,0.5041007995605469,0.01672294225845551,0.15867524927919147,0.011380057760385375,,,experiment|mfc-i:100-dynamic-feat:dataset|mfc|dynamic|100|None|None|None|None|dataset|None|None|dyn_acm|False|999:10,results/drobyshev/dynamic_20260512_1205.json;results/drobyshev/dynamic_20260519_1126.json,,1528.609568880871,4.372305110949016,2
,mfc-i:100-dynamic-feat:dataset,dyn_citeseer,999:10,,0,dataset,False,100,cn69,mfc,,dynamic,0.4330654442310333,0.002839896799512551,0.16799178158683153,0.0001374470141077871,,,experiment|mfc-i:100-dynamic-feat:dataset|mfc|dynamic|100|None|None|None|None|dataset|None|None|dyn_citeseer|False|999:10,results/drobyshev/dynamic_20260512_1205.json;results/drobyshev/dynamic_20260519_1126.json,,2168.8702956493944,476.7687077520793,2
,mfc-i:100-dynamic-feat:dataset,dyn_cora,999:10,,0,dataset,False,100,cn69,mfc,,dynamic,0.4098253399133682,0.016184579489001608,0.14859193596888898,0.00037411813343682024,,,experiment|mfc-i:100-dynamic-feat:dataset|mfc|dynamic|100|None|None|None|None|dataset|None|None|dyn_cora|False|999:10,results/drobyshev/dynamic_20260512_1205.json;results/drobyshev/dynamic_20260519_1126.json,,997.903329314664,164.59526431686203,2
,mfc-i:100-dynamic-feat:dataset,dyn_pubmed,999:10,,0,dataset,False,100,cn69,mfc,,dynamic,0.22608546912670135,0.0,0.013492665876691647,0.0,,,experiment|mfc-i:100-dynamic-feat:dataset|mfc|dynamic|100|None|None|None|None|dataset|None|None|dyn_pubmed|False|999:10,results/drobyshev/dynamic_20260512_1205.json,,8610.80148410052,0.0,1
,mfc-i:100-dynamic-feat:dataset,dyn_pubmed,999:10,,0,dataset,True,100,cn69,mfc,,dynamic,0.17977021634578705,0.0,0.015900237866206594,0.0,,,experiment|mfc-i:100-dynamic-feat:dataset|mfc|dynamic|100|None|None|None|None|dataset|None|None|dyn_pubmed|True|999:10,results/drobyshev/dynamic_20260519_1126.json,,2949.1251088380814,0.0,1
,mfc-i:100-dynamic-feat:dataset,patent,999:10,,0,dataset,False,100,cn69,mfc,,dynamic,0.3758215606212616,0.0,0.09074438918075729,0.0,,,experiment|mfc-i:100-dynamic-feat:dataset|mfc|dynamic|100|None|None|None|None|dataset|None|None|patent|False|999:10,results/drobyshev/dynamic_20260512_1205.json,,1169.5801101513207,0.0,1
,mfc-i:100-dynamic-feat:dataset,patent,999:10,,0,dataset,True,100,cn69,mfc,,dynamic,0.697920560836792,0.0,0.18712087233843744,0.0,,,experiment|mfc-i:100-dynamic-feat:dataset|mfc|dynamic|100|None|None|None|None|dataset|None|None|patent|True|999:10,results/drobyshev/dynamic_20260519_1126.json,,816.2853785194457,0.0,1
norm,mfc-i:3-mod:0.0-res:1.0-L:1-r:0-agg:norm-gpu-feat:dataset,dyn_cora,999:10,gpu,0,dataset,False,3,cn69,mfc,0.0,smart,0.8147033452987671,0.0,,,0,1.0,experiment|mfc-i:3-mod:0.0-res:1.0-L:1-r:0-agg:norm-gpu-feat:dataset|mfc|smart|3|1|0|norm|gpu|dataset|0.0|1.0|dyn_cora|False|999:10,results/egorov/mod_little_test_20260521_2313.json,1,0.3541788123548031,0.0,1
,mfc-i:3-mod:0.0-res:1.0-naive-feat:dataset,dyn_cora,999:10,,0,dataset,False,3,cn69,mfc,0.0,naive,0.2615314722061157,0.0,,,,1.0,experiment|mfc-i:3-mod:0.0-res:1.0-naive-feat:dataset|mfc|naive|3|None|None|None|None|dataset|0.0|1.0|dyn_cora|False|999:10,results/egorov/mod_little_test_20260521_2313.json,,30.49706970155239,0.0,1
norm,mfc-i:3-mod:0.1-res:1.0-L:1-r:0-agg:norm-gpu-feat:dataset,dyn_cora,999:10,gpu,0,dataset,False,3,cn69,mfc,0.1,smart,0.810627818107605,0.0,,,0,1.0,experiment|mfc-i:3-mod:0.1-res:1.0-L:1-r:0-agg:norm-gpu-feat:dataset|mfc|smart|3|1|0|norm|gpu|dataset|0.1|1.0|dyn_cora|False|999:10,results/egorov/mod_little_test_20260521_2313.json,1,0.3511976972222328,0.0,1
,mfc-i:3-mod:0.1-res:1.0-naive-feat:dataset,dyn_cora,999:10,,0,dataset,False,3,cn69,mfc,0.1,naive,0.27133968472480774,0.0,,,,1.0,experiment|mfc-i:3-mod:0.1-res:1.0-naive-feat:dataset|mfc|naive|3|None|None|None|None|dataset|0.1|1.0|dyn_cora|False|999:10,results/egorov/mod_little_test_20260521_2313.json,,16.324267718940973,0.0,1
,mfc-naive,dyn_acm,999:10,,0,,False,,cn69,mfc,,naive,0.3828137516975403,0.0,,,,,experiment|mfc-naive|mfc|naive|None|None|None|None|None|None|None|None|dyn_acm|False|999:10,results/archive/12s_5small_999:10.json,,1888.8552403450012,0.0,1
,mfc-naive,dyn_bat,999:10,,0,,False,,cn69,mfc,,naive,0.006960244383662939,0.0,,,,,experiment|mfc-naive|mfc|naive|None|None|None|None|None|None|None|None|dyn_bat|False|999:10,results/archive/12s_5small_999:10.json,,10.703958988189697,0.0,1
,mfc-naive,dyn_blogcatalog,999:10,,0,,False,,dev_256g,mfc,,naive,0.1102057546377182,0.0,,,,,experiment|mfc-naive|mfc|naive|None|None|None|None|None|None|None|None|dyn_blogcatalog|False|999:10,results/archive/55s_dyn_blogcatalog_b999:10.json,,240.3414661884308,0.0,1
,mfc-naive,dyn_citeseer,999:10,,0,,False,,cn69,mfc,,naive,0.6039408445358276,0.0,,,,,experiment|mfc-naive|mfc|naive|None|None|None|None|None|None|None|None|dyn_citeseer|False|999:10,results/archive/12s_5small_999:10.json,,3319.1758942604065,0.0,1
,mfc-naive,dyn_cora,999:10,,0,,False,,cn69,mfc,,naive,0.4641105532646179,0.0,,,,,experiment|mfc-naive|mfc|naive|None|None|None|None|None|None|None|None|dyn_cora|False|999:10,results/archive/12s_5small_999:10.json,,1593.5955443382263,0.0,1
,mfc-naive,dyn_wiki,999:10,,0,,False,,dev_256g,mfc,,naive,0.37166765332221985,0.0,,,,,experiment|mfc-naive|mfc|naive|None|None|None|None|None|None|None|None|dyn_wiki|False|999:10,results/archive/5ss_dyn_wiki_b999:10.json,,956.6635491847992,0.0,1
,networkit-L:3-r:1-gpu,dyn_acm,999:10,gpu,0,,False,,cn69,networkit,,smart,0.8012394905090332,0.0,,,1,,experiment|networkit-L:3-r:1-gpu|networkit|smart|None|3|1|None|gpu|None|None|None|dyn_acm|False|999:10,results/archive/12s_5small_999:10.json,3,0.2638568878173828,0.0,1
,networkit-L:3-r:1-gpu,dyn_bat,999:10,gpu,0,,False,,cn69,networkit,,smart,0.267129123210907,0.0,,,1,,experiment|networkit-L:3-r:1-gpu|networkit|smart|None|3|1|None|gpu|None|None|None|dyn_bat|False|999:10,results/archive/12s_5small_999:10.json,3,0.016419649124145508,0.0,1
,networkit-L:3-r:1-gpu,dyn_citeseer,999:10,gpu,0,,False,,cn69,networkit,,smart,0.8847863674163818,0.0,,,1,,experiment|networkit-L:3-r:1-gpu|networkit|smart|None|3|1|None|gpu|None|None|None|dyn_citeseer|False|999:10,results/archive/12s_5small_999:10.json,3,0.07398533821105957,0.0,1
,networkit-L:3-r:1-gpu,dyn_cora,999:10,gpu,0,,False,,cn69,networkit,,smart,0.8104153871536255,0.0,,,1,,experiment|networkit-L:3-r:1-gpu|networkit|smart|None|3|1|None|gpu|None|None|None|dyn_cora|False|999:10,results/archive/12s_5small_999:10.json,3,0.09631800651550293,0.0,1
,networkit-L:3-r:1-gpu,dyn_dblp,999:10,gpu,0,,False,,cn69,networkit,,smart,0.856727123260498,0.0,,,1,,experiment|networkit-L:3-r:1-gpu|networkit|smart|None|3|1|None|gpu|None|None|None|dyn_dblp|False|999:10,results/archive/12s_5small_999:10.json,3,0.05841255187988281,0.0,1
,networkit-naive,dyn_acm,999:10,,0,,False,,cn69,networkit,,naive,0.7246526479721069,0.0,,,,,experiment|networkit-naive|networkit|naive|None|None|None|None|None|None|None|None|dyn_acm|False|999:10,results/archive/12s_5small_999:10.json,,0.7773110866546631,0.0,1
,networkit-naive,dyn_bat,999:10,,0,,False,,cn69,networkit,,naive,0.24955786764621735,0.0,,,,,experiment|networkit-naive|networkit|naive|None|None|None|None|None|None|None|None|dyn_bat|False|999:10,results/archive/12s_5small_999:10.json,,0.0015413761138916016,0.0,1
,networkit-naive,dyn_citeseer,999:10,,0,,False,,cn69,networkit,,naive,0.645081639289856,0.0,,,,,experiment|networkit-naive|networkit|naive|None|None|None|None|None|None|None|None|dyn_citeseer|False|999:10,results/archive/12s_5small_999:10.json,,0.13135600090026855,0.0,1
,networkit-naive,dyn_cora,999:10,,0,,False,,cn69,networkit,,naive,0.5406090617179871,0.0,,,,,experiment|networkit-naive|networkit|naive|None|None|None|None|None|None|None|None|dyn_cora|False|999:10,results/archive/12s_5small_999:10.json,,0.1220848560333252,0.0,1
,networkit-naive,dyn_dblp,999:10,,0,,False,,cn69,networkit,,naive,0.637496829032898,0.0,,,,,experiment|networkit-naive|networkit|naive|None|None|None|None|None|None|None|None|dyn_dblp|False|999:10,results/archive/12s_5small_999:10.json,,0.18471097946166992,0.0,1
,prgpt:infomap-L:1-r:0-gpu,arxivmath,999:10,gpu,0,,False,,cn69,prgpt:infomap,,smart,0.5511798858642578,0.0,0.20117824603008103,0.0,0,,experiment|prgpt:infomap-L:1-r:0-gpu|prgpt:infomap|smart|None|1|0|None|gpu|None|None|None|arxivmath|False|999:10,results/drobyshev/experiment_20260515_0109.json,1,0.3927656076848507,0.0,1
,prgpt:infomap-L:1-r:0-gpu,dyn_acm,999:10,gpu,0,,False,,cn69,prgpt:infomap,,smart,0.7965109944343567,0.0,0.24770419060186954,0.0,0,,experiment|prgpt:infomap-L:1-r:0-gpu|prgpt:infomap|smart|None|1|0|None|gpu|None|None|None|dyn_acm|False|999:10,results/drobyshev/experiment_20260515_0109.json,1,0.1263251081109047,0.0,1
,prgpt:infomap-L:1-r:0-gpu,dyn_citeseer,999:10,gpu,0,,False,,cn69,prgpt:infomap,,smart,0.870644211769104,0.0,0.3287106822757385,0.0,0,,experiment|prgpt:infomap-L:1-r:0-gpu|prgpt:infomap|smart|None|1|0|None|gpu|None|None|None|dyn_citeseer|False|999:10,results/drobyshev/experiment_20260515_0109.json,1,0.09774838387966156,0.0,1
,prgpt:infomap-L:1-r:0-gpu,dyn_cora,999:10,gpu,0,,False,,cn69,prgpt:infomap,,smart,0.810627818107605,0.0,0.4528629024292515,0.0,0,,experiment|prgpt:infomap-L:1-r:0-gpu|prgpt:infomap|smart|None|1|0|None|gpu|None|None|None|dyn_cora|False|999:10,results/drobyshev/experiment_20260515_0109.json,1,0.184589684009552,0.0,1
,prgpt:infomap-L:1-r:0-gpu,dyn_pubmed,999:10,gpu,0,,False,,cn69,prgpt:infomap,,smart,0.18578103184700012,0.0,0.0724658485359884,0.0,0,,experiment|prgpt:infomap-L:1-r:0-gpu|prgpt:infomap|smart|None|1|0|None|gpu|None|None|None|dyn_pubmed|False|999:10,results/drobyshev/experiment_20260515_0109.json,1,0.13484659045934677,0.0,1
,prgpt:infomap-L:1-r:0-gpu,lkml-reply,999:10,gpu,0,,False,,cn69,prgpt:infomap,,smart,0.016427956521511078,0.0,,,0,,experiment|prgpt:infomap-L:1-r:0-gpu|prgpt:infomap|smart|None|1|0|None|gpu|None|None|None|lkml-reply|False|999:10,results/drobyshev/experiment_20260515_0109.json,1,0.48321938142180443,0.0,1
,prgpt:infomap-L:1-r:0-gpu,patent,999:10,gpu,0,,False,,cn69,prgpt:infomap,,smart,0.8566550016403198,0.0,0.3616530692605933,0.0,0,,experiment|prgpt:infomap-L:1-r:0-gpu|prgpt:infomap|smart|None|1|0|None|gpu|None|None|None|patent|False|999:10,results/drobyshev/experiment_20260515_0109.json,1,0.14371968060731888,0.0,1
,prgpt:infomap-L:1-r:1-gpu,arxivmath,999:10,gpu,0,,False,,cn69,prgpt:infomap,,smart,0.05633244663476944,0.0,0.1363824827087295,0.0,1,,experiment|prgpt:infomap-L:1-r:1-gpu|prgpt:infomap|smart|None|1|1|None|gpu|None|None|None|arxivmath|False|999:10,results/drobyshev/experiment_20260515_0109.json,1,3.7171047292649746,0.0,1
,prgpt:infomap-L:1-r:1-gpu,dyn_acm,999:10,gpu,0,,False,,cn69,prgpt:infomap,,smart,0.7486839294433594,0.0,0.22949583125119802,0.0,1,,experiment|prgpt:infomap-L:1-r:1-gpu|prgpt:infomap|smart|None|1|1|None|gpu|None|None|None|dyn_acm|False|999:10,results/drobyshev/experiment_20260515_0109.json,1,0.41611050069332123,0.0,1
,prgpt:infomap-L:1-r:1-gpu,dyn_citeseer,999:10,gpu,0,,False,,cn69,prgpt:infomap,,smart,0.8490064740180969,0.0,0.3307466681410074,0.0,1,,experiment|prgpt:infomap-L:1-r:1-gpu|prgpt:infomap|smart|None|1|1|None|gpu|None|None|None|dyn_citeseer|False|999:10,results/drobyshev/experiment_20260515_0109.json,1,0.1397346518933773,0.0,1
,prgpt:infomap-L:1-r:1-gpu,dyn_cora,999:10,gpu,0,,False,,cn69,prgpt:infomap,,smart,0.6967154145240784,0.0,0.393253745076238,0.0,1,,experiment|prgpt:infomap-L:1-r:1-gpu|prgpt:infomap|smart|None|1|1|None|gpu|None|None|None|dyn_cora|False|999:10,results/drobyshev/experiment_20260515_0109.json,1,0.13062939420342445,0.0,1
,prgpt:infomap-L:1-r:1-gpu,dyn_pubmed,999:10,gpu,0,,False,,cn69,prgpt:infomap,,smart,0.44676125049591064,0.0,0.15892416835054782,0.0,1,,experiment|prgpt:infomap-L:1-r:1-gpu|prgpt:infomap|smart|None|1|1|None|gpu|None|None|None|dyn_pubmed|False|999:10,results/drobyshev/experiment_20260515_0109.json,1,0.3079533316195011,0.0,1
,prgpt:infomap-L:1-r:1-gpu,lkml-reply,999:10,gpu,0,,False,,cn69,prgpt:infomap,,smart,0.013452173210680485,0.0,,,1,,experiment|prgpt:infomap-L:1-r:1-gpu|prgpt:infomap|smart|None|1|1|None|gpu|None|None|None|lkml-reply|False|999:10,results/drobyshev/experiment_20260515_0109.json,1,40.73146067559719,0.0,1
,prgpt:infomap-L:1-r:1-gpu,patent,999:10,gpu,0,,False,,cn69,prgpt:infomap,,smart,0.8566377758979797,0.0,0.36161163555581927,0.0,1,,experiment|prgpt:infomap-L:1-r:1-gpu|prgpt:infomap|smart|None|1|1|None|gpu|None|None|None|patent|False|999:10,results/drobyshev/experiment_20260515_0109.json,1,4.038623750209808,0.0,1
,prgpt:infomap-L:2-r:0-gpu,arxivmath,999:10,gpu,0,,False,,cn69,prgpt:infomap,,smart,0.545911967754364,0.0,0.19261464620578275,0.0,0,,experiment|prgpt:infomap-L:2-r:0-gpu|prgpt:infomap|smart|None|2|0|None|gpu|None|None|None|arxivmath|False|999:10,results/drobyshev/experiment_20260515_0109.json,2,0.6577223129570484,0.0,1
,prgpt:infomap-L:2-r:0-gpu,dyn_acm,999:10,gpu,0,,False,,cn69,prgpt:infomap,,smart,0.8252615332603455,0.0,0.2677492717731074,0.0,0,,experiment|prgpt:infomap-L:2-r:0-gpu|prgpt:infomap|smart|None|2|0|None|gpu|None|None|None|dyn_acm|False|999:10,results/drobyshev/experiment_20260515_0109.json,2,0.2342568151652813,0.0,1
,prgpt:infomap-L:2-r:0-gpu,dyn_citeseer,999:10,gpu,0,,False,,cn69,prgpt:infomap,,smart,0.8696209788322449,0.0,0.3326000227533278,0.0,0,,experiment|prgpt:infomap-L:2-r:0-gpu|prgpt:infomap|smart|None|2|0|None|gpu|None|None|None|dyn_citeseer|False|999:10,results/drobyshev/experiment_20260515_0109.json,2,0.1802838034927845,0.0,1
,prgpt:infomap-L:2-r:0-gpu,dyn_cora,999:10,gpu,0,,False,,cn69,prgpt:infomap,,smart,0.8094463348388672,0.0,0.4565556561106917,0.0,0,,experiment|prgpt:infomap-L:2-r:0-gpu|prgpt:infomap|smart|None|2|0|None|gpu|None|None|None|dyn_cora|False|999:10,results/drobyshev/experiment_20260515_0109.json,2,0.20923078805208206,0.0,1
,prgpt:infomap-L:2-r:0-gpu,dyn_pubmed,999:10,gpu,0,,False,,cn69,prgpt:infomap,,smart,0.2019118219614029,0.0,0.062298691417797904,0.0,0,,experiment|prgpt:infomap-L:2-r:0-gpu|prgpt:infomap|smart|None|2|0|None|gpu|None|None|None|dyn_pubmed|False|999:10,results/drobyshev/experiment_20260515_0109.json,2,0.2535720467567444,0.0,1
,prgpt:infomap-L:2-r:0-gpu,lkml-reply,999:10,gpu,0,,False,,cn69,prgpt:infomap,,smart,0.014085816219449043,0.0,,,0,,experiment|prgpt:infomap-L:2-r:0-gpu|prgpt:infomap|smart|None|2|0|None|gpu|None|None|None|lkml-reply|False|999:10,results/drobyshev/experiment_20260515_0109.json,2,0.8932914771139622,0.0,1
,prgpt:infomap-L:2-r:0-gpu,patent,999:10,gpu,0,,False,,cn69,prgpt:infomap,,smart,0.8566550016403198,0.0,0.3616530692605933,0.0,0,,experiment|prgpt:infomap-L:2-r:0-gpu|prgpt:infomap|smart|None|2|0|None|gpu|None|None|None|patent|False|999:10,results/drobyshev/experiment_20260515_0109.json,2,0.25342489778995514,0.0,1
,prgpt:infomap-L:2-r:1-gpu,arxivmath,999:10,gpu,0,,False,,cn69,prgpt:infomap,,smart,0.06348594278097153,0.0,0.1401119183372036,0.0,1,,experiment|prgpt:infomap-L:2-r:1-gpu|prgpt:infomap|smart|None|2|1|None|gpu|None|None|None|arxivmath|False|999:10,results/drobyshev/experiment_20260515_0109.json,2,7.1842131689190865,0.0,1
,prgpt:infomap-L:2-r:1-gpu,dyn_acm,999:10,gpu,0,,False,,cn69,prgpt:infomap,,smart,0.6865125894546509,0.0,0.2329152518104303,0.0,1,,experiment|prgpt:infomap-L:2-r:1-gpu|prgpt:infomap|smart|None|2|1|None|gpu|None|None|None|dyn_acm|False|999:10,results/drobyshev/experiment_20260515_0109.json,2,0.805512361228466,0.0,1
,prgpt:infomap-L:2-r:1-gpu,dyn_citeseer,999:10,gpu,0,,False,,cn69,prgpt:infomap,,smart,0.8247902393341064,0.0,0.3250674387656169,0.0,1,,experiment|prgpt:infomap-L:2-r:1-gpu|prgpt:infomap|smart|None|2|1|None|gpu|None|None|None|dyn_citeseer|False|999:10,results/drobyshev/experiment_20260515_0109.json,2,0.2548721134662628,0.0,1
,prgpt:infomap-L:2-r:1-gpu,dyn_cora,999:10,gpu,0,,False,,cn69,prgpt:infomap,,smart,0.7109230160713196,0.0,0.40796372035047135,0.0,1,,experiment|prgpt:infomap-L:2-r:1-gpu|prgpt:infomap|smart|None|2|1|None|gpu|None|None|None|dyn_cora|False|999:10,results/drobyshev/experiment_20260515_0109.json,2,0.23675744980573654,0.0,1
,prgpt:infomap-L:2-r:1-gpu,dyn_pubmed,999:10,gpu,0,,False,,cn69,prgpt:infomap,,smart,0.0888417586684227,0.0,0.06132899309245428,0.0,1,,experiment|prgpt:infomap-L:2-r:1-gpu|prgpt:infomap|smart|None|2|1|None|gpu|None|None|None|dyn_pubmed|False|999:10,results/drobyshev/experiment_20260515_0109.json,2,0.6161307319998741,0.0,1
,prgpt:infomap-L:2-r:1-gpu,lkml-reply,999:10,gpu,0,,False,,cn69,prgpt:infomap,,smart,0.013980614021420479,0.0,,,1,,experiment|prgpt:infomap-L:2-r:1-gpu|prgpt:infomap|smart|None|2|1|None|gpu|None|None|None|lkml-reply|False|999:10,results/drobyshev/experiment_20260515_0109.json,2,80.60236709937453,0.0,1
,prgpt:infomap-L:2-r:1-gpu,patent,999:10,gpu,0,,False,,cn69,prgpt:infomap,,smart,0.8566377758979797,0.0,0.36161163555581927,0.0,1,,experiment|prgpt:infomap-L:2-r:1-gpu|prgpt:infomap|smart|None|2|1|None|gpu|None|None|None|patent|False|999:10,results/drobyshev/experiment_20260515_0109.json,2,7.935644298791885,0.0,1
,prgpt:infomap-L:3-r:0-gpu,arxivmath,999:10,gpu,0,,False,,cn69,prgpt:infomap,,smart,0.5684775114059448,0.0,0.19928777327639186,0.0,0,,experiment|prgpt:infomap-L:3-r:0-gpu|prgpt:infomap|smart|None|3|0|None|gpu|None|None|None|arxivmath|False|999:10,results/drobyshev/experiment_20260515_0109.json,3,0.928779311478138,0.0,1
,prgpt:infomap-L:3-r:0-gpu,dyn_acm,999:10,gpu,0,,False,,cn69,prgpt:infomap,,smart,0.8222404718399048,0.0,0.2688544763827032,0.0,0,,experiment|prgpt:infomap-L:3-r:0-gpu|prgpt:infomap|smart|None|3|0|None|gpu|None|None|None|dyn_acm|False|999:10,results/drobyshev/experiment_20260515_0109.json,3,0.347578439861536,0.0,1
,prgpt:infomap-L:3-r:0-gpu,dyn_citeseer,999:10,gpu,0,,False,,cn69,prgpt:infomap,,smart,0.8704782128334045,0.0,0.3338248867400939,0.0,0,,experiment|prgpt:infomap-L:3-r:0-gpu|prgpt:infomap|smart|None|3|0|None|gpu|None|None|None|dyn_citeseer|False|999:10,results/drobyshev/experiment_20260515_0109.json,3,0.2663990519940853,0.0,1
,prgpt:infomap-L:3-r:0-gpu,dyn_cora,999:10,gpu,0,,False,,cn69,prgpt:infomap,,smart,0.8202621936798096,0.0,0.46569318580900004,0.0,0,,experiment|prgpt:infomap-L:3-r:0-gpu|prgpt:infomap|smart|None|3|0|None|gpu|None|None|None|dyn_cora|False|999:10,results/drobyshev/experiment_20260515_0109.json,3,0.3059980422258377,0.0,1
,prgpt:infomap-L:3-r:0-gpu,dyn_pubmed,999:10,gpu,0,,False,,cn69,prgpt:infomap,,smart,0.19834889471530914,0.0,0.06979457729570461,0.0,0,,experiment|prgpt:infomap-L:3-r:0-gpu|prgpt:infomap|smart|None|3|0|None|gpu|None|None|None|dyn_pubmed|False|999:10,results/drobyshev/experiment_20260515_0109.json,3,0.3826819099485874,0.0,1
,prgpt:infomap-L:3-r:0-gpu,lkml-reply,999:10,gpu,0,,False,,cn69,prgpt:infomap,,smart,0.013952835462987423,0.0,,,0,,experiment|prgpt:infomap-L:3-r:0-gpu|prgpt:infomap|smart|None|3|0|None|gpu|None|None|None|lkml-reply|False|999:10,results/drobyshev/experiment_20260515_0109.json,3,1.339421235024929,0.0,1
,prgpt:infomap-L:3-r:0-gpu,patent,999:10,gpu,0,,False,,cn69,prgpt:infomap,,smart,0.8566550016403198,0.0,0.3616530692605933,0.0,0,,experiment|prgpt:infomap-L:3-r:0-gpu|prgpt:infomap|smart|None|3|0|None|gpu|None|None|None|patent|False|999:10,results/drobyshev/experiment_20260515_0109.json,3,0.36146918684244156,0.0,1
sum,prgpt:infomap-L:3-r:1-agg:sum-gpu-feat:dataset,arxivcs,999:10,gpu,0,dataset,False,,cn69,prgpt:infomap,,smart,0.014738524332642555,0.0,,,1,,experiment|prgpt:infomap-L:3-r:1-agg:sum-gpu-feat:dataset|prgpt:infomap|smart|None|3|1|sum|gpu|dataset|None|None|arxivcs|False|999:10,results/archive/5fs_no_konect_ns.json,3,203.95309352874756,0.0,1
sum,prgpt:infomap-L:3-r:1-agg:sum-gpu-feat:dataset,arxivlarge,999:10,gpu,0,dataset,False,,cn69,prgpt:infomap,,smart,0.004863931331783533,0.0,,,1,,experiment|prgpt:infomap-L:3-r:1-agg:sum-gpu-feat:dataset|prgpt:infomap|smart|None|3|1|sum|gpu|dataset|None|None|arxivlarge|False|999:10,results/archive/5fs_no_konect_ns.json,3,1892.7980015277863,0.0,1
sum,prgpt:infomap-L:3-r:1-agg:sum-gpu-feat:dataset,arxivmath,999:10,gpu,0,dataset,False,,cn69,prgpt:infomap,,smart,0.05633244663476944,0.0,,,1,,experiment|prgpt:infomap-L:3-r:1-agg:sum-gpu-feat:dataset|prgpt:infomap|smart|None|3|1|sum|gpu|dataset|None|None|arxivmath|False|999:10,results/archive/5fs_no_konect_ns.json,3,10.138793706893921,0.0,1
sum,prgpt:infomap-L:3-r:1-agg:sum-gpu-feat:dataset,arxivphy,999:10,gpu,0,dataset,False,,cn69,prgpt:infomap,,smart,0.0015511788660660386,0.0,,,1,,experiment|prgpt:infomap-L:3-r:1-agg:sum-gpu-feat:dataset|prgpt:infomap|smart|None|3|1|sum|gpu|dataset|None|None|arxivphy|False|999:10,results/archive/5fs_no_konect_ns.json,3,1480.0674440860748,0.0,1
sum,prgpt:infomap-L:3-r:1-agg:sum-gpu-feat:dataset,dblp-tgc,999:10,gpu,0,dataset,False,,cn69,prgpt:infomap,,smart,0.0715036690235138,0.0,,,1,,experiment|prgpt:infomap-L:3-r:1-agg:sum-gpu-feat:dataset|prgpt:infomap|smart|None|3|1|sum|gpu|dataset|None|None|dblp-tgc|False|999:10,results/archive/5fs_no_konect_ns.json,3,3.4994966983795166,0.0,1
sum,prgpt:infomap-L:3-r:1-agg:sum-gpu-feat:dataset,dyn_acm,999:10,gpu,0,dataset,False,,cn69,prgpt:infomap,,smart,0.7486839294433594,0.0,,,1,,experiment|prgpt:infomap-L:3-r:1-agg:sum-gpu-feat:dataset|prgpt:infomap|smart|None|3|1|sum|gpu|dataset|None|None|dyn_acm|False|999:10,results/archive/5fs_no_konect_ns.json,3,1.1081593036651611,0.0,1
sum,prgpt:infomap-L:3-r:1-agg:sum-gpu-feat:dataset,dyn_bat,999:10,gpu,0,dataset,False,,cn69,prgpt:infomap,,smart,0.2796759605407715,0.0,,,1,,experiment|prgpt:infomap-L:3-r:1-agg:sum-gpu-feat:dataset|prgpt:infomap|smart|None|3|1|sum|gpu|dataset|None|None|dyn_bat|False|999:10,results/archive/5fs_no_konect_ns.json,3,0.06718897819519043,0.0,1
sum,prgpt:infomap-L:3-r:1-agg:sum-gpu-feat:dataset,dyn_citeseer,999:10,gpu,0,dataset,False,,cn69,prgpt:infomap,,smart,0.8490064740180969,0.0,,,1,,experiment|prgpt:infomap-L:3-r:1-agg:sum-gpu-feat:dataset|prgpt:infomap|smart|None|3|1|sum|gpu|dataset|None|None|dyn_citeseer|False|999:10,results/archive/5fs_no_konect_ns.json,3,0.34743809700012207,0.0,1
sum,prgpt:infomap-L:3-r:1-agg:sum-gpu-feat:dataset,dyn_coauthorcs,999:10,gpu,0,dataset,False,,cn69,prgpt:infomap,,smart,0.17864136397838593,0.0,,,1,,experiment|prgpt:infomap-L:3-r:1-agg:sum-gpu-feat:dataset|prgpt:infomap|smart|None|3|1|sum|gpu|dataset|None|None|dyn_coauthorcs|False|999:10,results/archive/5fs_no_konect_ns.json,3,3.317777633666992,0.0,1
sum,prgpt:infomap-L:3-r:1-agg:sum-gpu-feat:dataset,dyn_coauthorphysics,999:10,gpu,0,dataset,False,,cn69,prgpt:infomap,,smart,0.11837144941091537,0.0,,,1,,experiment|prgpt:infomap-L:3-r:1-agg:sum-gpu-feat:dataset|prgpt:infomap|smart|None|3|1|sum|gpu|dataset|None|None|dyn_coauthorphysics|False|999:10,results/archive/5fs_no_konect_ns.json,3,26.392582893371582,0.0,1
sum,prgpt:infomap-L:3-r:1-agg:sum-gpu-feat:dataset,dyn_cora,999:10,gpu,0,dataset,False,,cn69,prgpt:infomap,,smart,0.6967154145240784,0.0,,,1,,experiment|prgpt:infomap-L:3-r:1-agg:sum-gpu-feat:dataset|prgpt:infomap|smart|None|3|1|sum|gpu|dataset|None|None|dyn_cora|False|999:10,results/archive/5fs_no_konect_ns.json,3,0.32970547676086426,0.0,1
sum,prgpt:infomap-L:3-r:1-agg:sum-gpu-feat:dataset,dyn_flickr,999:10,gpu,0,dataset,False,,cn69,prgpt:infomap,,smart,1.3336175470612943e-05,0.0,,,1,,experiment|prgpt:infomap-L:3-r:1-agg:sum-gpu-feat:dataset|prgpt:infomap|smart|None|3|1|sum|gpu|dataset|None|None|dyn_flickr|False|999:10,results/archive/5fs_no_konect_ns.json,3,65.658447265625,0.0,1
sum,prgpt:infomap-L:3-r:1-agg:sum-gpu-feat:dataset,dyn_nell,999:10,gpu,0,dataset,False,,cn69,prgpt:infomap,,smart,0.05201147496700287,0.0,,,1,,experiment|prgpt:infomap-L:3-r:1-agg:sum-gpu-feat:dataset|prgpt:infomap|smart|None|3|1|sum|gpu|dataset|None|None|dyn_nell|False|999:10,results/archive/5fs_no_konect_ns.json,3,39.454806089401245,0.0,1
sum,prgpt:infomap-L:3-r:1-agg:sum-gpu-feat:dataset,dyn_ogbn-arxiv,999:10,gpu,0,dataset,False,,cn69,prgpt:infomap,,smart,0.0042721242643892765,0.0,,,1,,experiment|prgpt:infomap-L:3-r:1-agg:sum-gpu-feat:dataset|prgpt:infomap|smart|None|3|1|sum|gpu|dataset|None|None|dyn_ogbn-arxiv|False|999:10,results/archive/5fs_no_konect_ns.json,3,276.5338878631592,0.0,1
sum,prgpt:infomap-L:3-r:1-agg:sum-gpu-feat:dataset,dyn_pubmed,999:10,gpu,0,dataset,False,,cn69,prgpt:infomap,,smart,0.44676125049591064,0.0,,,1,,experiment|prgpt:infomap-L:3-r:1-agg:sum-gpu-feat:dataset|prgpt:infomap|smart|None|3|1|sum|gpu|dataset|None|None|dyn_pubmed|False|999:10,results/archive/5fs_no_konect_ns.json,3,0.746058464050293,0.0,1
sum,prgpt:infomap-L:3-r:1-agg:sum-gpu-feat:dataset,dyn_wiki,999:10,gpu,0,dataset,False,,cn69,prgpt:infomap,,smart,0.3303951025009155,0.0,,,1,,experiment|prgpt:infomap-L:3-r:1-agg:sum-gpu-feat:dataset|prgpt:infomap|smart|None|3|1|sum|gpu|dataset|None|None|dyn_wiki|False|999:10,results/archive/5fs_no_konect_ns.json,3,0.6335504055023193,0.0,1
sum,prgpt:infomap-L:3-r:1-agg:sum-gpu-feat:dataset,patent,999:10,gpu,0,dataset,False,,cn69,prgpt:infomap,,smart,0.8566377758979797,0.0,,,1,,experiment|prgpt:infomap-L:3-r:1-agg:sum-gpu-feat:dataset|prgpt:infomap|smart|None|3|1|sum|gpu|dataset|None|None|patent|False|999:10,results/archive/5fs_no_konect_ns.json,3,11.284804821014404,0.0,1
,prgpt:infomap-L:3-r:1-gpu,arxivmath,999:10,gpu,0,,False,,cn69,prgpt:infomap,,smart,0.0697940265138944,0.00015277543783589266,0.14254031767019842,0.00012317232054024694,1,,experiment|prgpt:infomap-L:3-r:1-gpu|prgpt:infomap|smart|None|3|1|None|gpu|None|None|None|arxivmath|False|999:10,results/drobyshev/experiment_20260515_0109.json;results/drobyshev/smart_20260512_1207.json;results/drobyshev/smart_20260513_1026.json,3,11.25467778618137,1.281786790029231,3
,prgpt:infomap-L:3-r:1-gpu,arxivmath,999:10,gpu,0,,True,,cn69,prgpt:infomap,,smart,0.06537772715091705,0.0,0.14292530114944565,0.0,1,,experiment|prgpt:infomap-L:3-r:1-gpu|prgpt:infomap|smart|None|3|1|None|gpu|None|None|None|arxivmath|True|999:10,results/drobyshev/smart_20260519_0124.json,3,13.415146086364985,0.0,1
,prgpt:infomap-L:3-r:1-gpu,dyn_acm,999:10,gpu,0,,False,,cn69,prgpt:infomap,,smart,0.6267932832241059,0.1012270814518058,0.2283153129524539,0.0,1,,experiment|prgpt:infomap-L:3-r:1-gpu|prgpt:infomap|smart|None|3|1|None|gpu|None|None|None|dyn_acm|False|999:10,results/archive/12s_5small_999:10.json;results/drobyshev/experiment_20260515_0109.json;results/drobyshev/smart_20260512_1207.json;results/drobyshev/smart_20260513_1026.json;results/drobyshev/smart_20260519_0124.json,3,1.1924596592783927,0.022860674270870854,5
,prgpt:infomap-L:3-r:1-gpu,dyn_bat,999:10,gpu,0,,False,,cn69,prgpt:infomap,,smart,0.28114455938339233,0.0,,,1,,experiment|prgpt:infomap-L:3-r:1-gpu|prgpt:infomap|smart|None|3|1|None|gpu|None|None|None|dyn_bat|False|999:10,results/archive/12s_5small_999:10.json,3,0.13121819496154785,0.0,1
,prgpt:infomap-L:3-r:1-gpu,dyn_blogcatalog,999:10,gpu,0,,False,,dev_256g,prgpt:infomap,,smart,0.05575087293982506,0.0,,,1,,experiment|prgpt:infomap-L:3-r:1-gpu|prgpt:infomap|smart|None|3|1|None|gpu|None|None|None|dyn_blogcatalog|False|999:10,results/archive/5s_5-6d_b999:10.json,3,130.42854046821594,0.0,1
,prgpt:infomap-L:3-r:1-gpu,dyn_citeseer,999:10,gpu,0,,False,,cn69,prgpt:infomap,,smart,0.833000898361206,0.016229643445499355,0.3265064998550159,0.0,1,,experiment|prgpt:infomap-L:3-r:1-gpu|prgpt:infomap|smart|None|3|1|None|gpu|None|None|None|dyn_citeseer|False|999:10,results/archive/12s_5small_999:10.json;results/drobyshev/experiment_20260515_0109.json;results/drobyshev/smart_20260512_1207.json;results/drobyshev/smart_20260513_1026.json;results/drobyshev/smart_20260519_0124.json,3,0.4692276202142239,0.16220773471208436,5
,prgpt:infomap-L:3-r:1-gpu,dyn_coauthorcs,999:10,gpu,0,,False,,dev_256g,prgpt:infomap,,smart,0.05633305758237839,0.0,,,1,,experiment|prgpt:infomap-L:3-r:1-gpu|prgpt:infomap|smart|None|3|1|None|gpu|None|None|None|dyn_coauthorcs|False|999:10,results/archive/5s_5-6d_b999:10.json,3,4.213472604751587,0.0,1
,prgpt:infomap-L:3-r:1-gpu,dyn_cora,999:10,gpu,0,,False,,cn69,prgpt:infomap,,smart,0.7494595885276795,0.016393497923592636,0.4318352487058018,0.0,1,,experiment|prgpt:infomap-L:3-r:1-gpu|prgpt:infomap|smart|None|3|1|None|gpu|None|None|None|dyn_cora|False|999:10,results/archive/12s_5small_999:10.json;results/drobyshev/experiment_20260515_0109.json;results/drobyshev/smart_20260512_1207.json;results/drobyshev/smart_20260513_1026.json;results/drobyshev/smart_20260519_0124.json,3,0.4570253610610962,0.11736421714146714,5
,prgpt:infomap-L:3-r:1-gpu,dyn_dblp,999:10,gpu,0,,False,,cn69,prgpt:infomap,,smart,0.8058763742446899,0.0,,,1,,experiment|prgpt:infomap-L:3-r:1-gpu|prgpt:infomap|smart|None|3|1|None|gpu|None|None|None|dyn_dblp|False|999:10,results/archive/12s_5small_999:10.json,3,0.4017326831817627,0.0,1
,prgpt:infomap-L:3-r:1-gpu,dyn_pubmed,999:10,gpu,0,,False,,cn69;dev_256g,prgpt:infomap,,smart,0.1004535648971796,0.020918186753988266,0.07055776684527705,0.0,1,,experiment|prgpt:infomap-L:3-r:1-gpu|prgpt:infomap|smart|None|3|1|None|gpu|None|None|None|dyn_pubmed|False|999:10,results/archive/5s_5-6d_b999:10.json;results/drobyshev/experiment_20260515_0109.json;results/drobyshev/smart_20260512_1207.json;results/drobyshev/smart_20260513_1026.json,3,1.2697321195155382,0.8211423455340102,4
,prgpt:infomap-L:3-r:1-gpu,dyn_pubmed,999:10,gpu,0,,True,,cn69,prgpt:infomap,,smart,0.0874381810426712,0.0,0.038568818774775,0.0,1,,experiment|prgpt:infomap-L:3-r:1-gpu|prgpt:infomap|smart|None|3|1|None|gpu|None|None|None|dyn_pubmed|True|999:10,results/drobyshev/smart_20260519_0124.json,3,1.0739630460739136,0.0,1
,prgpt:infomap-L:3-r:1-gpu,dyn_wikics,999:10,gpu,0,,False,,dev_256g,prgpt:infomap,,smart,0.000545892515219748,0.0,,,1,,experiment|prgpt:infomap-L:3-r:1-gpu|prgpt:infomap|smart|None|3|1|None|gpu|None|None|None|dyn_wikics|False|999:10,results/archive/5s_5-6d_b999:10.json,3,163.32016897201538,0.0,1
,prgpt:infomap-L:3-r:1-gpu,dyn_wiki,999:10,gpu,0,,False,,dev_256g,prgpt:infomap,,smart,0.2138732224702835,0.0,,,1,,experiment|prgpt:infomap-L:3-r:1-gpu|prgpt:infomap|smart|None|3|1|None|gpu|None|None|None|dyn_wiki|False|999:10,results/archive/5s_5-6d_b999:10.json,3,0.8330090045928955,0.0,1
,prgpt:infomap-L:3-r:1-gpu,lkml-reply,999:10,gpu,0,,False,,cn69,prgpt:infomap,,smart,0.013314126059412956,0.0,,,1,,experiment|prgpt:infomap-L:3-r:1-gpu|prgpt:infomap|smart|None|3|1|None|gpu|None|None|None|lkml-reply|False|999:10,results/drobyshev/experiment_20260515_0109.json;results/drobyshev/smart_20260512_1207.json;results/drobyshev/smart_20260513_1026.json,3,123.46743733808398,0.8580239790012691,3
,prgpt:infomap-L:3-r:1-gpu,patent,999:10,gpu,0,,False,,cn69,prgpt:infomap,,smart,0.8566377758979797,0.0,0.36161163555581927,0.0,1,,experiment|prgpt:infomap-L:3-r:1-gpu|prgpt:infomap|smart|None|3|1|None|gpu|None|None|None|patent|False|999:10,results/drobyshev/experiment_20260515_0109.json;results/drobyshev/smart_20260512_1207.json;results/drobyshev/smart_20260513_1026.json,3,12.328529611229897,0.49066297223748706,3
,prgpt:infomap-L:3-r:1-gpu,patent,999:10,gpu,0,,True,,cn69,prgpt:infomap,,smart,0.8563077449798584,0.0,0.36734168243383764,0.0,1,,experiment|prgpt:infomap-L:3-r:1-gpu|prgpt:infomap|smart|None|3|1|None|gpu|None|None|None|patent|True|999:10,results/drobyshev/smart_20260519_0124.json,3,12.403647795319557,0.0,1
,prgpt:infomap-L:4-r:0-gpu,arxivmath,999:10,gpu,0,,False,,cn69,prgpt:infomap,,smart,0.114203080534935,0.0,0.1634632666352003,0.0,0,,experiment|prgpt:infomap-L:4-r:0-gpu|prgpt:infomap|smart|None|4|0|None|gpu|None|None|None|arxivmath|False|999:10,results/drobyshev/experiment_20260515_0109.json,4,1.1488446705043316,0.0,1
,prgpt:infomap-L:4-r:0-gpu,dyn_acm,999:10,gpu,0,,False,,cn69,prgpt:infomap,,smart,0.7948246002197266,0.0,0.2500520750358012,0.0,0,,experiment|prgpt:infomap-L:4-r:0-gpu|prgpt:infomap|smart|None|4|0|None|gpu|None|None|None|dyn_acm|False|999:10,results/drobyshev/experiment_20260515_0109.json,4,0.4672178030014038,0.0,1
,prgpt:infomap-L:4-r:0-gpu,dyn_citeseer,999:10,gpu,0,,False,,cn69,prgpt:infomap,,smart,0.8696209788322449,0.0,0.3326000227533278,0.0,0,,experiment|prgpt:infomap-L:4-r:0-gpu|prgpt:infomap|smart|None|4|0|None|gpu|None|None|None|dyn_citeseer|False|999:10,results/drobyshev/experiment_20260515_0109.json,4,0.35220230370759964,0.0,1
,prgpt:infomap-L:4-r:0-gpu,dyn_cora,999:10,gpu,0,,False,,cn69,prgpt:infomap,,smart,0.8143243193626404,0.0,0.45052254405029957,0.0,0,,experiment|prgpt:infomap-L:4-r:0-gpu|prgpt:infomap|smart|None|4|0|None|gpu|None|None|None|dyn_cora|False|999:10,results/drobyshev/experiment_20260515_0109.json,4,0.4040781073272228,0.0,1
,prgpt:infomap-L:4-r:0-gpu,dyn_pubmed,999:10,gpu,0,,False,,cn69,prgpt:infomap,,smart,0.1661781668663025,0.0,0.05661528535221878,0.0,0,,experiment|prgpt:infomap-L:4-r:0-gpu|prgpt:infomap|smart|None|4|0|None|gpu|None|None|None|dyn_pubmed|False|999:10,results/drobyshev/experiment_20260515_0109.json,4,0.49329978600144386,0.0,1
,prgpt:infomap-L:4-r:0-gpu,lkml-reply,999:10,gpu,0,,False,,cn69,prgpt:infomap,,smart,0.013824239373207092,0.0,,,0,,experiment|prgpt:infomap-L:4-r:0-gpu|prgpt:infomap|smart|None|4|0|None|gpu|None|None|None|lkml-reply|False|999:10,results/drobyshev/experiment_20260515_0109.json,4,1.7869632504880428,0.0,1
,prgpt:infomap-L:4-r:0-gpu,patent,999:10,gpu,0,,False,,cn69,prgpt:infomap,,smart,0.8566550016403198,0.0,0.3616530692605933,0.0,0,,experiment|prgpt:infomap-L:4-r:0-gpu|prgpt:infomap|smart|None|4|0|None|gpu|None|None|None|patent|False|999:10,results/drobyshev/experiment_20260515_0109.json,4,0.4859209731221199,0.0,1
,prgpt:infomap-L:4-r:1-gpu,arxivmath,999:10,gpu,0,,False,,cn69,prgpt:infomap,,smart,0.06397219002246857,0.0,0.13950290204818075,0.0,1,,experiment|prgpt:infomap-L:4-r:1-gpu|prgpt:infomap|smart|None|4|1|None|gpu|None|None|None|arxivmath|False|999:10,results/drobyshev/experiment_20260515_0109.json,4,14.153429288417101,0.0,1
,prgpt:infomap-L:4-r:1-gpu,dyn_acm,999:10,gpu,0,,False,,cn69,prgpt:infomap,,smart,0.7507413625717163,0.0,0.24516017803382387,0.0,1,,experiment|prgpt:infomap-L:4-r:1-gpu|prgpt:infomap|smart|None|4|1|None|gpu|None|None|None|dyn_acm|False|999:10,results/drobyshev/experiment_20260515_0109.json,4,1.5865105986595154,0.0,1
,prgpt:infomap-L:4-r:1-gpu,dyn_citeseer,999:10,gpu,0,,False,,cn69,prgpt:infomap,,smart,0.8247902393341064,0.0,0.3250674387656169,0.0,1,,experiment|prgpt:infomap-L:4-r:1-gpu|prgpt:infomap|smart|None|4|1|None|gpu|None|None|None|dyn_citeseer|False|999:10,results/drobyshev/experiment_20260515_0109.json,4,0.4890981838107109,0.0,1
,prgpt:infomap-L:4-r:1-gpu,dyn_cora,999:10,gpu,0,,False,,cn69,prgpt:infomap,,smart,0.7932634949684143,0.0,0.446471687928963,0.0,1,,experiment|prgpt:infomap-L:4-r:1-gpu|prgpt:infomap|smart|None|4|1|None|gpu|None|None|None|dyn_cora|False|999:10,results/drobyshev/experiment_20260515_0109.json,4,0.44861748814582825,0.0,1
,prgpt:infomap-L:4-r:1-gpu,dyn_pubmed,999:10,gpu,0,,False,,cn69,prgpt:infomap,,smart,0.094181589782238,0.0,0.06708341583457043,0.0,1,,experiment|prgpt:infomap-L:4-r:1-gpu|prgpt:infomap|smart|None|4|1|None|gpu|None|None|None|dyn_pubmed|False|999:10,results/drobyshev/experiment_20260515_0109.json,4,1.1767747290432453,0.0,1
,prgpt:infomap-L:4-r:1-gpu,lkml-reply,999:10,gpu,0,,False,,cn69,prgpt:infomap,,smart,0.013702964410185814,0.0,,,1,,experiment|prgpt:infomap-L:4-r:1-gpu|prgpt:infomap|smart|None|4|1|None|gpu|None|None|None|lkml-reply|False|999:10,results/drobyshev/experiment_20260515_0109.json,4,163.08389295265079,0.0,1
,prgpt:infomap-L:4-r:1-gpu,patent,999:10,gpu,0,,False,,cn69,prgpt:infomap,,smart,0.8566377758979797,0.0,0.36161163555581927,0.0,1,,experiment|prgpt:infomap-L:4-r:1-gpu|prgpt:infomap|smart|None|4|1|None|gpu|None|None|None|patent|False|999:10,results/drobyshev/experiment_20260515_0109.json,4,15.8498538993299,0.0,1
,prgpt:infomap-naive-feat:dataset,arxivcs,999:10,,0,dataset,False,,cn69,prgpt:infomap,,naive,0.5735324025154114,0.0,,,,,experiment|prgpt:infomap-naive-feat:dataset|prgpt:infomap|naive|None|None|None|None|None|dataset|None|None|arxivcs|False|999:10,results/archive/5fs_no_konect_ns.json,,380.307080745697,0.0,1
,prgpt:infomap-naive-feat:dataset,arxivlarge,999:10,,0,dataset,False,,cn69,prgpt:infomap,,naive,0.4496987462043762,0.0,,,,,experiment|prgpt:infomap-naive-feat:dataset|prgpt:infomap|naive|None|None|None|None|None|dataset|None|None|arxivlarge|False|999:10,results/archive/5fs_no_konect_ns.json,,7318.9821264743805,0.0,1
,prgpt:infomap-naive-feat:dataset,arxivmath,999:10,,0,dataset,False,,cn69,prgpt:infomap,,naive,0.47101444005966187,0.0,,,,,experiment|prgpt:infomap-naive-feat:dataset|prgpt:infomap|naive|None|None|None|None|None|dataset|None|None|arxivmath|False|999:10,results/archive/5fs_no_konect_ns.json,,501.5611515045166,0.0,1
,prgpt:infomap-naive-feat:dataset,arxivphy,999:10,,0,dataset,False,,cn69,prgpt:infomap,,naive,0.35282960534095764,0.0,,,,,experiment|prgpt:infomap-naive-feat:dataset|prgpt:infomap|naive|None|None|None|None|None|dataset|None|None|arxivphy|False|999:10,results/archive/5fs_no_konect_ns.json,,5451.07827091217,0.0,1
,prgpt:infomap-naive-feat:dataset,dblp-tgc,999:10,,0,dataset,False,,cn69,prgpt:infomap,,naive,0.6787264943122864,0.0,,,,,experiment|prgpt:infomap-naive-feat:dataset|prgpt:infomap|naive|None|None|None|None|None|dataset|None|None|dblp-tgc|False|999:10,results/archive/5fs_no_konect_ns.json,,71.44156193733215,0.0,1
,prgpt:infomap-naive-feat:dataset,dyn_acm,999:10,,0,dataset,False,,cn69,prgpt:infomap,,naive,0.6964186429977417,0.0,,,,,experiment|prgpt:infomap-naive-feat:dataset|prgpt:infomap|naive|None|None|None|None|None|dataset|None|None|dyn_acm|False|999:10,results/archive/5fs_no_konect_ns.json,,5.332110166549683,0.0,1
,prgpt:infomap-naive-feat:dataset,dyn_bat,999:10,,0,dataset,False,,cn69,prgpt:infomap,,naive,0.06871228665113449,0.0,,,,,experiment|prgpt:infomap-naive-feat:dataset|prgpt:infomap|naive|None|None|None|None|None|dataset|None|None|dyn_bat|False|999:10,results/archive/5fs_no_konect_ns.json,,0.09504938125610352,0.0,1
,prgpt:infomap-naive-feat:dataset,dyn_citeseer,999:10,,0,dataset,False,,cn69,prgpt:infomap,,naive,0.8662662506103516,0.0,,,,,experiment|prgpt:infomap-naive-feat:dataset|prgpt:infomap|naive|None|None|None|None|None|dataset|None|None|dyn_citeseer|False|999:10,results/archive/5fs_no_konect_ns.json,,2.2898476123809814,0.0,1
,prgpt:infomap-naive-feat:dataset,dyn_coauthorcs,999:10,,0,dataset,False,,cn69,prgpt:infomap,,naive,0.713807225227356,0.0,,,,,experiment|prgpt:infomap-naive-feat:dataset|prgpt:infomap|naive|None|None|None|None|None|dataset|None|None|dyn_coauthorcs|False|999:10,results/archive/5fs_no_konect_ns.json,,41.20939636230469,0.0,1
,prgpt:infomap-naive-feat:dataset,dyn_coauthorphysics,999:10,,0,dataset,False,,cn69,prgpt:infomap,,naive,0.49207010865211487,0.0,,,,,experiment|prgpt:infomap-naive-feat:dataset|prgpt:infomap|naive|None|None|None|None|None|dataset|None|None|dyn_coauthorphysics|False|999:10,results/archive/5fs_no_konect_ns.json,,118.57822179794312,0.0,1
,prgpt:infomap-naive-feat:dataset,dyn_cora,999:10,,0,dataset,False,,cn69,prgpt:infomap,,naive,0.7965573072433472,0.0,,,,,experiment|prgpt:infomap-naive-feat:dataset|prgpt:infomap|naive|None|None|None|None|None|dataset|None|None|dyn_cora|False|999:10,results/archive/5fs_no_konect_ns.json,,2.9790914058685303,0.0,1
,prgpt:infomap-naive-feat:dataset,dyn_flickr,999:10,,0,dataset,False,,cn69,prgpt:infomap,,naive,0.37589165568351746,0.0,,,,,experiment|prgpt:infomap-naive-feat:dataset|prgpt:infomap|naive|None|None|None|None|None|dataset|None|None|dyn_flickr|False|999:10,results/archive/5fs_no_konect_ns.json,,268.64834427833557,0.0,1
,prgpt:infomap-naive-feat:dataset,dyn_nell,999:10,,0,dataset,False,,cn69,prgpt:infomap,,naive,0.07944181561470032,0.0,,,,,experiment|prgpt:infomap-naive-feat:dataset|prgpt:infomap|naive|None|None|None|None|None|dataset|None|None|dyn_nell|False|999:10,results/archive/5fs_no_konect_ns.json,,52.509602785110474,0.0,1
,prgpt:infomap-naive-feat:dataset,dyn_ogbn-arxiv,999:10,,0,dataset,False,,cn69,prgpt:infomap,,naive,0.5735324025154114,0.0,,,,,experiment|prgpt:infomap-naive-feat:dataset|prgpt:infomap|naive|None|None|None|None|None|dataset|None|None|dyn_ogbn-arxiv|False|999:10,results/archive/5fs_no_konect_ns.json,,375.0237650871277,0.0,1
,prgpt:infomap-naive-feat:dataset,dyn_pubmed,999:10,,0,dataset,False,,cn69,prgpt:infomap,,naive,0.5298202037811279,0.0,,,,,experiment|prgpt:infomap-naive-feat:dataset|prgpt:infomap|naive|None|None|None|None|None|dataset|None|None|dyn_pubmed|False|999:10,results/archive/5fs_no_konect_ns.json,,15.100442886352539,0.0,1
,prgpt:infomap-naive-feat:dataset,dyn_wiki,999:10,,0,dataset,False,,cn69,prgpt:infomap,,naive,0.6012165546417236,0.0,,,,,experiment|prgpt:infomap-naive-feat:dataset|prgpt:infomap|naive|None|None|None|None|None|dataset|None|None|dyn_wiki|False|999:10,results/archive/5fs_no_konect_ns.json,,4.3668599128723145,0.0,1
,prgpt:infomap-naive-feat:dataset,patent,999:10,,0,dataset,False,,cn69,prgpt:infomap,,naive,0.48975276947021484,0.0,,,,,experiment|prgpt:infomap-naive-feat:dataset|prgpt:infomap|naive|None|None|None|None|None|dataset|None|None|patent|False|999:10,results/archive/5fs_no_konect_ns.json,,15.140419483184814,0.0,1
,prgpt:infomap-naive,arxivmath,999:10,,0,,True,,cn69,prgpt:infomap,,naive,0.5469465851783752,0.0,0.27126695130286416,0.0,,,experiment|prgpt:infomap-naive|prgpt:infomap|naive|None|None|None|None|None|None|None|None|arxivmath|True|999:10,results/drobyshev/naive_20260519_0254.json,,533.3432750366628,0.0,1
,prgpt:infomap-naive,dyn_acm,999:10,,0,,False,,cn69,prgpt:infomap,,naive,0.6964186628659567,3.4412757706023796e-08,0.30065495929581487,0.0,,,experiment|prgpt:infomap-naive|prgpt:infomap|naive|None|None|None|None|None|None|None|None|dyn_acm|False|999:10,results/archive/12s_5small_999:10.json;results/drobyshev/naive_20260512_1206.json;results/drobyshev/naive_20260519_0254.json,,5.366719696670771,0.23941973723696552,3
,prgpt:infomap-naive,dyn_bat,999:10,,0,,False,,cn69,prgpt:infomap,,naive,0.06871228665113449,0.0,,,,,experiment|prgpt:infomap-naive|prgpt:infomap|naive|None|None|None|None|None|None|None|None|dyn_bat|False|999:10,results/archive/12s_5small_999:10.json,,0.2852358818054199,0.0,1
,prgpt:infomap-naive,dyn_citeseer,999:10,,0,,False,,cn69,prgpt:infomap,,naive,0.8470396002133688,0.016648961003689726,0.3451939598844023,0.0,,,experiment|prgpt:infomap-naive|prgpt:infomap|naive|None|None|None|None|None|None|None|None|dyn_citeseer|False|999:10,results/archive/12s_5small_999:10.json;results/drobyshev/naive_20260512_1206.json;results/drobyshev/naive_20260519_0254.json,,3.3078784247239432,1.9586767125736575,3
,prgpt:infomap-naive,dyn_cora,999:10,,0,,False,,cn69,prgpt:infomap,,naive,0.7965579032897949,1.032382731180714e-06,0.4508856178221489,0.0,,,experiment|prgpt:infomap-naive|prgpt:infomap|naive|None|None|None|None|None|None|None|None|dyn_cora|False|999:10,results/archive/12s_5small_999:10.json;results/drobyshev/naive_20260512_1206.json;results/drobyshev/naive_20260519_0254.json,,4.480019258956115,2.9769925503328936,3
,prgpt:infomap-naive,dyn_dblp,999:10,,0,,False,,cn69,prgpt:infomap,,naive,0.8277085423469543,0.0,,,,,experiment|prgpt:infomap-naive|prgpt:infomap|naive|None|None|None|None|None|None|None|None|dyn_dblp|False|999:10,results/archive/12s_5small_999:10.json,,3.0704479217529297,0.0,1
,prgpt:infomap-naive,dyn_pubmed,999:10,,0,,False,,cn69,prgpt:infomap,,naive,0.5298202037811279,0.0,0.19137317297781298,0.0,,,experiment|prgpt:infomap-naive|prgpt:infomap|naive|None|None|None|None|None|None|None|None|dyn_pubmed|False|999:10,results/drobyshev/naive_20260512_1206.json,,15.003843702375889,0.0,1
,prgpt:infomap-naive,dyn_pubmed,999:10,,0,,True,,cn69,prgpt:infomap,,naive,0.730078399181366,0.0,0.22740752449835508,0.0,,,experiment|prgpt:infomap-naive|prgpt:infomap|naive|None|None|None|None|None|None|None|None|dyn_pubmed|True|999:10,results/drobyshev/naive_20260519_0254.json,,25.392756778746843,0.0,1
,prgpt:infomap-naive,lkml-reply,999:10,,0,,False,,cn69,prgpt:infomap,,naive,0.035339076071977615,0.0,,,,,experiment|prgpt:infomap-naive|prgpt:infomap|naive|None|None|None|None|None|None|None|None|lkml-reply|False|999:10,results/drobyshev/naive_20260512_1206.json,,70.99287416785955,0.0,1
,prgpt:infomap-naive,patent,999:10,,0,,False,,cn69,prgpt:infomap,,naive,0.48975276947021484,0.0,0.3510729670539258,0.0,,,experiment|prgpt:infomap-naive|prgpt:infomap|naive|None|None|None|None|None|None|None|None|patent|False|999:10,results/drobyshev/naive_20260512_1206.json,,14.86800154671073,0.0,1
,prgpt:infomap-naive,patent,999:10,,0,,True,,cn69,prgpt:infomap,,naive,0.639391303062439,0.0,0.3767623076081366,0.0,,,experiment|prgpt:infomap-naive|prgpt:infomap|naive|None|None|None|None|None|None|None|None|patent|True|999:10,results/drobyshev/naive_20260519_0254.json,,16.52932671457529,0.0,1
,prgpt:infomap-raw,dyn_blogcatalog,999:10,,0,,False,,dev_256g,prgpt:infomap,,raw,0.32724711298942566,0.0,,,,,experiment|prgpt:infomap-raw|prgpt:infomap|raw|None|None|None|None|None|None|None|None|dyn_blogcatalog|False|999:10,results/archive/5s_5-6d_b999:10.json,,64.08367347717285,0.0,1
,prgpt:infomap-raw,dyn_coauthorcs,999:10,,0,,False,,dev_256g,prgpt:infomap,,raw,0.713807225227356,0.0,,,,,experiment|prgpt:infomap-raw|prgpt:infomap|raw|None|None|None|None|None|None|None|None|dyn_coauthorcs|False|999:10,results/archive/5s_5-6d_b999:10.json,,41.305402994155884,0.0,1
,prgpt:infomap-raw,dyn_pubmed,999:10,,0,,False,,dev_256g,prgpt:infomap,,raw,0.5298212766647339,0.0,,,,,experiment|prgpt:infomap-raw|prgpt:infomap|raw|None|None|None|None|None|None|None|None|dyn_pubmed|False|999:10,results/archive/5s_5-6d_b999:10.json,,15.005394458770752,0.0,1
,prgpt:infomap-raw,dyn_wikics,999:10,,0,,False,,dev_256g,prgpt:infomap,,raw,0.11903054267168045,0.0,,,,,experiment|prgpt:infomap-raw|prgpt:infomap|raw|None|None|None|None|None|None|None|None|dyn_wikics|False|999:10,results/archive/5s_5-6d_b999:10.json,,76.77715516090393,0.0,1
,prgpt:infomap-raw,dyn_wiki,999:10,,0,,False,,dev_256g,prgpt:infomap,,raw,0.6012173295021057,0.0,,,,,experiment|prgpt:infomap-raw|prgpt:infomap|raw|None|None|None|None|None|None|None|None|dyn_wiki|False|999:10,results/archive/5s_5-6d_b999:10.json,,4.370310306549072,0.0,1
,prgpt:locale-L:1-r:0-gpu,arxivmath,999:10,gpu,0,,False,,cn69,prgpt:locale,,smart,0.7640705704689026,0.0,0.2729788259169136,0.0,0,,experiment|prgpt:locale-L:1-r:0-gpu|prgpt:locale|smart|None|1|0|None|gpu|None|None|None|arxivmath|False|999:10,results/drobyshev/experiment_20260515_0109.json,1,0.3697316162288189,0.0,1
,prgpt:locale-L:1-r:0-gpu,dyn_acm,999:10,gpu,0,,False,,cn69,prgpt:locale,,smart,0.8191356658935547,0.0,0.2656094248915344,0.0,0,,experiment|prgpt:locale-L:1-r:0-gpu|prgpt:locale|smart|None|1|0|None|gpu|None|None|None|dyn_acm|False|999:10,results/drobyshev/experiment_20260515_0109.json,1,0.12160482257604599,0.0,1
,prgpt:locale-L:1-r:0-gpu,dyn_citeseer,999:10,gpu,0,,False,,cn69,prgpt:locale,,smart,0.8765639662742615,0.0,0.3331268805811551,0.0,0,,experiment|prgpt:locale-L:1-r:0-gpu|prgpt:locale|smart|None|1|0|None|gpu|None|None|None|dyn_citeseer|False|999:10,results/drobyshev/experiment_20260515_0109.json,1,0.09362471103668213,0.0,1
,prgpt:locale-L:1-r:0-gpu,dyn_cora,999:10,gpu,0,,False,,cn69,prgpt:locale,,smart,0.810627818107605,0.0,0.4528629024292515,0.0,0,,experiment|prgpt:locale-L:1-r:0-gpu|prgpt:locale|smart|None|1|0|None|gpu|None|None|None|dyn_cora|False|999:10,results/drobyshev/experiment_20260515_0109.json,1,0.1067613735795021,0.0,1
,prgpt:locale-L:1-r:0-gpu,dyn_pubmed,999:10,gpu,0,,False,,cn69,prgpt:locale,,smart,0.6662113070487976,0.0,0.1984945961709604,0.0,0,,experiment|prgpt:locale-L:1-r:0-gpu|prgpt:locale|smart|None|1|0|None|gpu|None|None|None|dyn_pubmed|False|999:10,results/drobyshev/experiment_20260515_0109.json,1,0.1346105970442295,0.0,1
,prgpt:locale-L:1-r:0-gpu,lkml-reply,999:10,gpu,0,,False,,cn69,prgpt:locale,,smart,0.035151150077581406,0.0,,,0,,experiment|prgpt:locale-L:1-r:0-gpu|prgpt:locale|smart|None|1|0|None|gpu|None|None|None|lkml-reply|False|999:10,results/drobyshev/experiment_20260515_0109.json,1,0.9305302314460278,0.0,1
,prgpt:locale-L:1-r:0-gpu,patent,999:10,gpu,0,,False,,cn69,prgpt:locale,,smart,0.8326395153999329,0.0,0.36075625483562407,0.0,0,,experiment|prgpt:locale-L:1-r:0-gpu|prgpt:locale|smart|None|1|0|None|gpu|None|None|None|patent|False|999:10,results/drobyshev/experiment_20260515_0109.json,1,0.13113687932491302,0.0,1
,prgpt:locale-L:1-r:1-gpu,arxivmath,999:10,gpu,0,,False,,cn69,prgpt:locale,,smart,0.05952036380767822,0.0,0.13759183928456506,0.0,1,,experiment|prgpt:locale-L:1-r:1-gpu|prgpt:locale|smart|None|1|1|None|gpu|None|None|None|arxivmath|False|999:10,results/drobyshev/experiment_20260515_0109.json,1,4.3785141333937645,0.0,1
,prgpt:locale-L:1-r:1-gpu,dyn_acm,999:10,gpu,0,,False,,cn69,prgpt:locale,,smart,0.5758436918258667,0.0,0.21918458983513467,0.0,1,,experiment|prgpt:locale-L:1-r:1-gpu|prgpt:locale|smart|None|1|1|None|gpu|None|None|None|dyn_acm|False|999:10,results/drobyshev/experiment_20260515_0109.json,1,0.41855116561055183,0.0,1
,prgpt:locale-L:1-r:1-gpu,dyn_citeseer,999:10,gpu,0,,False,,cn69,prgpt:locale,,smart,0.823574423789978,0.0,0.3269524974530569,0.0,1,,experiment|prgpt:locale-L:1-r:1-gpu|prgpt:locale|smart|None|1|1|None|gpu|None|None|None|dyn_citeseer|False|999:10,results/drobyshev/experiment_20260515_0109.json,1,0.13987277820706367,0.0,1
,prgpt:locale-L:1-r:1-gpu,dyn_cora,999:10,gpu,0,,False,,cn69,prgpt:locale,,smart,0.6953667998313904,0.0,0.39019927100332047,0.0,1,,experiment|prgpt:locale-L:1-r:1-gpu|prgpt:locale|smart|None|1|1|None|gpu|None|None|None|dyn_cora|False|999:10,results/drobyshev/experiment_20260515_0109.json,1,0.1331724300980568,0.0,1
,prgpt:locale-L:1-r:1-gpu,dyn_pubmed,999:10,gpu,0,,False,,cn69,prgpt:locale,,smart,0.07796700298786163,0.0,0.0505991232878579,0.0,1,,experiment|prgpt:locale-L:1-r:1-gpu|prgpt:locale|smart|None|1|1|None|gpu|None|None|None|dyn_pubmed|False|999:10,results/drobyshev/experiment_20260515_0109.json,1,0.32340792194008827,0.0,1
,prgpt:locale-L:1-r:1-gpu,lkml-reply,999:10,gpu,0,,False,,cn69,prgpt:locale,,smart,0.23506459593772888,0.0,,,1,,experiment|prgpt:locale-L:1-r:1-gpu|prgpt:locale|smart|None|1|1|None|gpu|None|None|None|lkml-reply|False|999:10,results/drobyshev/experiment_20260515_0109.json,1,48.587274212390184,0.0,1
,prgpt:locale-L:1-r:1-gpu,patent,999:10,gpu,0,,False,,cn69,prgpt:locale,,smart,0.7835524082183838,0.0,0.35918301309777223,0.0,1,,experiment|prgpt:locale-L:1-r:1-gpu|prgpt:locale|smart|None|1|1|None|gpu|None|None|None|patent|False|999:10,results/drobyshev/experiment_20260515_0109.json,1,4.1319141164422035,0.0,1
,prgpt:locale-L:2-r:0-gpu,arxivmath,999:10,gpu,0,,False,,cn69,prgpt:locale,,smart,0.7514004707336426,0.0,0.2511837429210137,0.0,0,,experiment|prgpt:locale-L:2-r:0-gpu|prgpt:locale|smart|None|2|0|None|gpu|None|None|None|arxivmath|False|999:10,results/drobyshev/experiment_20260515_0109.json,2,0.675261065363884,0.0,1
,prgpt:locale-L:2-r:0-gpu,dyn_acm,999:10,gpu,0,,False,,cn69,prgpt:locale,,smart,0.8234330415725708,0.0,0.26762948481212295,0.0,0,,experiment|prgpt:locale-L:2-r:0-gpu|prgpt:locale|smart|None|2|0|None|gpu|None|None|None|dyn_acm|False|999:10,results/drobyshev/experiment_20260515_0109.json,2,0.22367282211780548,0.0,1
,prgpt:locale-L:2-r:0-gpu,dyn_citeseer,999:10,gpu,0,,False,,cn69,prgpt:locale,,smart,0.8720460534095764,0.0,0.3294919225004715,0.0,0,,experiment|prgpt:locale-L:2-r:0-gpu|prgpt:locale|smart|None|2|0|None|gpu|None|None|None|dyn_citeseer|False|999:10,results/drobyshev/experiment_20260515_0109.json,2,0.16433532163500786,0.0,1
,prgpt:locale-L:2-r:0-gpu,dyn_cora,999:10,gpu,0,,False,,cn69,prgpt:locale,,smart,0.8094463348388672,0.0,0.4565556561106917,0.0,0,,experiment|prgpt:locale-L:2-r:0-gpu|prgpt:locale|smart|None|2|0|None|gpu|None|None|None|dyn_cora|False|999:10,results/drobyshev/experiment_20260515_0109.json,2,0.19946054741740227,0.0,1
,prgpt:locale-L:2-r:0-gpu,dyn_pubmed,999:10,gpu,0,,False,,cn69,prgpt:locale,,smart,0.7215001583099365,0.0,0.22338062738303754,0.0,0,,experiment|prgpt:locale-L:2-r:0-gpu|prgpt:locale|smart|None|2|0|None|gpu|None|None|None|dyn_pubmed|False|999:10,results/drobyshev/experiment_20260515_0109.json,2,0.24423985555768013,0.0,1
,prgpt:locale-L:2-r:0-gpu,lkml-reply,999:10,gpu,0,,False,,cn69,prgpt:locale,,smart,0.027804763987660408,0.0,,,0,,experiment|prgpt:locale-L:2-r:0-gpu|prgpt:locale|smart|None|2|0|None|gpu|None|None|None|lkml-reply|False|999:10,results/drobyshev/experiment_20260515_0109.json,2,0.9771416522562504,0.0,1
,prgpt:locale-L:2-r:0-gpu,patent,999:10,gpu,0,,False,,cn69,prgpt:locale,,smart,0.8326395153999329,0.0,0.36075625483562407,0.0,0,,experiment|prgpt:locale-L:2-r:0-gpu|prgpt:locale|smart|None|2|0|None|gpu|None|None|None|patent|False|999:10,results/drobyshev/experiment_20260515_0109.json,2,0.24717295542359352,0.0,1
,prgpt:locale-L:2-r:1-gpu,arxivmath,999:10,gpu,0,,False,,cn69,prgpt:locale,,smart,0.06288642436265945,0.0,0.1401027179058474,0.0,1,,experiment|prgpt:locale-L:2-r:1-gpu|prgpt:locale|smart|None|2|1|None|gpu|None|None|None|arxivmath|False|999:10,results/drobyshev/experiment_20260515_0109.json,2,7.284573048353195,0.0,1
,prgpt:locale-L:2-r:1-gpu,dyn_acm,999:10,gpu,0,,False,,cn69,prgpt:locale,,smart,0.6312280893325806,0.0,0.22750092921538811,0.0,1,,experiment|prgpt:locale-L:2-r:1-gpu|prgpt:locale|smart|None|2|1|None|gpu|None|None|None|dyn_acm|False|999:10,results/drobyshev/experiment_20260515_0109.json,2,0.794717587530613,0.0,1
,prgpt:locale-L:2-r:1-gpu,dyn_citeseer,999:10,gpu,0,,False,,cn69,prgpt:locale,,smart,0.7903741598129272,0.0,0.3037711382577403,0.0,1,,experiment|prgpt:locale-L:2-r:1-gpu|prgpt:locale|smart|None|2|1|None|gpu|None|None|None|dyn_citeseer|False|999:10,results/drobyshev/experiment_20260515_0109.json,2,0.2536216266453266,0.0,1
,prgpt:locale-L:2-r:1-gpu,dyn_cora,999:10,gpu,0,,False,,cn69,prgpt:locale,,smart,0.7154408693313599,0.0,0.41270584415367123,0.0,1,,experiment|prgpt:locale-L:2-r:1-gpu|prgpt:locale|smart|None|2|1|None|gpu|None|None|None|dyn_cora|False|999:10,results/drobyshev/experiment_20260515_0109.json,2,0.23333770781755447,0.0,1
,prgpt:locale-L:2-r:1-gpu,dyn_pubmed,999:10,gpu,0,,False,,cn69,prgpt:locale,,smart,0.06554709374904633,0.0,0.050684694336323284,0.0,1,,experiment|prgpt:locale-L:2-r:1-gpu|prgpt:locale|smart|None|2|1|None|gpu|None|None|None|dyn_pubmed|False|999:10,results/drobyshev/experiment_20260515_0109.json,2,0.6016534119844437,0.0,1
,prgpt:locale-L:2-r:1-gpu,lkml-reply,999:10,gpu,0,,False,,cn69,prgpt:locale,,smart,0.010060516186058521,0.0,,,1,,experiment|prgpt:locale-L:2-r:1-gpu|prgpt:locale|smart|None|2|1|None|gpu|None|None|None|lkml-reply|False|999:10,results/drobyshev/experiment_20260515_0109.json,2,93.0224221535027,0.0,1
,prgpt:locale-L:2-r:1-gpu,patent,999:10,gpu,0,,False,,cn69,prgpt:locale,,smart,0.7835524082183838,0.0,0.35918301309777223,0.0,1,,experiment|prgpt:locale-L:2-r:1-gpu|prgpt:locale|smart|None|2|1|None|gpu|None|None|None|patent|False|999:10,results/drobyshev/experiment_20260515_0109.json,2,8.198304545134306,0.0,1
,prgpt:locale-L:3-r:0-gpu,arxivmath,999:10,gpu,0,,False,,cn69,prgpt:locale,,smart,0.7536841630935669,0.0,0.2676967680190665,0.0,0,,experiment|prgpt:locale-L:3-r:0-gpu|prgpt:locale|smart|None|3|0|None|gpu|None|None|None|arxivmath|False|999:10,results/drobyshev/experiment_20260515_0109.json,3,1.0235242247581482,0.0,1
,prgpt:locale-L:3-r:0-gpu,dyn_acm,999:10,gpu,0,,False,,cn69,prgpt:locale,,smart,0.8204944729804993,0.0,0.26872699054807214,0.0,0,,experiment|prgpt:locale-L:3-r:0-gpu|prgpt:locale|smart|None|3|0|None|gpu|None|None|None|dyn_acm|False|999:10,results/drobyshev/experiment_20260515_0109.json,3,0.32224058359861374,0.0,1
,prgpt:locale-L:3-r:0-gpu,dyn_citeseer,999:10,gpu,0,,False,,cn69,prgpt:locale,,smart,0.874468982219696,0.0,0.3310935821555284,0.0,0,,experiment|prgpt:locale-L:3-r:0-gpu|prgpt:locale|smart|None|3|0|None|gpu|None|None|None|dyn_citeseer|False|999:10,results/drobyshev/experiment_20260515_0109.json,3,0.24122298136353493,0.0,1
,prgpt:locale-L:3-r:0-gpu,dyn_cora,999:10,gpu,0,,False,,cn69,prgpt:locale,,smart,0.8202621936798096,0.0,0.46569318580900004,0.0,0,,experiment|prgpt:locale-L:3-r:0-gpu|prgpt:locale|smart|None|3|0|None|gpu|None|None|None|dyn_cora|False|999:10,results/drobyshev/experiment_20260515_0109.json,3,0.2878723591566086,0.0,1
,prgpt:locale-L:3-r:0-gpu,dyn_pubmed,999:10,gpu,0,,False,,cn69,prgpt:locale,,smart,0.7424023747444153,0.0,0.2014350165854411,0.0,0,,experiment|prgpt:locale-L:3-r:0-gpu|prgpt:locale|smart|None|3|0|None|gpu|None|None|None|dyn_pubmed|False|999:10,results/drobyshev/experiment_20260515_0109.json,3,0.3502533733844757,0.0,1
,prgpt:locale-L:3-r:0-gpu,lkml-reply,999:10,gpu,0,,False,,cn69,prgpt:locale,,smart,0.014487183652818203,0.0,,,0,,experiment|prgpt:locale-L:3-r:0-gpu|prgpt:locale|smart|None|3|0|None|gpu|None|None|None|lkml-reply|False|999:10,results/drobyshev/experiment_20260515_0109.json,3,1.4323203712701797,0.0,1
,prgpt:locale-L:3-r:0-gpu,patent,999:10,gpu,0,,False,,cn69,prgpt:locale,,smart,0.8326395153999329,0.0,0.36075625483562407,0.0,0,,experiment|prgpt:locale-L:3-r:0-gpu|prgpt:locale|smart|None|3|0|None|gpu|None|None|None|patent|False|999:10,results/drobyshev/experiment_20260515_0109.json,3,0.3572748377919197,0.0,1
sum,prgpt:locale-L:3-r:1-agg:sum-gpu-feat:dataset,arxivcs,999:10,gpu,0,dataset,False,,cn69,prgpt:locale,,smart,0.014555717818439007,0.0,,,1,,experiment|prgpt:locale-L:3-r:1-agg:sum-gpu-feat:dataset|prgpt:locale|smart|None|3|1|sum|gpu|dataset|None|None|arxivcs|False|999:10,results/archive/5fs_no_konect_ns.json,3,207.597825050354,0.0,1
sum,prgpt:locale-L:3-r:1-agg:sum-gpu-feat:dataset,arxivlarge,999:10,gpu,0,dataset,False,,cn69,prgpt:locale,,smart,0.004849115386605263,0.0,,,1,,experiment|prgpt:locale-L:3-r:1-agg:sum-gpu-feat:dataset|prgpt:locale|smart|None|3|1|sum|gpu|dataset|None|None|arxivlarge|False|999:10,results/archive/5fs_no_konect_ns.json,3,2496.1611592769623,0.0,1
sum,prgpt:locale-L:3-r:1-agg:sum-gpu-feat:dataset,arxivmath,999:10,gpu,0,dataset,False,,cn69,prgpt:locale,,smart,0.05952036380767822,0.0,,,1,,experiment|prgpt:locale-L:3-r:1-agg:sum-gpu-feat:dataset|prgpt:locale|smart|None|3|1|sum|gpu|dataset|None|None|arxivmath|False|999:10,results/archive/5fs_no_konect_ns.json,3,11.642483949661255,0.0,1
sum,prgpt:locale-L:3-r:1-agg:sum-gpu-feat:dataset,arxivphy,999:10,gpu,0,dataset,False,,cn69,prgpt:locale,,smart,0.001665456686168909,0.0,,,1,,experiment|prgpt:locale-L:3-r:1-agg:sum-gpu-feat:dataset|prgpt:locale|smart|None|3|1|sum|gpu|dataset|None|None|arxivphy|False|999:10,results/archive/5fs_no_konect_ns.json,3,1567.098109960556,0.0,1
sum,prgpt:locale-L:3-r:1-agg:sum-gpu-feat:dataset,dblp-tgc,999:10,gpu,0,dataset,False,,cn69,prgpt:locale,,smart,0.11359192430973053,0.0,,,1,,experiment|prgpt:locale-L:3-r:1-agg:sum-gpu-feat:dataset|prgpt:locale|smart|None|3|1|sum|gpu|dataset|None|None|dblp-tgc|False|999:10,results/archive/5fs_no_konect_ns.json,3,4.271578311920166,0.0,1
sum,prgpt:locale-L:3-r:1-agg:sum-gpu-feat:dataset,dyn_acm,999:10,gpu,0,dataset,False,,cn69,prgpt:locale,,smart,0.5758436918258667,0.0,,,1,,experiment|prgpt:locale-L:3-r:1-agg:sum-gpu-feat:dataset|prgpt:locale|smart|None|3|1|sum|gpu|dataset|None|None|dyn_acm|False|999:10,results/archive/5fs_no_konect_ns.json,3,1.1433556079864502,0.0,1
sum,prgpt:locale-L:3-r:1-agg:sum-gpu-feat:dataset,dyn_bat,999:10,gpu,0,dataset,False,,cn69,prgpt:locale,,smart,0.2632850706577301,0.0,,,1,,experiment|prgpt:locale-L:3-r:1-agg:sum-gpu-feat:dataset|prgpt:locale|smart|None|3|1|sum|gpu|dataset|None|None|dyn_bat|False|999:10,results/archive/5fs_no_konect_ns.json,3,0.06681203842163086,0.0,1
sum,prgpt:locale-L:3-r:1-agg:sum-gpu-feat:dataset,dyn_citeseer,999:10,gpu,0,dataset,False,,cn69,prgpt:locale,,smart,0.823574423789978,0.0,,,1,,experiment|prgpt:locale-L:3-r:1-agg:sum-gpu-feat:dataset|prgpt:locale|smart|None|3|1|sum|gpu|dataset|None|None|dyn_citeseer|False|999:10,results/archive/5fs_no_konect_ns.json,3,0.3645055294036865,0.0,1
sum,prgpt:locale-L:3-r:1-agg:sum-gpu-feat:dataset,dyn_coauthorcs,999:10,gpu,0,dataset,False,,cn69,prgpt:locale,,smart,0.11137933284044266,0.0,,,1,,experiment|prgpt:locale-L:3-r:1-agg:sum-gpu-feat:dataset|prgpt:locale|smart|None|3|1|sum|gpu|dataset|None|None|dyn_coauthorcs|False|999:10,results/archive/5fs_no_konect_ns.json,3,3.427518606185913,0.0,1
sum,prgpt:locale-L:3-r:1-agg:sum-gpu-feat:dataset,dyn_coauthorphysics,999:10,gpu,0,dataset,False,,cn69,prgpt:locale,,smart,0.003937249071896076,0.0,,,1,,experiment|prgpt:locale-L:3-r:1-agg:sum-gpu-feat:dataset|prgpt:locale|smart|None|3|1|sum|gpu|dataset|None|None|dyn_coauthorphysics|False|999:10,results/archive/5fs_no_konect_ns.json,3,27.500409841537476,0.0,1
sum,prgpt:locale-L:3-r:1-agg:sum-gpu-feat:dataset,dyn_cora,999:10,gpu,0,dataset,False,,cn69,prgpt:locale,,smart,0.6953667998313904,0.0,,,1,,experiment|prgpt:locale-L:3-r:1-agg:sum-gpu-feat:dataset|prgpt:locale|smart|None|3|1|sum|gpu|dataset|None|None|dyn_cora|False|999:10,results/archive/5fs_no_konect_ns.json,3,0.3506443500518799,0.0,1
sum,prgpt:locale-L:3-r:1-agg:sum-gpu-feat:dataset,dyn_flickr,999:10,gpu,0,dataset,False,,cn69,prgpt:locale,,smart,0.0006901858723722398,0.0,,,1,,experiment|prgpt:locale-L:3-r:1-agg:sum-gpu-feat:dataset|prgpt:locale|smart|None|3|1|sum|gpu|dataset|None|None|dyn_flickr|False|999:10,results/archive/5fs_no_konect_ns.json,3,69.80435729026794,0.0,1
sum,prgpt:locale-L:3-r:1-agg:sum-gpu-feat:dataset,dyn_nell,999:10,gpu,0,dataset,False,,cn69,prgpt:locale,,smart,0.053951017558574677,0.0,,,1,,experiment|prgpt:locale-L:3-r:1-agg:sum-gpu-feat:dataset|prgpt:locale|smart|None|3|1|sum|gpu|dataset|None|None|dyn_nell|False|999:10,results/archive/5fs_no_konect_ns.json,3,51.18150568008423,0.0,1
sum,prgpt:locale-L:3-r:1-agg:sum-gpu-feat:dataset,dyn_ogbn-arxiv,999:10,gpu,0,dataset,False,,cn69,prgpt:locale,,smart,0.0053336359560489655,0.0,,,1,,experiment|prgpt:locale-L:3-r:1-agg:sum-gpu-feat:dataset|prgpt:locale|smart|None|3|1|sum|gpu|dataset|None|None|dyn_ogbn-arxiv|False|999:10,results/archive/5fs_no_konect_ns.json,3,303.0709114074707,0.0,1
sum,prgpt:locale-L:3-r:1-agg:sum-gpu-feat:dataset,dyn_pubmed,999:10,gpu,0,dataset,False,,cn69,prgpt:locale,,smart,0.07796700298786163,0.0,,,1,,experiment|prgpt:locale-L:3-r:1-agg:sum-gpu-feat:dataset|prgpt:locale|smart|None|3|1|sum|gpu|dataset|None|None|dyn_pubmed|False|999:10,results/archive/5fs_no_konect_ns.json,3,0.8230304718017578,0.0,1
sum,prgpt:locale-L:3-r:1-agg:sum-gpu-feat:dataset,dyn_wiki,999:10,gpu,0,dataset,False,,cn69,prgpt:locale,,smart,0.40466558933258057,0.0,,,1,,experiment|prgpt:locale-L:3-r:1-agg:sum-gpu-feat:dataset|prgpt:locale|smart|None|3|1|sum|gpu|dataset|None|None|dyn_wiki|False|999:10,results/archive/5fs_no_konect_ns.json,3,0.6764345169067383,0.0,1
sum,prgpt:locale-L:3-r:1-agg:sum-gpu-feat:dataset,patent,999:10,gpu,0,dataset,False,,cn69,prgpt:locale,,smart,0.7835524082183838,0.0,,,1,,experiment|prgpt:locale-L:3-r:1-agg:sum-gpu-feat:dataset|prgpt:locale|smart|None|3|1|sum|gpu|dataset|None|None|patent|False|999:10,results/archive/5fs_no_konect_ns.json,3,11.922651529312134,0.0,1
,prgpt:locale-L:3-r:1-gpu,arxivmath,999:10,gpu,0,,False,,cn69,prgpt:locale,,smart,0.0730428472161293,0.00021130293550441261,0.1440323122796375,0.00022965047954128868,1,,experiment|prgpt:locale-L:3-r:1-gpu|prgpt:locale|smart|None|3|1|None|gpu|None|None|None|arxivmath|False|999:10,results/drobyshev/experiment_20260515_0109.json;results/drobyshev/smart_20260512_1207.json;results/drobyshev/smart_20260513_1026.json,3,12.57052419707179,1.4122704472874699,3
,prgpt:locale-L:3-r:1-gpu,arxivmath,999:10,gpu,0,,True,,cn69,prgpt:locale,,smart,0.06520729511976242,0.0,0.14281667591531735,0.0,1,,experiment|prgpt:locale-L:3-r:1-gpu|prgpt:locale|smart|None|3|1|None|gpu|None|None|None|arxivmath|True|999:10,results/drobyshev/smart_20260519_0124.json,3,13.505145400762558,0.0,1
,prgpt:locale-L:3-r:1-gpu,dyn_acm,999:10,gpu,0,,False,,cn69,prgpt:locale,,smart,0.6169028537614005,0.0004225433859682718,0.22512906386380457,0.0,1,,experiment|prgpt:locale-L:3-r:1-gpu|prgpt:locale|smart|None|3|1|None|gpu|None|None|None|dyn_acm|False|999:10,results/archive/12s_5small_999:10.json;results/drobyshev/experiment_20260515_0109.json;results/drobyshev/smart_20260512_1207.json;results/drobyshev/smart_20260513_1026.json;results/drobyshev/smart_20260519_0124.json;results/egorov/mod_little_test_20260522_1733.json;results/egorov/mod_little_test_20260522_2054.json,3,1.8152085920529706,1.0799668328212009,7
,prgpt:locale-L:3-r:1-gpu,dyn_bat,999:10,gpu,0,,False,,cn69,prgpt:locale,,smart,0.27230215072631836,0.0,,,1,,experiment|prgpt:locale-L:3-r:1-gpu|prgpt:locale|smart|None|3|1|None|gpu|None|None|None|dyn_bat|False|999:10,results/archive/12s_5small_999:10.json,3,0.1320183277130127,0.0,1
,prgpt:locale-L:3-r:1-gpu,dyn_blogcatalog,999:10,gpu,0,,False,,dev_256g,prgpt:locale,,smart,0.33018848299980164,0.0,,,1,,experiment|prgpt:locale-L:3-r:1-gpu|prgpt:locale|smart|None|3|1|None|gpu|None|None|None|dyn_blogcatalog|False|999:10,results/archive/5s_5-6d_b999:10.json,3,157.82062435150146,0.0,1
,prgpt:locale-L:3-r:1-gpu,dyn_citeseer,999:10,gpu,0,,False,,cn69,prgpt:locale,,smart,0.7981969813505808,0.003476891337807719,0.30256363848265727,0.0,1,,experiment|prgpt:locale-L:3-r:1-gpu|prgpt:locale|smart|None|3|1|None|gpu|None|None|None|dyn_citeseer|False|999:10,results/archive/12s_5small_999:10.json;results/drobyshev/experiment_20260515_0109.json;results/drobyshev/smart_20260512_1207.json;results/drobyshev/smart_20260513_1026.json;results/drobyshev/smart_20260519_0124.json;results/egorov/mod_little_test_20260522_1733.json,3,0.5123333930969238,0.20301030147584206,6
,prgpt:locale-L:3-r:1-gpu,dyn_coauthorcs,999:10,gpu,0,,False,,dev_256g,prgpt:locale,,smart,0.5031308531761169,0.0,,,1,,experiment|prgpt:locale-L:3-r:1-gpu|prgpt:locale|smart|None|3|1|None|gpu|None|None|None|dyn_coauthorcs|False|999:10,results/archive/5s_5-6d_b999:10.json,3,4.660619735717773,0.0,1
,prgpt:locale-L:3-r:1-gpu,dyn_cora,999:10,gpu,0,,False,,cn69,prgpt:locale,,smart,0.7708580732345581,1.2741571584283106e-05,0.44071328709073987,0.0,1,,experiment|prgpt:locale-L:3-r:1-gpu|prgpt:locale|smart|None|3|1|None|gpu|None|None|None|dyn_cora|False|999:10,results/archive/12s_5small_999:10.json;results/drobyshev/experiment_20260515_0109.json;results/drobyshev/smart_20260512_1207.json;results/drobyshev/smart_20260513_1026.json;results/drobyshev/smart_20260519_0124.json,3,0.41175295487046243,0.14755622898966167,5
,prgpt:locale-L:3-r:1-gpu,dyn_dblp,999:10,gpu,0,,False,,cn69,prgpt:locale,,smart,0.8368105292320251,0.0,,,1,,experiment|prgpt:locale-L:3-r:1-gpu|prgpt:locale|smart|None|3|1|None|gpu|None|None|None|dyn_dblp|False|999:10,results/archive/12s_5small_999:10.json,3,0.40908217430114746,0.0,1
,prgpt:locale-L:3-r:1-gpu,dyn_pubmed,999:10,gpu,0,,False,,cn69;dev_256g,prgpt:locale,,smart,0.08526803366839886,0.017618093639612198,0.049401561328354326,0.0,1,,experiment|prgpt:locale-L:3-r:1-gpu|prgpt:locale|smart|None|3|1|None|gpu|None|None|None|dyn_pubmed|False|999:10,results/archive/5s_5-6d_b999:10.json;results/drobyshev/experiment_20260515_0109.json;results/drobyshev/smart_20260512_1207.json;results/drobyshev/smart_20260513_1026.json,3,1.3089040545746684,0.8504309397389131,4
,prgpt:locale-L:3-r:1-gpu,dyn_pubmed,999:10,gpu,0,,True,,cn69,prgpt:locale,,smart,0.4185467064380646,0.0,0.14011307668319592,0.0,1,,experiment|prgpt:locale-L:3-r:1-gpu|prgpt:locale|smart|None|3|1|None|gpu|None|None|None|dyn_pubmed|True|999:10,results/drobyshev/smart_20260519_0124.json,3,1.1753456182777882,0.0,1
,prgpt:locale-L:3-r:1-gpu,dyn_wikics,999:10,gpu,0,,False,,dev_256g,prgpt:locale,,smart,0.031822506338357925,0.0,,,1,,experiment|prgpt:locale-L:3-r:1-gpu|prgpt:locale|smart|None|3|1|None|gpu|None|None|None|dyn_wikics|False|999:10,results/archive/5s_5-6d_b999:10.json,3,168.63919258117676,0.0,1
,prgpt:locale-L:3-r:1-gpu,dyn_wiki,999:10,gpu,0,,False,,dev_256g,prgpt:locale,,smart,0.4218555986881256,0.0,,,1,,experiment|prgpt:locale-L:3-r:1-gpu|prgpt:locale|smart|None|3|1|None|gpu|None|None|None|dyn_wiki|False|999:10,results/archive/5s_5-6d_b999:10.json,3,0.7462799549102783,0.0,1
,prgpt:locale-L:3-r:1-gpu,lkml-reply,999:10,gpu,0,,False,,cn69,prgpt:locale,,smart,0.23124152421951294,0.0,,,1,,experiment|prgpt:locale-L:3-r:1-gpu|prgpt:locale|smart|None|3|1|None|gpu|None|None|None|lkml-reply|False|999:10,results/drobyshev/experiment_20260515_0109.json;results/drobyshev/smart_20260512_1207.json;results/drobyshev/smart_20260513_1026.json,3,150.21748465299606,0.8436339063042816,3
,prgpt:locale-L:3-r:1-gpu,patent,999:10,gpu,0,,False,,cn69,prgpt:locale,,smart,0.7835524082183838,0.0,0.35918301309777223,0.0,1,,experiment|prgpt:locale-L:3-r:1-gpu|prgpt:locale|smart|None|3|1|None|gpu|None|None|None|patent|False|999:10,results/drobyshev/experiment_20260515_0109.json;results/drobyshev/smart_20260512_1207.json;results/drobyshev/smart_20260513_1026.json,3,12.609443617363771,0.35862863266894085,3
,prgpt:locale-L:3-r:1-gpu,patent,999:10,gpu,0,,True,,cn69,prgpt:locale,,smart,0.8384653329849243,0.0,0.3661757720239445,0.0,1,,experiment|prgpt:locale-L:3-r:1-gpu|prgpt:locale|smart|None|3|1|None|gpu|None|None|None|patent|True|999:10,results/drobyshev/smart_20260519_0124.json,3,12.719518478959799,0.0,1
,prgpt:locale-L:4-r:0-gpu,arxivmath,999:10,gpu,0,,False,,cn69,prgpt:locale,,smart,0.7784329652786255,0.0,0.2653441451043065,0.0,0,,experiment|prgpt:locale-L:4-r:0-gpu|prgpt:locale|smart|None|4|0|None|gpu|None|None|None|arxivmath|False|999:10,results/drobyshev/experiment_20260515_0109.json,4,1.3367405086755753,0.0,1
,prgpt:locale-L:4-r:0-gpu,dyn_acm,999:10,gpu,0,,False,,cn69,prgpt:locale,,smart,0.8195350170135498,0.0,0.2686928153612983,0.0,0,,experiment|prgpt:locale-L:4-r:0-gpu|prgpt:locale|smart|None|4|0|None|gpu|None|None|None|dyn_acm|False|999:10,results/drobyshev/experiment_20260515_0109.json,4,0.42651664838194847,0.0,1
,prgpt:locale-L:4-r:0-gpu,dyn_citeseer,999:10,gpu,0,,False,,cn69,prgpt:locale,,smart,0.8720460534095764,0.0,0.3294919225004715,0.0,0,,experiment|prgpt:locale-L:4-r:0-gpu|prgpt:locale|smart|None|4|0|None|gpu|None|None|None|dyn_citeseer|False|999:10,results/drobyshev/experiment_20260515_0109.json,4,0.3185818940401077,0.0,1
,prgpt:locale-L:4-r:0-gpu,dyn_cora,999:10,gpu,0,,False,,cn69,prgpt:locale,,smart,0.8143243193626404,0.0,0.45052254405029957,0.0,0,,experiment|prgpt:locale-L:4-r:0-gpu|prgpt:locale|smart|None|4|0|None|gpu|None|None|None|dyn_cora|False|999:10,results/drobyshev/experiment_20260515_0109.json,4,0.3828851766884327,0.0,1
,prgpt:locale-L:4-r:0-gpu,dyn_pubmed,999:10,gpu,0,,False,,cn69,prgpt:locale,,smart,0.5904861688613892,0.0,0.14605801248283912,0.0,0,,experiment|prgpt:locale-L:4-r:0-gpu|prgpt:locale|smart|None|4|0|None|gpu|None|None|None|dyn_pubmed|False|999:10,results/drobyshev/experiment_20260515_0109.json,4,0.455677293241024,0.0,1
,prgpt:locale-L:4-r:0-gpu,lkml-reply,999:10,gpu,0,,False,,cn69,prgpt:locale,,smart,0.025362662971019745,0.0,,,0,,experiment|prgpt:locale-L:4-r:0-gpu|prgpt:locale|smart|None|4|0|None|gpu|None|None|None|lkml-reply|False|999:10,results/drobyshev/experiment_20260515_0109.json,4,1.891162395477295,0.0,1
,prgpt:locale-L:4-r:0-gpu,patent,999:10,gpu,0,,False,,cn69,prgpt:locale,,smart,0.8326395153999329,0.0,0.36075625483562407,0.0,0,,experiment|prgpt:locale-L:4-r:0-gpu|prgpt:locale|smart|None|4|0|None|gpu|None|None|None|patent|False|999:10,results/drobyshev/experiment_20260515_0109.json,4,0.4741590581834316,0.0,1
,prgpt:locale-L:4-r:1-gpu,arxivmath,999:10,gpu,0,,False,,cn69,prgpt:locale,,smart,0.06385742127895355,0.0,0.1400320177086406,0.0,1,,experiment|prgpt:locale-L:4-r:1-gpu|prgpt:locale|smart|None|4|1|None|gpu|None|None|None|arxivmath|False|999:10,results/drobyshev/experiment_20260515_0109.json,4,14.660875990986824,0.0,1
,prgpt:locale-L:4-r:1-gpu,dyn_acm,999:10,gpu,0,,False,,cn69,prgpt:locale,,smart,0.5763408541679382,0.0,0.22337446318781323,0.0,1,,experiment|prgpt:locale-L:4-r:1-gpu|prgpt:locale|smart|None|4|1|None|gpu|None|None|None|dyn_acm|False|999:10,results/drobyshev/experiment_20260515_0109.json,4,1.545506116002798,0.0,1
,prgpt:locale-L:4-r:1-gpu,dyn_citeseer,999:10,gpu,0,,False,,cn69,prgpt:locale,,smart,0.7903741598129272,0.0,0.3037711382577403,0.0,1,,experiment|prgpt:locale-L:4-r:1-gpu|prgpt:locale|smart|None|4|1|None|gpu|None|None|None|dyn_citeseer|False|999:10,results/drobyshev/experiment_20260515_0109.json,4,0.4858393520116806,0.0,1
,prgpt:locale-L:4-r:1-gpu,dyn_cora,999:10,gpu,0,,False,,cn69,prgpt:locale,,smart,0.7706140279769897,0.0,0.4248854591745325,0.0,1,,experiment|prgpt:locale-L:4-r:1-gpu|prgpt:locale|smart|None|4|1|None|gpu|None|None|None|dyn_cora|False|999:10,results/drobyshev/experiment_20260515_0109.json,4,0.4438884034752846,0.0,1
,prgpt:locale-L:4-r:1-gpu,dyn_pubmed,999:10,gpu,0,,False,,cn69,prgpt:locale,,smart,0.08013571798801422,0.0,0.06402825323071001,0.0,1,,experiment|prgpt:locale-L:4-r:1-gpu|prgpt:locale|smart|None|4|1|None|gpu|None|None|None|dyn_pubmed|False|999:10,results/drobyshev/experiment_20260515_0109.json,4,1.0823017098009586,0.0,1
,prgpt:locale-L:4-r:1-gpu,lkml-reply,999:10,gpu,0,,False,,cn69,prgpt:locale,,smart,0.01921776682138443,0.0,,,1,,experiment|prgpt:locale-L:4-r:1-gpu|prgpt:locale|smart|None|4|1|None|gpu|None|None|None|lkml-reply|False|999:10,results/drobyshev/experiment_20260515_0109.json,4,190.00852625072002,0.0,1
,prgpt:locale-L:4-r:1-gpu,patent,999:10,gpu,0,,False,,cn69,prgpt:locale,,smart,0.7835524082183838,0.0,0.35918301309777223,0.0,1,,experiment|prgpt:locale-L:4-r:1-gpu|prgpt:locale|smart|None|4|1|None|gpu|None|None|None|patent|False|999:10,results/drobyshev/experiment_20260515_0109.json,4,16.475796215236187,0.0,1
,prgpt:locale-naive-feat:dataset,arxivcs,999:10,,0,dataset,False,,cn69,prgpt:locale,,naive,0.6499871611595154,0.0,,,,,experiment|prgpt:locale-naive-feat:dataset|prgpt:locale|naive|None|None|None|None|None|dataset|None|None|arxivcs|False|999:10,results/archive/5fs_no_konect_ns.json,,601.4403717517853,0.0,1
,prgpt:locale-naive-feat:dataset,arxivlarge,999:10,,0,dataset,False,,cn69,prgpt:locale,,naive,0.7926921248435974,0.0,,,,,experiment|prgpt:locale-naive-feat:dataset|prgpt:locale|naive|None|None|None|None|None|dataset|None|None|arxivlarge|False|999:10,results/archive/5fs_no_konect_ns.json,,25689.4666056633,0.0,1
,prgpt:locale-naive-feat:dataset,arxivmath,999:10,,0,dataset,False,,cn69,prgpt:locale,,naive,0.823182225227356,0.0,,,,,experiment|prgpt:locale-naive-feat:dataset|prgpt:locale|naive|None|None|None|None|None|dataset|None|None|arxivmath|False|999:10,results/archive/5fs_no_konect_ns.json,,605.4541730880737,0.0,1
,prgpt:locale-naive-feat:dataset,arxivphy,999:10,,0,dataset,False,,cn69,prgpt:locale,,naive,0.7694609761238098,0.0,,,,,experiment|prgpt:locale-naive-feat:dataset|prgpt:locale|naive|None|None|None|None|None|dataset|None|None|arxivphy|False|999:10,results/archive/5fs_no_konect_ns.json,,9264.20002245903,0.0,1
,prgpt:locale-naive-feat:dataset,dblp-tgc,999:10,,0,dataset,False,,cn69,prgpt:locale,,naive,0.7528612017631531,0.0,,,,,experiment|prgpt:locale-naive-feat:dataset|prgpt:locale|naive|None|None|None|None|None|dataset|None|None|dblp-tgc|False|999:10,results/archive/5fs_no_konect_ns.json,,87.97619867324829,0.0,1
,prgpt:locale-naive-feat:dataset,dyn_acm,999:10,,0,dataset,False,,cn69,prgpt:locale,,naive,0.8236018419265747,0.0,,,,,experiment|prgpt:locale-naive-feat:dataset|prgpt:locale|naive|None|None|None|None|None|dataset|None|None|dyn_acm|False|999:10,results/archive/5fs_no_konect_ns.json,,5.489579200744629,0.0,1
,prgpt:locale-naive-feat:dataset,dyn_bat,999:10,,0,dataset,False,,cn69,prgpt:locale,,naive,0.277864933013916,0.0,,,,,experiment|prgpt:locale-naive-feat:dataset|prgpt:locale|naive|None|None|None|None|None|dataset|None|None|dyn_bat|False|999:10,results/archive/5fs_no_konect_ns.json,,0.10181403160095215,0.0,1
,prgpt:locale-naive-feat:dataset,dyn_citeseer,999:10,,0,dataset,False,,cn69,prgpt:locale,,naive,0.8933767080307007,0.0,,,,,experiment|prgpt:locale-naive-feat:dataset|prgpt:locale|naive|None|None|None|None|None|dataset|None|None|dyn_citeseer|False|999:10,results/archive/5fs_no_konect_ns.json,,2.322476387023926,0.0,1
,prgpt:locale-naive-feat:dataset,dyn_coauthorcs,999:10,,0,dataset,False,,cn69,prgpt:locale,,naive,0.7589430809020996,0.0,,,,,experiment|prgpt:locale-naive-feat:dataset|prgpt:locale|naive|None|None|None|None|None|dataset|None|None|dyn_coauthorcs|False|999:10,results/archive/5fs_no_konect_ns.json,,47.45676064491272,0.0,1
,prgpt:locale-naive-feat:dataset,dyn_coauthorphysics,999:10,,0,dataset,False,,cn69,prgpt:locale,,naive,0.6936637759208679,0.0,,,,,experiment|prgpt:locale-naive-feat:dataset|prgpt:locale|naive|None|None|None|None|None|dataset|None|None|dyn_coauthorphysics|False|999:10,results/archive/5fs_no_konect_ns.json,,144.85955786705017,0.0,1
,prgpt:locale-naive-feat:dataset,dyn_cora,999:10,,0,dataset,False,,cn69,prgpt:locale,,naive,0.8243152499198914,0.0,,,,,experiment|prgpt:locale-naive-feat:dataset|prgpt:locale|naive|None|None|None|None|None|dataset|None|None|dyn_cora|False|999:10,results/archive/5fs_no_konect_ns.json,,3.102839708328247,0.0,1
,prgpt:locale-naive-feat:dataset,dyn_flickr,999:10,,0,dataset,False,,cn69,prgpt:locale,,naive,0.5470878481864929,0.0,,,,,experiment|prgpt:locale-naive-feat:dataset|prgpt:locale|naive|None|None|None|None|None|dataset|None|None|dyn_flickr|False|999:10,results/archive/5fs_no_konect_ns.json,,346.8351082801819,0.0,1
,prgpt:locale-naive-feat:dataset,dyn_nell,999:10,,0,dataset,False,,cn69,prgpt:locale,,naive,0.19025027751922607,0.0,,,,,experiment|prgpt:locale-naive-feat:dataset|prgpt:locale|naive|None|None|None|None|None|dataset|None|None|dyn_nell|False|999:10,results/archive/5fs_no_konect_ns.json,,59.465172290802,0.0,1
,prgpt:locale-naive-feat:dataset,dyn_ogbn-arxiv,999:10,,0,dataset,False,,cn69,prgpt:locale,,naive,0.6499871611595154,0.0,,,,,experiment|prgpt:locale-naive-feat:dataset|prgpt:locale|naive|None|None|None|None|None|dataset|None|None|dyn_ogbn-arxiv|False|999:10,results/archive/5fs_no_konect_ns.json,,586.3277020454407,0.0,1
,prgpt:locale-naive-feat:dataset,dyn_pubmed,999:10,,0,dataset,False,,cn69,prgpt:locale,,naive,0.5545364022254944,0.0,,,,,experiment|prgpt:locale-naive-feat:dataset|prgpt:locale|naive|None|None|None|None|None|dataset|None|None|dyn_pubmed|False|999:10,results/archive/5fs_no_konect_ns.json,,14.837419748306274,0.0,1
,prgpt:locale-naive-feat:dataset,dyn_wiki,999:10,,0,dataset,False,,cn69,prgpt:locale,,naive,0.7460905313491821,0.0,,,,,experiment|prgpt:locale-naive-feat:dataset|prgpt:locale|naive|None|None|None|None|None|dataset|None|None|dyn_wiki|False|999:10,results/archive/5fs_no_konect_ns.json,,5.113309860229492,0.0,1
,prgpt:locale-naive-feat:dataset,patent,999:10,,0,dataset,False,,cn69,prgpt:locale,,naive,0.7561019659042358,0.0,,,,,experiment|prgpt:locale-naive-feat:dataset|prgpt:locale|naive|None|None|None|None|None|dataset|None|None|patent|False|999:10,results/archive/5fs_no_konect_ns.json,,17.12554955482483,0.0,1
,prgpt:locale-naive,arxivmath,999:10,,0,,True,,cn69,prgpt:locale,,naive,0.8843668699264526,0.0,0.4226174170598211,0.0,,,experiment|prgpt:locale-naive|prgpt:locale|naive|None|None|None|None|None|None|None|None|arxivmath|True|999:10,results/drobyshev/naive_20260519_0254.json,,795.5846052095294,0.0,1
,prgpt:locale-naive,dyn_acm,999:10,,0,,False,,cn69,prgpt:locale,,naive,0.8236018419265747,0.0,0.265666575362209,0.0,,,experiment|prgpt:locale-naive|prgpt:locale|naive|None|None|None|None|None|None|None|None|dyn_acm|False|999:10,results/archive/12s_5small_999:10.json;results/drobyshev/naive_20260512_1206.json;results/drobyshev/naive_20260519_0254.json,,5.566346344848474,0.1080494144784021,3
,prgpt:locale-naive,dyn_bat,999:10,,0,,False,,cn69,prgpt:locale,,naive,0.27786490321159363,0.0,,,,,experiment|prgpt:locale-naive|prgpt:locale|naive|None|None|None|None|None|None|None|None|dyn_bat|False|999:10,results/archive/12s_5small_999:10.json,,0.289996862411499,0.0,1
,prgpt:locale-naive,dyn_citeseer,999:10,,0,,False,,cn69,prgpt:locale,,naive,0.8937519192695618,0.0003266458961455779,0.33032046933668197,0.0,,,experiment|prgpt:locale-naive|prgpt:locale|naive|None|None|None|None|None|None|None|None|dyn_citeseer|False|999:10,results/archive/12s_5small_999:10.json;results/drobyshev/naive_20260512_1206.json;results/drobyshev/naive_20260519_0254.json,,3.3745296336710453,1.6770327665938378,3
,prgpt:locale-naive,dyn_cora,999:10,,0,,False,,cn69,prgpt:locale,,naive,0.8243158260981241,9.9796997347469e-07,0.4680901043558128,0.0,,,experiment|prgpt:locale-naive|prgpt:locale|naive|None|None|None|None|None|None|None|None|dyn_cora|False|999:10,results/archive/12s_5small_999:10.json;results/drobyshev/naive_20260512_1206.json;results/drobyshev/naive_20260519_0254.json,,4.505598915119966,2.4602665836130346,3
,prgpt:locale-naive,dyn_dblp,999:10,,0,,False,,cn69,prgpt:locale,,naive,0.865584671497345,0.0,,,,,experiment|prgpt:locale-naive|prgpt:locale|naive|None|None|None|None|None|None|None|None|dyn_dblp|False|999:10,results/archive/12s_5small_999:10.json,,3.085369825363159,0.0,1
,prgpt:locale-naive,dyn_pubmed,999:10,,0,,False,,cn69,prgpt:locale,,naive,0.5545364022254944,0.0,0.18776331078437625,0.0,,,experiment|prgpt:locale-naive|prgpt:locale|naive|None|None|None|None|None|None|None|None|dyn_pubmed|False|999:10,results/drobyshev/naive_20260512_1206.json,,16.112866546958685,0.0,1
,prgpt:locale-naive,dyn_pubmed,999:10,,0,,True,,cn69,prgpt:locale,,naive,0.7864036560058594,0.0,0.2028588049534164,0.0,,,experiment|prgpt:locale-naive|prgpt:locale|naive|None|None|None|None|None|None|None|None|dyn_pubmed|True|999:10,results/drobyshev/naive_20260519_0254.json,,28.662526808679104,0.0,1
,prgpt:locale-naive,lkml-reply,999:10,,0,,False,,cn69,prgpt:locale,,naive,0.3485642075538635,0.0,,,,,experiment|prgpt:locale-naive|prgpt:locale|naive|None|None|None|None|None|None|None|None|lkml-reply|False|999:10,results/drobyshev/naive_20260512_1206.json,,229.6659755408764,0.0,1
,prgpt:locale-naive,patent,999:10,,0,,False,,cn69,prgpt:locale,,naive,0.7561019659042358,0.0,0.3512326327831739,0.0,,,experiment|prgpt:locale-naive|prgpt:locale|naive|None|None|None|None|None|None|None|None|patent|False|999:10,results/drobyshev/naive_20260512_1206.json,,16.765032555907965,0.0,1
,prgpt:locale-naive,patent,999:10,,0,,True,,cn69,prgpt:locale,,naive,0.7739579081535339,0.0,0.3736139216473167,0.0,,,experiment|prgpt:locale-naive|prgpt:locale|naive|None|None|None|None|None|None|None|None|patent|True|999:10,results/drobyshev/naive_20260519_0254.json,,16.721647709608078,0.0,1
,prgpt:locale-raw,dyn_blogcatalog,999:10,,0,,False,,dev_256g,prgpt:locale,,raw,0.36808720231056213,0.0,,,,,experiment|prgpt:locale-raw|prgpt:locale|raw|None|None|None|None|None|None|None|None|dyn_blogcatalog|False|999:10,results/archive/5s_5-6d_b999:10.json,,78.26637816429138,0.0,1
,prgpt:locale-raw,dyn_coauthorcs,999:10,,0,,False,,dev_256g,prgpt:locale,,raw,0.7589430809020996,0.0,,,,,experiment|prgpt:locale-raw|prgpt:locale|raw|None|None|None|None|None|None|None|None|dyn_coauthorcs|False|999:10,results/archive/5s_5-6d_b999:10.json,,47.17341661453247,0.0,1
,prgpt:locale-raw,dyn_pubmed,999:10,,0,,False,,dev_256g,prgpt:locale,,raw,0.5545373558998108,0.0,,,,,experiment|prgpt:locale-raw|prgpt:locale|raw|None|None|None|None|None|None|None|None|dyn_pubmed|False|999:10,results/archive/5s_5-6d_b999:10.json,,14.757287979125977,0.0,1
,prgpt:locale-raw,dyn_wikics,999:10,,0,,False,,dev_256g,prgpt:locale,,raw,0.17160645127296448,0.0,,,,,experiment|prgpt:locale-raw|prgpt:locale|raw|None|None|None|None|None|None|None|None|dyn_wikics|False|999:10,results/archive/5s_5-6d_b999:10.json,,82.07506036758423,0.0,1
,prgpt:locale-raw,dyn_wiki,999:10,,0,,False,,dev_256g,prgpt:locale,,raw,0.7460912466049194,0.0,,,,,experiment|prgpt:locale-raw|prgpt:locale|raw|None|None|None|None|None|None|None|None|dyn_wiki|False|999:10,results/archive/5s_5-6d_b999:10.json,,5.129484176635742,0.0,1
,s2cag-L:3-r:1-gpu,dyn_acm,999:10,gpu,0,,False,,cn69,s2cag,,smart,0.6170839071273804,0.0,,,1,,experiment|s2cag-L:3-r:1-gpu|s2cag|smart|None|3|1|None|gpu|None|None|None|dyn_acm|False|999:10,results/archive/12s_5small_999:10.json,3,23.03740406036377,0.0,1
,s2cag-L:3-r:1-gpu,dyn_bat,999:10,gpu,0,,False,,cn69,s2cag,,smart,0.2525189220905304,0.0,,,1,,experiment|s2cag-L:3-r:1-gpu|s2cag|smart|None|3|1|None|gpu|None|None|None|dyn_bat|False|999:10,results/archive/12s_5small_999:10.json,3,0.9561460018157959,0.0,1
,s2cag-L:3-r:1-gpu,dyn_blogcatalog,999:10,gpu,0,,False,,dev_256g,s2cag,,smart,0.0009090910898521543,0.0,,,1,,experiment|s2cag-L:3-r:1-gpu|s2cag|smart|None|3|1|None|gpu|None|None|None|dyn_blogcatalog|False|999:10,results/archive/55s_dyn_blogcatalog_b999:10.json,3,8837.039769172668,0.0,1
,s2cag-L:3-r:1-gpu,dyn_citeseer,999:10,gpu,0,,False,,cn69,s2cag,,smart,0.7683706879615784,0.0,,,1,,experiment|s2cag-L:3-r:1-gpu|s2cag|smart|None|3|1|None|gpu|None|None|None|dyn_citeseer|False|999:10,results/archive/12s_5small_999:10.json,3,12.909610509872437,0.0,1
,s2cag-L:3-r:1-gpu,dyn_cora,999:10,gpu,0,,False,,cn69,s2cag,,smart,0.7809702157974243,0.0,,,1,,experiment|s2cag-L:3-r:1-gpu|s2cag|smart|None|3|1|None|gpu|None|None|None|dyn_cora|False|999:10,results/archive/12s_5small_999:10.json,3,8.925100803375244,0.0,1
,s2cag-L:3-r:1-gpu,dyn_wikics,999:10,gpu,0,,False,,dev_256g,s2cag,,smart,0.4873693585395813,0.0,,,1,,experiment|s2cag-L:3-r:1-gpu|s2cag|smart|None|3|1|None|gpu|None|None|None|dyn_wikics|False|999:10,results/archive/55s_dyn_blogcatalog_b999:10.json,3,1175.3150284290314,0.0,1
,s2cag-L:3-r:1-gpu,dyn_wiki,999:10,gpu,0,,False,,dev_256g,s2cag,,smart,0.445504367351532,0.0,,,1,,experiment|s2cag-L:3-r:1-gpu|s2cag|smart|None|3|1|None|gpu|None|None|None|dyn_wiki|False|999:10,results/archive/5ss_dyn_wiki_b999:10.json,3,18.861758708953857,0.0,1
norm,s2cag-i:10-L:1-r:0-agg:norm-gpu-feat:dataset,arxivmath,999:10,gpu,0,dataset,True,10,cn69,s2cag,,smart,0.8416350483894348,0.0,0.32645167988498003,0.0,0,,experiment|s2cag-i:10-L:1-r:0-agg:norm-gpu-feat:dataset|s2cag|smart|10|1|0|norm|gpu|dataset|None|None|arxivmath|True|999:10,results/paper_icdm/ablation_feature_radius_depth_aggregation_20260525_1852.json,1,7.12067124247551,0.0,1
norm,s2cag-i:10-L:1-r:0-agg:norm-gpu-feat:dataset,dyn_cora,999:10,gpu,0,dataset,False,10,cn69,s2cag,,smart,0.8149051666259766,0.0,0.4530404958863507,0.0,0,,experiment|s2cag-i:10-L:1-r:0-agg:norm-gpu-feat:dataset|s2cag|smart|10|1|0|norm|gpu|dataset|None|None|dyn_cora|False|999:10,results/paper_icdm/ablation_feature_radius_depth_aggregation_20260525_1852.json,1,2.029498167335987,0.0,1
norm,s2cag-i:10-L:1-r:0-agg:norm-gpu-feat:dataset,dyn_pubmed,999:10,gpu,0,dataset,True,10,cn69,s2cag,,smart,0.7334299683570862,0.0,0.16867662684019416,0.0,0,,experiment|s2cag-i:10-L:1-r:0-agg:norm-gpu-feat:dataset|s2cag|smart|10|1|0|norm|gpu|dataset|None|None|dyn_pubmed|True|999:10,results/paper_icdm/ablation_feature_radius_depth_aggregation_20260525_1852.json,1,1.9441788718104362,0.0,1
norm,s2cag-i:10-L:1-r:0-agg:norm-gpu-feat:onehot,dyn_cora,999:10,gpu,0,onehot,False,10,cn69,s2cag,,smart,0.8053913116455078,0.0,0.4482836459605743,0.0,0,,experiment|s2cag-i:10-L:1-r:0-agg:norm-gpu-feat:onehot|s2cag|smart|10|1|0|norm|gpu|onehot|None|None|dyn_cora|False|999:10,results/paper_icdm/ablation_feature_radius_depth_aggregation_20260525_1852.json,1,1.9252426475286484,0.0,1
norm,s2cag-i:10-L:1-r:0-agg:norm-gpu-feat:onehot,dyn_pubmed,999:10,gpu,0,onehot,True,10,cn69,s2cag,,smart,0.7546783685684204,0.0,0.196722704489258,0.0,0,,experiment|s2cag-i:10-L:1-r:0-agg:norm-gpu-feat:onehot|s2cag|smart|10|1|0|norm|gpu|onehot|None|None|dyn_pubmed|True|999:10,results/paper_icdm/ablation_feature_radius_depth_aggregation_20260525_1852.json,1,8.866476453840733,0.0,1
norm,s2cag-i:10-L:1-r:0-agg:norm-gpu-feat:random,arxivmath,999:10,gpu,0,random,False,10,cn69,s2cag,,smart,0.791484534740448,0.0,0.25022141581875484,0.0,0,,experiment|s2cag-i:10-L:1-r:0-agg:norm-gpu-feat:random|s2cag|smart|10|1|0|norm|gpu|random|None|None|arxivmath|False|999:10,results/drobyshev/experiment_20260515_0109.json,1,3.843080513179302,0.0,1
norm,s2cag-i:10-L:1-r:0-agg:norm-gpu-feat:random,dyn_acm,999:10,gpu,0,random,False,10,cn69,s2cag,,smart,0.7930628657341003,0.0,0.25125081737634325,0.0,0,,experiment|s2cag-i:10-L:1-r:0-agg:norm-gpu-feat:random|s2cag|smart|10|1|0|norm|gpu|random|None|None|dyn_acm|False|999:10,results/drobyshev/experiment_20260515_0109.json,1,1.5537818036973476,0.0,1
norm,s2cag-i:10-L:1-r:0-agg:norm-gpu-feat:random,dyn_citeseer,999:10,gpu,0,random,False,10,cn69,s2cag,,smart,0.8538370728492737,0.0,0.3349560952251502,0.0,0,,experiment|s2cag-i:10-L:1-r:0-agg:norm-gpu-feat:random|s2cag|smart|10|1|0|norm|gpu|random|None|None|dyn_citeseer|False|999:10,results/drobyshev/experiment_20260515_0109.json,1,1.284341473132372,0.0,1
norm,s2cag-i:10-L:1-r:0-agg:norm-gpu-feat:random,dyn_cora,999:10,gpu,0,random,False,10,cn69,s2cag,,smart,0.8128163814544678,0.0,0.4507583567720036,0.0,0,,experiment|s2cag-i:10-L:1-r:0-agg:norm-gpu-feat:random|s2cag|smart|10|1|0|norm|gpu|random|None|None|dyn_cora|False|999:10,results/drobyshev/experiment_20260515_0109.json;results/paper_icdm/ablation_feature_radius_depth_aggregation_20260525_1852.json,1,2.6154804285615683,1.3911573475319872,2
norm,s2cag-i:10-L:1-r:0-agg:norm-gpu-feat:random,dyn_pubmed,999:10,gpu,0,random,False,10,cn69,s2cag,,smart,0.750928521156311,0.0,0.18090419072934377,0.0,0,,experiment|s2cag-i:10-L:1-r:0-agg:norm-gpu-feat:random|s2cag|smart|10|1|0|norm|gpu|random|None|None|dyn_pubmed|False|999:10,results/drobyshev/experiment_20260515_0109.json,1,1.5952209383249283,0.0,1
norm,s2cag-i:10-L:1-r:0-agg:norm-gpu-feat:random,dyn_pubmed,999:10,gpu,0,random,True,10,cn69,s2cag,,smart,0.7416254281997681,0.0,0.18729002205258566,0.0,0,,experiment|s2cag-i:10-L:1-r:0-agg:norm-gpu-feat:random|s2cag|smart|10|1|0|norm|gpu|random|None|None|dyn_pubmed|True|999:10,results/paper_icdm/ablation_feature_radius_depth_aggregation_20260525_1852.json,1,1.5847782865166664,0.0,1
norm,s2cag-i:10-L:1-r:0-agg:norm-gpu-feat:random,lkml-reply,999:10,gpu,0,random,False,10,cn69,s2cag,,smart,0.1311555802822113,0.0,,,0,,experiment|s2cag-i:10-L:1-r:0-agg:norm-gpu-feat:random|s2cag|smart|10|1|0|norm|gpu|random|None|None|lkml-reply|False|999:10,results/drobyshev/experiment_20260515_0109.json,1,2.765329759567976,0.0,1
norm,s2cag-i:10-L:1-r:0-agg:norm-gpu-feat:random,patent,999:10,gpu,0,random,False,10,cn69,s2cag,,smart,0.8354670405387878,0.0,0.36084161586376734,0.0,0,,experiment|s2cag-i:10-L:1-r:0-agg:norm-gpu-feat:random|s2cag|smart|10|1|0|norm|gpu|random|None|None|patent|False|999:10,results/drobyshev/experiment_20260515_0109.json,1,1.5610791444778442,0.0,1
sum,s2cag-i:10-L:1-r:0-agg:sum-gpu-feat:dataset,arxivmath,999:10,gpu,0,dataset,True,10,cn69,s2cag,,smart,0.8416350483894348,0.0,0.32645167988498003,0.0,0,,experiment|s2cag-i:10-L:1-r:0-agg:sum-gpu-feat:dataset|s2cag|smart|10|1|0|sum|gpu|dataset|None|None|arxivmath|True|999:10,results/paper_icdm/ablation_feature_radius_depth_aggregation_20260525_1852.json,1,7.814754351973534,0.0,1
sum,s2cag-i:10-L:1-r:0-agg:sum-gpu-feat:dataset,dyn_cora,999:10,gpu,0,dataset,False,10,cn69,s2cag,,smart,0.8149051666259766,0.0,0.4530404958863507,0.0,0,,experiment|s2cag-i:10-L:1-r:0-agg:sum-gpu-feat:dataset|s2cag|smart|10|1|0|sum|gpu|dataset|None|None|dyn_cora|False|999:10,results/paper_icdm/ablation_feature_radius_depth_aggregation_20260525_1852.json,1,1.9114819690585136,0.0,1
sum,s2cag-i:10-L:1-r:0-agg:sum-gpu-feat:dataset,dyn_pubmed,999:10,gpu,0,dataset,True,10,cn69,s2cag,,smart,0.7334299683570862,0.0,0.16867662684019416,0.0,0,,experiment|s2cag-i:10-L:1-r:0-agg:sum-gpu-feat:dataset|s2cag|smart|10|1|0|sum|gpu|dataset|None|None|dyn_pubmed|True|999:10,results/paper_icdm/ablation_feature_radius_depth_aggregation_20260525_1852.json,1,1.9041995480656624,0.0,1
sum,s2cag-i:10-L:1-r:0-agg:sum-gpu-feat:onehot,dyn_cora,999:10,gpu,0,onehot,False,10,cn69,s2cag,,smart,0.8053913116455078,0.0,0.4482836459605743,0.0,0,,experiment|s2cag-i:10-L:1-r:0-agg:sum-gpu-feat:onehot|s2cag|smart|10|1|0|sum|gpu|onehot|None|None|dyn_cora|False|999:10,results/paper_icdm/ablation_feature_radius_depth_aggregation_20260525_1852.json,1,1.9034422636032104,0.0,1
sum,s2cag-i:10-L:1-r:0-agg:sum-gpu-feat:onehot,dyn_pubmed,999:10,gpu,0,onehot,True,10,cn69,s2cag,,smart,0.7546783685684204,0.0,0.196722704489258,0.0,0,,experiment|s2cag-i:10-L:1-r:0-agg:sum-gpu-feat:onehot|s2cag|smart|10|1|0|sum|gpu|onehot|None|None|dyn_pubmed|True|999:10,results/paper_icdm/ablation_feature_radius_depth_aggregation_20260525_1852.json,1,6.982389099895954,0.0,1
sum,s2cag-i:10-L:1-r:0-agg:sum-gpu-feat:random,dyn_cora,999:10,gpu,0,random,False,10,cn69,s2cag,,smart,0.8128163814544678,0.0,0.4507583567720036,0.0,0,,experiment|s2cag-i:10-L:1-r:0-agg:sum-gpu-feat:random|s2cag|smart|10|1|0|sum|gpu|random|None|None|dyn_cora|False|999:10,results/paper_icdm/ablation_feature_radius_depth_aggregation_20260525_1852.json,1,1.6103024706244469,0.0,1
sum,s2cag-i:10-L:1-r:0-agg:sum-gpu-feat:random,dyn_pubmed,999:10,gpu,0,random,True,10,cn69,s2cag,,smart,0.7416254281997681,0.0,0.18729002205258566,0.0,0,,experiment|s2cag-i:10-L:1-r:0-agg:sum-gpu-feat:random|s2cag|smart|10|1|0|sum|gpu|random|None|None|dyn_pubmed|True|999:10,results/paper_icdm/ablation_feature_radius_depth_aggregation_20260525_1852.json,1,1.662752404808998,0.0,1
norm,s2cag-i:10-L:1-r:1-agg:norm-gpu-feat:dataset,arxivmath,999:10,gpu,0,dataset,True,10,cn69,s2cag,,smart,0.09003274887800217,0.0,0.1432764283527066,0.0,1,,experiment|s2cag-i:10-L:1-r:1-agg:norm-gpu-feat:dataset|s2cag|smart|10|1|1|norm|gpu|dataset|None|None|arxivmath|True|999:10,results/paper_icdm/ablation_feature_radius_depth_aggregation_20260525_1852.json,1,77.76405925303698,0.0,1
norm,s2cag-i:10-L:1-r:1-agg:norm-gpu-feat:dataset,dyn_cora,999:10,gpu,0,dataset,False,10,cn69,s2cag,,smart,0.7793225646018982,0.0,0.43640551836738345,0.0,1,,experiment|s2cag-i:10-L:1-r:1-agg:norm-gpu-feat:dataset|s2cag|smart|10|1|1|norm|gpu|dataset|None|None|dyn_cora|False|999:10,results/paper_icdm/ablation_feature_radius_depth_aggregation_20260525_1852.json,1,2.7733284682035446,0.0,1
norm,s2cag-i:10-L:1-r:1-agg:norm-gpu-feat:dataset,dyn_pubmed,999:10,gpu,0,dataset,True,10,cn69,s2cag,,smart,0.5308235287666321,0.0,0.18202377111039691,0.0,1,,experiment|s2cag-i:10-L:1-r:1-agg:norm-gpu-feat:dataset|s2cag|smart|10|1|1|norm|gpu|dataset|None|None|dyn_pubmed|True|999:10,results/paper_icdm/ablation_feature_radius_depth_aggregation_20260525_1852.json,1,9.178834430873394,0.0,1
norm,s2cag-i:10-L:1-r:1-agg:norm-gpu-feat:onehot,dyn_cora,999:10,gpu,0,onehot,False,10,cn69,s2cag,,smart,0.7850293517112732,0.0,0.44989227168304374,0.0,1,,experiment|s2cag-i:10-L:1-r:1-agg:norm-gpu-feat:onehot|s2cag|smart|10|1|1|norm|gpu|onehot|None|None|dyn_cora|False|999:10,results/paper_icdm/ablation_feature_radius_depth_aggregation_20260525_1852.json,1,3.147468186914921,0.0,1
norm,s2cag-i:10-L:1-r:1-agg:norm-gpu-feat:onehot,dyn_pubmed,999:10,gpu,0,onehot,True,10,cn69,s2cag,,smart,0.5330682396888733,0.0,0.19219762822083186,0.0,1,,experiment|s2cag-i:10-L:1-r:1-agg:norm-gpu-feat:onehot|s2cag|smart|10|1|1|norm|gpu|onehot|None|None|dyn_pubmed|True|999:10,results/paper_icdm/ablation_feature_radius_depth_aggregation_20260525_1852.json,1,104.01698735356331,0.0,1
norm,s2cag-i:10-L:1-r:1-agg:norm-gpu-feat:random,arxivmath,999:10,gpu,0,random,False,10,cn69,s2cag,,smart,0.6115092039108276,0.0,0.1821068625670424,0.0,1,,experiment|s2cag-i:10-L:1-r:1-agg:norm-gpu-feat:random|s2cag|smart|10|1|1|norm|gpu|random|None|None|arxivmath|False|999:10,results/drobyshev/experiment_20260515_0109.json,1,60.67903186008334,0.0,1
norm,s2cag-i:10-L:1-r:1-agg:norm-gpu-feat:random,dyn_acm,999:10,gpu,0,random,False,10,cn69,s2cag,,smart,0.6114630103111267,0.0,0.22593504623943308,0.0,1,,experiment|s2cag-i:10-L:1-r:1-agg:norm-gpu-feat:random|s2cag|smart|10|1|1|norm|gpu|random|None|None|dyn_acm|False|999:10,results/drobyshev/experiment_20260515_0109.json,1,2.4692328460514545,0.0,1
norm,s2cag-i:10-L:1-r:1-agg:norm-gpu-feat:random,dyn_citeseer,999:10,gpu,0,random,False,10,cn69,s2cag,,smart,0.7756344676017761,0.0,0.32043283340169487,0.0,1,,experiment|s2cag-i:10-L:1-r:1-agg:norm-gpu-feat:random|s2cag|smart|10|1|1|norm|gpu|random|None|None|dyn_citeseer|False|999:10,results/drobyshev/experiment_20260515_0109.json,1,1.568213202059269,0.0,1
norm,s2cag-i:10-L:1-r:1-agg:norm-gpu-feat:random,dyn_cora,999:10,gpu,0,random,False,10,cn69,s2cag,,smart,0.7822954654693604,0.0,0.44911533303103185,0.0,1,,experiment|s2cag-i:10-L:1-r:1-agg:norm-gpu-feat:random|s2cag|smart|10|1|1|norm|gpu|random|None|None|dyn_cora|False|999:10,results/drobyshev/experiment_20260515_0109.json;results/paper_icdm/ablation_feature_radius_depth_aggregation_20260525_1852.json,1,1.5977902226150036,0.0336022545932425,2
norm,s2cag-i:10-L:1-r:1-agg:norm-gpu-feat:random,dyn_pubmed,999:10,gpu,0,random,False,10,cn69,s2cag,,smart,0.5231536030769348,0.0,0.13858390633778805,0.0,1,,experiment|s2cag-i:10-L:1-r:1-agg:norm-gpu-feat:random|s2cag|smart|10|1|1|norm|gpu|random|None|None|dyn_pubmed|False|999:10,results/drobyshev/experiment_20260515_0109.json,1,3.62957975640893,0.0,1
norm,s2cag-i:10-L:1-r:1-agg:norm-gpu-feat:random,dyn_pubmed,999:10,gpu,0,random,True,10,cn69,s2cag,,smart,0.5076330900192261,0.0,0.14391489809524202,0.0,1,,experiment|s2cag-i:10-L:1-r:1-agg:norm-gpu-feat:random|s2cag|smart|10|1|1|norm|gpu|random|None|None|dyn_pubmed|True|999:10,results/paper_icdm/ablation_feature_radius_depth_aggregation_20260525_1852.json,1,5.101631671190262,0.0,1
norm,s2cag-i:10-L:1-r:1-agg:norm-gpu-feat:random,lkml-reply,999:10,gpu,0,random,False,10,cn69,s2cag,,smart,0.07897602021694183,0.0,,,1,,experiment|s2cag-i:10-L:1-r:1-agg:norm-gpu-feat:random|s2cag|smart|10|1|1|norm|gpu|random|None|None|lkml-reply|False|999:10,results/drobyshev/experiment_20260515_0109.json,1,642.4267095923424,0.0,1
norm,s2cag-i:10-L:1-r:1-agg:norm-gpu-feat:random,patent,999:10,gpu,0,random,False,10,cn69,s2cag,,smart,0.6562046408653259,0.0,0.3512545835675879,0.0,1,,experiment|s2cag-i:10-L:1-r:1-agg:norm-gpu-feat:random|s2cag|smart|10|1|1|norm|gpu|random|None|None|patent|False|999:10,results/drobyshev/experiment_20260515_0109.json,1,7.73712944239378,0.0,1
sum,s2cag-i:10-L:1-r:1-agg:sum-gpu-feat:dataset,arxivmath,999:10,gpu,0,dataset,True,10,cn69,s2cag,,smart,0.09003274887800217,0.0,0.1432764283527066,0.0,1,,experiment|s2cag-i:10-L:1-r:1-agg:sum-gpu-feat:dataset|s2cag|smart|10|1|1|sum|gpu|dataset|None|None|arxivmath|True|999:10,results/paper_icdm/ablation_feature_radius_depth_aggregation_20260525_1852.json,1,77.52384383231401,0.0,1
sum,s2cag-i:10-L:1-r:1-agg:sum-gpu-feat:dataset,dyn_cora,999:10,gpu,0,dataset,False,10,cn69,s2cag,,smart,0.7793225646018982,0.0,0.43640551836738345,0.0,1,,experiment|s2cag-i:10-L:1-r:1-agg:sum-gpu-feat:dataset|s2cag|smart|10|1|1|sum|gpu|dataset|None|None|dyn_cora|False|999:10,results/paper_icdm/ablation_feature_radius_depth_aggregation_20260525_1852.json,1,2.5880243331193924,0.0,1
sum,s2cag-i:10-L:1-r:1-agg:sum-gpu-feat:dataset,dyn_pubmed,999:10,gpu,0,dataset,True,10,cn69,s2cag,,smart,0.5308235287666321,0.0,0.18202377111039691,0.0,1,,experiment|s2cag-i:10-L:1-r:1-agg:sum-gpu-feat:dataset|s2cag|smart|10|1|1|sum|gpu|dataset|None|None|dyn_pubmed|True|999:10,results/paper_icdm/ablation_feature_radius_depth_aggregation_20260525_1852.json,1,9.404772721230984,0.0,1
sum,s2cag-i:10-L:1-r:1-agg:sum-gpu-feat:onehot,dyn_cora,999:10,gpu,0,onehot,False,10,cn69,s2cag,,smart,0.7850293517112732,0.0,0.44989227168304374,0.0,1,,experiment|s2cag-i:10-L:1-r:1-agg:sum-gpu-feat:onehot|s2cag|smart|10|1|1|sum|gpu|onehot|None|None|dyn_cora|False|999:10,results/paper_icdm/ablation_feature_radius_depth_aggregation_20260525_1852.json,1,2.968639202415943,0.0,1
sum,s2cag-i:10-L:1-r:1-agg:sum-gpu-feat:onehot,dyn_pubmed,999:10,gpu,0,onehot,True,10,cn69,s2cag,,smart,0.5330678224563599,0.0,0.19194248948259807,0.0,1,,experiment|s2cag-i:10-L:1-r:1-agg:sum-gpu-feat:onehot|s2cag|smart|10|1|1|sum|gpu|onehot|None|None|dyn_pubmed|True|999:10,results/paper_icdm/ablation_feature_radius_depth_aggregation_20260525_1852.json,1,100.85580752789974,0.0,1
sum,s2cag-i:10-L:1-r:1-agg:sum-gpu-feat:random,dyn_cora,999:10,gpu,0,random,False,10,cn69,s2cag,,smart,0.7822954654693604,0.0,0.44911533303103185,0.0,1,,experiment|s2cag-i:10-L:1-r:1-agg:sum-gpu-feat:random|s2cag|smart|10|1|1|sum|gpu|random|None|None|dyn_cora|False|999:10,results/paper_icdm/ablation_feature_radius_depth_aggregation_20260525_1852.json,1,1.5998108461499214,0.0,1
sum,s2cag-i:10-L:1-r:1-agg:sum-gpu-feat:random,dyn_pubmed,999:10,gpu,0,random,True,10,cn69,s2cag,,smart,0.5076330900192261,0.0,0.14391489809524202,0.0,1,,experiment|s2cag-i:10-L:1-r:1-agg:sum-gpu-feat:random|s2cag|smart|10|1|1|sum|gpu|random|None|None|dyn_pubmed|True|999:10,results/paper_icdm/ablation_feature_radius_depth_aggregation_20260525_1852.json,1,5.274393066763878,0.0,1
norm,s2cag-i:10-L:1-r:2-agg:norm-gpu-feat:dataset,arxivmath,999:10,gpu,0,dataset,True,10,cn69,s2cag,,smart,0.10118689388036728,0.0,0.11340989994357337,0.0,2,,experiment|s2cag-i:10-L:1-r:2-agg:norm-gpu-feat:dataset|s2cag|smart|10|1|2|norm|gpu|dataset|None|None|arxivmath|True|999:10,results/paper_icdm/ablation_feature_radius_depth_aggregation_20260525_1852.json,1,4570.14938570559,0.0,1
norm,s2cag-i:10-L:1-r:2-agg:norm-gpu-feat:dataset,dyn_cora,999:10,gpu,0,dataset,False,10,cn69,s2cag,,smart,0.6641924381256104,0.0,0.4352241771012329,0.0,2,,experiment|s2cag-i:10-L:1-r:2-agg:norm-gpu-feat:dataset|s2cag|smart|10|1|2|norm|gpu|dataset|None|None|dyn_cora|False|999:10,results/paper_icdm/ablation_feature_radius_depth_aggregation_20260525_1852.json,1,5.891920775175095,0.0,1
norm,s2cag-i:10-L:1-r:2-agg:norm-gpu-feat:dataset,dyn_pubmed,999:10,gpu,0,dataset,True,10,cn69,s2cag,,smart,0.25780510902404785,0.0,0.09911191232244883,0.0,2,,experiment|s2cag-i:10-L:1-r:2-agg:norm-gpu-feat:dataset|s2cag|smart|10|1|2|norm|gpu|dataset|None|None|dyn_pubmed|True|999:10,results/paper_icdm/ablation_feature_radius_depth_aggregation_20260525_1852.json,1,98.53486540913582,0.0,1
norm,s2cag-i:10-L:1-r:2-agg:norm-gpu-feat:onehot,dyn_cora,999:10,gpu,0,onehot,False,10,cn69,s2cag,,smart,0.6649088859558105,0.0,0.4326178342047021,0.0,2,,experiment|s2cag-i:10-L:1-r:2-agg:norm-gpu-feat:onehot|s2cag|smart|10|1|2|norm|gpu|onehot|None|None|dyn_cora|False|999:10,results/paper_icdm/ablation_feature_radius_depth_aggregation_20260525_1852.json,1,5.542382530868053,0.0,1
norm,s2cag-i:10-L:1-r:2-agg:norm-gpu-feat:onehot,dyn_pubmed,999:10,gpu,0,onehot,True,10,cn69,s2cag,,smart,0.20294763147830963,0.0,0.13959421744690065,0.0,2,,experiment|s2cag-i:10-L:1-r:2-agg:norm-gpu-feat:onehot|s2cag|smart|10|1|2|norm|gpu|onehot|None|None|dyn_pubmed|True|999:10,results/paper_icdm/ablation_feature_radius_depth_aggregation_20260525_1852.json,1,1968.0348726809025,0.0,1
norm,s2cag-i:10-L:1-r:2-agg:norm-gpu-feat:random,dyn_cora,999:10,gpu,0,random,False,10,cn69,s2cag,,smart,0.6586130261421204,0.0,0.4079162577321871,0.0,2,,experiment|s2cag-i:10-L:1-r:2-agg:norm-gpu-feat:random|s2cag|smart|10|1|2|norm|gpu|random|None|None|dyn_cora|False|999:10,results/paper_icdm/ablation_feature_radius_depth_aggregation_20260525_1852.json,1,2.289621517062187,0.0,1
norm,s2cag-i:10-L:1-r:2-agg:norm-gpu-feat:random,dyn_pubmed,999:10,gpu,0,random,True,10,cn69,s2cag,,smart,0.18843092024326324,0.0,0.03847445446965655,0.0,2,,experiment|s2cag-i:10-L:1-r:2-agg:norm-gpu-feat:random|s2cag|smart|10|1|2|norm|gpu|random|None|None|dyn_pubmed|True|999:10,results/paper_icdm/ablation_feature_radius_depth_aggregation_20260525_1852.json,1,39.12539182603359,0.0,1
sum,s2cag-i:10-L:1-r:2-agg:sum-gpu-feat:dataset,arxivmath,999:10,gpu,0,dataset,True,10,cn69,s2cag,,smart,0.10118689388036728,0.0,0.11340989994357337,0.0,2,,experiment|s2cag-i:10-L:1-r:2-agg:sum-gpu-feat:dataset|s2cag|smart|10|1|2|sum|gpu|dataset|None|None|arxivmath|True|999:10,results/paper_icdm/ablation_feature_radius_depth_aggregation_20260525_1852.json,1,4533.1057736724615,0.0,1
sum,s2cag-i:10-L:1-r:2-agg:sum-gpu-feat:dataset,dyn_cora,999:10,gpu,0,dataset,False,10,cn69,s2cag,,smart,0.6641924381256104,0.0,0.4352241771012329,0.0,2,,experiment|s2cag-i:10-L:1-r:2-agg:sum-gpu-feat:dataset|s2cag|smart|10|1|2|sum|gpu|dataset|None|None|dyn_cora|False|999:10,results/paper_icdm/ablation_feature_radius_depth_aggregation_20260525_1852.json,1,11.687124013900757,0.0,1
sum,s2cag-i:10-L:1-r:2-agg:sum-gpu-feat:dataset,dyn_pubmed,999:10,gpu,0,dataset,True,10,cn69,s2cag,,smart,0.25780510902404785,0.0,0.09911191232244883,0.0,2,,experiment|s2cag-i:10-L:1-r:2-agg:sum-gpu-feat:dataset|s2cag|smart|10|1|2|sum|gpu|dataset|None|None|dyn_pubmed|True|999:10,results/paper_icdm/ablation_feature_radius_depth_aggregation_20260525_1852.json,1,97.16427952051163,0.0,1
sum,s2cag-i:10-L:1-r:2-agg:sum-gpu-feat:onehot,dyn_cora,999:10,gpu,0,onehot,False,10,cn69,s2cag,,smart,0.6648451685905457,0.0,0.43282976620085195,0.0,2,,experiment|s2cag-i:10-L:1-r:2-agg:sum-gpu-feat:onehot|s2cag|smart|10|1|2|sum|gpu|onehot|None|None|dyn_cora|False|999:10,results/paper_icdm/ablation_feature_radius_depth_aggregation_20260525_1852.json,1,6.14712069183588,0.0,1
sum,s2cag-i:10-L:1-r:2-agg:sum-gpu-feat:onehot,dyn_pubmed,999:10,gpu,0,onehot,True,10,cn69,s2cag,,smart,0.20503513514995575,0.0,0.13913580308815837,0.0,2,,experiment|s2cag-i:10-L:1-r:2-agg:sum-gpu-feat:onehot|s2cag|smart|10|1|2|sum|gpu|onehot|None|None|dyn_pubmed|True|999:10,results/paper_icdm/ablation_feature_radius_depth_aggregation_20260525_1852.json,1,1561.91289139539,0.0,1
sum,s2cag-i:10-L:1-r:2-agg:sum-gpu-feat:random,dyn_cora,999:10,gpu,0,random,False,10,cn69,s2cag,,smart,0.6586130261421204,0.0,0.4079162577321871,0.0,2,,experiment|s2cag-i:10-L:1-r:2-agg:sum-gpu-feat:random|s2cag|smart|10|1|2|sum|gpu|random|None|None|dyn_cora|False|999:10,results/paper_icdm/ablation_feature_radius_depth_aggregation_20260525_1852.json,1,2.183795340359211,0.0,1
sum,s2cag-i:10-L:1-r:2-agg:sum-gpu-feat:random,dyn_pubmed,999:10,gpu,0,random,True,10,cn69,s2cag,,smart,0.18843092024326324,0.0,0.03847445446965655,0.0,2,,experiment|s2cag-i:10-L:1-r:2-agg:sum-gpu-feat:random|s2cag|smart|10|1|2|sum|gpu|random|None|None|dyn_pubmed|True|999:10,results/paper_icdm/ablation_feature_radius_depth_aggregation_20260525_1852.json,1,31.327370010316372,0.0,1
norm,s2cag-i:10-L:2-r:0-agg:norm-gpu-feat:random,arxivmath,999:10,gpu,0,random,False,10,cn69,s2cag,,smart,0.7856228351593018,0.0,0.24375655100819013,0.0,0,,experiment|s2cag-i:10-L:2-r:0-agg:norm-gpu-feat:random|s2cag|smart|10|2|0|norm|gpu|random|None|None|arxivmath|False|999:10,results/drobyshev/experiment_20260515_0109.json,2,7.759648188948631,0.0,1
norm,s2cag-i:10-L:2-r:0-agg:norm-gpu-feat:random,dyn_acm,999:10,gpu,0,random,False,10,cn69,s2cag,,smart,0.7925640940666199,0.0,0.2654669387449644,0.0,0,,experiment|s2cag-i:10-L:2-r:0-agg:norm-gpu-feat:random|s2cag|smart|10|2|0|norm|gpu|random|None|None|dyn_acm|False|999:10,results/drobyshev/experiment_20260515_0109.json,2,3.1057066470384598,0.0,1
norm,s2cag-i:10-L:2-r:0-agg:norm-gpu-feat:random,dyn_citeseer,999:10,gpu,0,random,False,10,cn69,s2cag,,smart,0.8739416599273682,0.0,0.3340582637866388,0.0,0,,experiment|s2cag-i:10-L:2-r:0-agg:norm-gpu-feat:random|s2cag|smart|10|2|0|norm|gpu|random|None|None|dyn_citeseer|False|999:10,results/drobyshev/experiment_20260515_0109.json,2,2.585694957524538,0.0,1
norm,s2cag-i:10-L:2-r:0-agg:norm-gpu-feat:random,dyn_cora,999:10,gpu,0,random,False,10,cn69,s2cag,,smart,0.8132850527763367,0.0,0.44872173325296977,0.0,0,,experiment|s2cag-i:10-L:2-r:0-agg:norm-gpu-feat:random|s2cag|smart|10|2|0|norm|gpu|random|None|None|dyn_cora|False|999:10,results/drobyshev/experiment_20260515_0109.json,2,3.1072165183722973,0.0,1
norm,s2cag-i:10-L:2-r:0-agg:norm-gpu-feat:random,dyn_pubmed,999:10,gpu,0,random,False,10,cn69,s2cag,,smart,0.6931173205375671,0.0,0.14895862123151812,0.0,0,,experiment|s2cag-i:10-L:2-r:0-agg:norm-gpu-feat:random|s2cag|smart|10|2|0|norm|gpu|random|None|None|dyn_pubmed|False|999:10,results/drobyshev/experiment_20260515_0109.json,2,3.216571792960167,0.0,1
norm,s2cag-i:10-L:2-r:0-agg:norm-gpu-feat:random,lkml-reply,999:10,gpu,0,random,False,10,cn69,s2cag,,smart,0.16939803957939148,0.0,,,0,,experiment|s2cag-i:10-L:2-r:0-agg:norm-gpu-feat:random|s2cag|smart|10|2|0|norm|gpu|random|None|None|lkml-reply|False|999:10,results/drobyshev/experiment_20260515_0109.json,2,5.74644111469388,0.0,1
norm,s2cag-i:10-L:2-r:0-agg:norm-gpu-feat:random,patent,999:10,gpu,0,random,False,10,cn69,s2cag,,smart,0.8321934342384338,0.0,0.3606930719170098,0.0,0,,experiment|s2cag-i:10-L:2-r:0-agg:norm-gpu-feat:random|s2cag|smart|10|2|0|norm|gpu|random|None|None|patent|False|999:10,results/drobyshev/experiment_20260515_0109.json,2,3.1176485866308212,0.0,1
norm,s2cag-i:10-L:2-r:1-agg:norm-gpu-feat:random,arxivmath,999:10,gpu,0,random,False,10,cn69,s2cag,,smart,0.6610995531082153,0.0,0.20938199971423413,0.0,1,,experiment|s2cag-i:10-L:2-r:1-agg:norm-gpu-feat:random|s2cag|smart|10|2|1|norm|gpu|random|None|None|arxivmath|False|999:10,results/drobyshev/experiment_20260515_0109.json,2,123.7846484221518,0.0,1
norm,s2cag-i:10-L:2-r:1-agg:norm-gpu-feat:random,dyn_acm,999:10,gpu,0,random,False,10,cn69,s2cag,,smart,0.5936617851257324,0.0,0.21681518166973018,0.0,1,,experiment|s2cag-i:10-L:2-r:1-agg:norm-gpu-feat:random|s2cag|smart|10|2|1|norm|gpu|random|None|None|dyn_acm|False|999:10,results/drobyshev/experiment_20260515_0109.json,2,5.459313966333866,0.0,1
norm,s2cag-i:10-L:2-r:1-agg:norm-gpu-feat:random,dyn_citeseer,999:10,gpu,0,random,False,10,cn69,s2cag,,smart,0.7779039144515991,0.0,0.3218845427711676,0.0,1,,experiment|s2cag-i:10-L:2-r:1-agg:norm-gpu-feat:random|s2cag|smart|10|2|1|norm|gpu|random|None|None|dyn_citeseer|False|999:10,results/drobyshev/experiment_20260515_0109.json,2,3.045312099158764,0.0,1
norm,s2cag-i:10-L:2-r:1-agg:norm-gpu-feat:random,dyn_cora,999:10,gpu,0,random,False,10,cn69,s2cag,,smart,0.7713344693183899,0.0,0.42820531994524086,0.0,1,,experiment|s2cag-i:10-L:2-r:1-agg:norm-gpu-feat:random|s2cag|smart|10|2|1|norm|gpu|random|None|None|dyn_cora|False|999:10,results/drobyshev/experiment_20260515_0109.json,2,3.1139838322997093,0.0,1
norm,s2cag-i:10-L:2-r:1-agg:norm-gpu-feat:random,dyn_pubmed,999:10,gpu,0,random,False,10,cn69,s2cag,,smart,0.47391435503959656,0.0,0.11329419213469936,0.0,1,,experiment|s2cag-i:10-L:2-r:1-agg:norm-gpu-feat:random|s2cag|smart|10|2|1|norm|gpu|random|None|None|dyn_pubmed|False|999:10,results/drobyshev/experiment_20260515_0109.json,2,7.9107343927025795,0.0,1
norm,s2cag-i:10-L:2-r:1-agg:norm-gpu-feat:random,lkml-reply,999:10,gpu,0,random,False,10,cn69,s2cag,,smart,0.08093607425689697,0.0,,,1,,experiment|s2cag-i:10-L:2-r:1-agg:norm-gpu-feat:random|s2cag|smart|10|2|1|norm|gpu|random|None|None|lkml-reply|False|999:10,results/drobyshev/experiment_20260515_0109.json,2,1235.938703391701,0.0,1
norm,s2cag-i:10-L:2-r:1-agg:norm-gpu-feat:random,patent,999:10,gpu,0,random,False,10,cn69,s2cag,,smart,0.6574162840843201,0.0,0.351433352959557,0.0,1,,experiment|s2cag-i:10-L:2-r:1-agg:norm-gpu-feat:random|s2cag|smart|10|2|1|norm|gpu|random|None|None|patent|False|999:10,results/drobyshev/experiment_20260515_0109.json,2,17.807126566767693,0.0,1
norm,s2cag-i:10-L:3-r:0-agg:norm-gpu-feat:dataset,arxivmath,999:10,gpu,0,dataset,True,10,cn69,s2cag,,smart,0.7876463532447815,0.0,0.29509786265270666,0.0,0,,experiment|s2cag-i:10-L:3-r:0-agg:norm-gpu-feat:dataset|s2cag|smart|10|3|0|norm|gpu|dataset|None|None|arxivmath|True|999:10,results/paper_icdm/ablation_feature_radius_depth_aggregation_20260525_1852.json,3,28.3861496001482,0.0,1
norm,s2cag-i:10-L:3-r:0-agg:norm-gpu-feat:dataset,dyn_cora,999:10,gpu,0,dataset,False,10,cn69,s2cag,,smart,0.8182067275047302,0.0,0.4654673587543186,0.0,0,,experiment|s2cag-i:10-L:3-r:0-agg:norm-gpu-feat:dataset|s2cag|smart|10|3|0|norm|gpu|dataset|None|None|dyn_cora|False|999:10,results/paper_icdm/ablation_feature_radius_depth_aggregation_20260525_1852.json,3,6.363775201141834,0.0,1
norm,s2cag-i:10-L:3-r:0-agg:norm-gpu-feat:dataset,dyn_pubmed,999:10,gpu,0,dataset,True,10,cn69,s2cag,,smart,0.7422491908073425,0.0,0.1625726197575639,0.0,0,,experiment|s2cag-i:10-L:3-r:0-agg:norm-gpu-feat:dataset|s2cag|smart|10|3|0|norm|gpu|dataset|None|None|dyn_pubmed|True|999:10,results/paper_icdm/ablation_feature_radius_depth_aggregation_20260525_1852.json,3,5.915348470211029,0.0,1
norm,s2cag-i:10-L:3-r:0-agg:norm-gpu-feat:onehot,dyn_cora,999:10,gpu,0,onehot,False,10,cn69,s2cag,,smart,0.815381646156311,0.0,0.4653356472129218,0.0,0,,experiment|s2cag-i:10-L:3-r:0-agg:norm-gpu-feat:onehot|s2cag|smart|10|3|0|norm|gpu|onehot|None|None|dyn_cora|False|999:10,results/paper_icdm/ablation_feature_radius_depth_aggregation_20260525_1852.json,3,5.679193273186684,0.0,1
norm,s2cag-i:10-L:3-r:0-agg:norm-gpu-feat:onehot,dyn_pubmed,999:10,gpu,0,onehot,True,10,cn69,s2cag,,smart,0.7426899671554565,0.0,0.19066841438082213,0.0,0,,experiment|s2cag-i:10-L:3-r:0-agg:norm-gpu-feat:onehot|s2cag|smart|10|3|0|norm|gpu|onehot|None|None|dyn_pubmed|True|999:10,results/paper_icdm/ablation_feature_radius_depth_aggregation_20260525_1852.json,3,18.01073808968067,0.0,1
norm,s2cag-i:10-L:3-r:0-agg:norm-gpu-feat:random,arxivmath,999:10,gpu,0,random,False,10,cn69,s2cag,,smart,0.7847729325294495,0.0,0.2588035374794527,0.0,0,,experiment|s2cag-i:10-L:3-r:0-agg:norm-gpu-feat:random|s2cag|smart|10|3|0|norm|gpu|random|None|None|arxivmath|False|999:10,results/drobyshev/experiment_20260515_0109.json,3,12.228514689952135,0.0,1
norm,s2cag-i:10-L:3-r:0-agg:norm-gpu-feat:random,dyn_acm,999:10,gpu,0,random,False,10,cn69,s2cag,,smart,0.7942045331001282,0.0,0.2581326620221626,0.0,0,,experiment|s2cag-i:10-L:3-r:0-agg:norm-gpu-feat:random|s2cag|smart|10|3|0|norm|gpu|random|None|None|dyn_acm|False|999:10,results/drobyshev/experiment_20260515_0109.json,3,4.636554975062609,0.0,1
norm,s2cag-i:10-L:3-r:0-agg:norm-gpu-feat:random,dyn_citeseer,999:10,gpu,0,random,False,10,cn69,s2cag,,smart,0.8517613410949707,0.0,0.3336520626624961,0.0,0,,experiment|s2cag-i:10-L:3-r:0-agg:norm-gpu-feat:random|s2cag|smart|10|3|0|norm|gpu|random|None|None|dyn_citeseer|False|999:10,results/drobyshev/experiment_20260515_0109.json,3,3.9300877898931503,0.0,1
norm,s2cag-i:10-L:3-r:0-agg:norm-gpu-feat:random,dyn_cora,999:10,gpu,0,random,False,10,cn69,s2cag,,smart,0.8177173137664795,0.0,0.4655799363139295,0.0,0,,experiment|s2cag-i:10-L:3-r:0-agg:norm-gpu-feat:random|s2cag|smart|10|3|0|norm|gpu|random|None|None|dyn_cora|False|999:10,results/drobyshev/experiment_20260515_0109.json;results/paper_icdm/ablation_feature_radius_depth_aggregation_20260525_1852.json;results/paper_icdm/ablation_gnn_radius_light_20260526_0026.json,3,7.6061132450898485,4.624743998314919,3
norm,s2cag-i:10-L:3-r:0-agg:norm-gpu-feat:random,dyn_pubmed,999:10,gpu,0,random,False,10,cn69,s2cag,,smart,0.7331627011299133,0.0,0.14789796034005923,0.0,0,,experiment|s2cag-i:10-L:3-r:0-agg:norm-gpu-feat:random|s2cag|smart|10|3|0|norm|gpu|random|None|None|dyn_pubmed|False|999:10,results/drobyshev/experiment_20260515_0109.json,3,4.841762378811836,0.0,1
norm,s2cag-i:10-L:3-r:0-agg:norm-gpu-feat:random,dyn_pubmed,999:10,gpu,0,random,True,10,cn69,s2cag,,smart,0.7187149524688721,0.0,0.15858562945237126,0.0,0,,experiment|s2cag-i:10-L:3-r:0-agg:norm-gpu-feat:random|s2cag|smart|10|3|0|norm|gpu|random|None|None|dyn_pubmed|True|999:10,results/paper_icdm/ablation_feature_radius_depth_aggregation_20260525_1852.json;results/paper_icdm/ablation_gnn_radius_light_20260526_0026.json,3,6.431472077965736,2.353112447645747,2
norm,s2cag-i:10-L:3-r:0-agg:norm-gpu-feat:random,lkml-reply,999:10,gpu,0,random,False,10,cn69,s2cag,,smart,0.19558072090148926,0.0,,,0,,experiment|s2cag-i:10-L:3-r:0-agg:norm-gpu-feat:random|s2cag|smart|10|3|0|norm|gpu|random|None|None|lkml-reply|False|999:10,results/drobyshev/experiment_20260515_0109.json,3,8.119612514972687,0.0,1
norm,s2cag-i:10-L:3-r:0-agg:norm-gpu-feat:random,patent,999:10,gpu,0,random,False,10,cn69,s2cag,,smart,0.8321934342384338,0.0,0.3606213680230392,0.0,0,,experiment|s2cag-i:10-L:3-r:0-agg:norm-gpu-feat:random|s2cag|smart|10|3|0|norm|gpu|random|None|None|patent|False|999:10,results/drobyshev/experiment_20260515_0109.json,3,4.687034297734499,0.0,1
sum,s2cag-i:10-L:3-r:0-agg:sum-gpu-feat:dataset,arxivmath,999:10,gpu,0,dataset,True,10,cn69,s2cag,,smart,0.7876463532447815,0.0,0.29509786265270666,0.0,0,,experiment|s2cag-i:10-L:3-r:0-agg:sum-gpu-feat:dataset|s2cag|smart|10|3|0|sum|gpu|dataset|None|None|arxivmath|True|999:10,results/paper_icdm/ablation_feature_radius_depth_aggregation_20260525_1852.json,3,28.60589636862278,0.0,1
sum,s2cag-i:10-L:3-r:0-agg:sum-gpu-feat:dataset,dyn_cora,999:10,gpu,0,dataset,False,10,cn69,s2cag,,smart,0.8182067275047302,0.0,0.4654673587543186,0.0,0,,experiment|s2cag-i:10-L:3-r:0-agg:sum-gpu-feat:dataset|s2cag|smart|10|3|0|sum|gpu|dataset|None|None|dyn_cora|False|999:10,results/paper_icdm/ablation_feature_radius_depth_aggregation_20260525_1852.json,3,5.794037535786629,0.0,1
sum,s2cag-i:10-L:3-r:0-agg:sum-gpu-feat:dataset,dyn_pubmed,999:10,gpu,0,dataset,True,10,cn69,s2cag,,smart,0.7422491908073425,0.0,0.1625726197575639,0.0,0,,experiment|s2cag-i:10-L:3-r:0-agg:sum-gpu-feat:dataset|s2cag|smart|10|3|0|sum|gpu|dataset|None|None|dyn_pubmed|True|999:10,results/paper_icdm/ablation_feature_radius_depth_aggregation_20260525_1852.json,3,6.06878974288702,0.0,1
sum,s2cag-i:10-L:3-r:0-agg:sum-gpu-feat:onehot,dyn_cora,999:10,gpu,0,onehot,False,10,cn69,s2cag,,smart,0.815381646156311,0.0,0.4653356472129218,0.0,0,,experiment|s2cag-i:10-L:3-r:0-agg:sum-gpu-feat:onehot|s2cag|smart|10|3|0|sum|gpu|onehot|None|None|dyn_cora|False|999:10,results/paper_icdm/ablation_feature_radius_depth_aggregation_20260525_1852.json,3,5.69310550391674,0.0,1
sum,s2cag-i:10-L:3-r:0-agg:sum-gpu-feat:onehot,dyn_pubmed,999:10,gpu,0,onehot,True,10,cn69,s2cag,,smart,0.7578255534172058,0.0,0.19982752220529612,0.0,0,,experiment|s2cag-i:10-L:3-r:0-agg:sum-gpu-feat:onehot|s2cag|smart|10|3|0|sum|gpu|onehot|None|None|dyn_pubmed|True|999:10,results/paper_icdm/ablation_feature_radius_depth_aggregation_20260525_1852.json,3,17.777227133512497,0.0,1
sum,s2cag-i:10-L:3-r:0-agg:sum-gpu-feat:random,dyn_cora,999:10,gpu,0,random,False,10,cn69,s2cag,,smart,0.8177173137664795,0.0,0.4655799363139295,0.0,0,,experiment|s2cag-i:10-L:3-r:0-agg:sum-gpu-feat:random|s2cag|smart|10|3|0|sum|gpu|random|None|None|dyn_cora|False|999:10,results/paper_icdm/ablation_feature_radius_depth_aggregation_20260525_1852.json,3,5.0180889293551445,0.0,1
sum,s2cag-i:10-L:3-r:0-agg:sum-gpu-feat:random,dyn_pubmed,999:10,gpu,0,random,True,10,cn69,s2cag,,smart,0.7187149524688721,0.0,0.15858562945237126,0.0,0,,experiment|s2cag-i:10-L:3-r:0-agg:sum-gpu-feat:random|s2cag|smart|10|3|0|sum|gpu|random|None|None|dyn_pubmed|True|999:10,results/paper_icdm/ablation_feature_radius_depth_aggregation_20260525_1852.json,3,5.311803728342056,0.0,1
norm,s2cag-i:10-L:3-r:1-agg:norm-gpu-feat:dataset,arxivmath,999:10,gpu,0,dataset,False,10,cn69,s2cag,,smart,0.13191057741641998,0.0,0.15066440303246503,0.0,1,,experiment|s2cag-i:10-L:3-r:1-agg:norm-gpu-feat:dataset|s2cag|smart|10|3|1|norm|gpu|dataset|None|None|arxivmath|False|999:10,results/drobyshev/smart_20260512_1207.json;results/drobyshev/smart_20260513_1026.json,3,226.09724153205752,11.117383183923172,2
norm,s2cag-i:10-L:3-r:1-agg:norm-gpu-feat:dataset,arxivmath,999:10,gpu,0,dataset,True,10,cn69,s2cag,,smart,0.08881494402885437,0.0,0.1427594617451907,0.0,1,,experiment|s2cag-i:10-L:3-r:1-agg:norm-gpu-feat:dataset|s2cag|smart|10|3|1|norm|gpu|dataset|None|None|arxivmath|True|999:10,results/paper_icdm/ablation_feature_radius_depth_aggregation_20260525_1852.json;results/paper_icdm/main_gnn_feature_20260525_1852.json,3,228.56453010439873,15.446518502835264,2
norm,s2cag-i:10-L:3-r:1-agg:norm-gpu-feat:dataset,dyn_acm,999:10,gpu,0,dataset,False,10,cn69,s2cag,,smart,0.6161866188049316,0.0,0.24213718611997864,0.0,1,,experiment|s2cag-i:10-L:3-r:1-agg:norm-gpu-feat:dataset|s2cag|smart|10|3|1|norm|gpu|dataset|None|None|dyn_acm|False|999:10,results/drobyshev/smart_20260512_1207.json;results/drobyshev/smart_20260513_1026.json;results/paper_icdm/main_gnn_feature_20260525_1852.json,3,21.89736809829871,4.967626112677587,3
norm,s2cag-i:10-L:3-r:1-agg:norm-gpu-feat:dataset,dyn_citeseer,999:10,gpu,0,dataset,False,10,cn69,s2cag,,smart,0.7749589681625366,0.0,0.323053974037364,0.0,1,,experiment|s2cag-i:10-L:3-r:1-agg:norm-gpu-feat:dataset|s2cag|smart|10|3|1|norm|gpu|dataset|None|None|dyn_citeseer|False|999:10,results/drobyshev/smart_20260512_1207.json;results/drobyshev/smart_20260513_1026.json;results/paper_icdm/main_gnn_feature_20260525_1852.json,3,12.890300441533327,1.1546525987312777,3
norm,s2cag-i:10-L:3-r:1-agg:norm-gpu-feat:dataset,dyn_cora,999:10,gpu,0,dataset,False,10,cn69,s2cag,,smart,0.7876014709472656,0.0,0.46260621453044287,0.0,1,,experiment|s2cag-i:10-L:3-r:1-agg:norm-gpu-feat:dataset|s2cag|smart|10|3|1|norm|gpu|dataset|None|None|dyn_cora|False|999:10,results/drobyshev/smart_20260512_1207.json;results/drobyshev/smart_20260513_1026.json;results/paper_icdm/ablation_feature_modes_20260526_0024.json;results/paper_icdm/ablation_feature_radius_depth_aggregation_20260525_1852.json;results/paper_icdm/main_gnn_feature_20260525_1852.json,3,8.967728009819984,1.7429335080928512,5
norm,s2cag-i:10-L:3-r:1-agg:norm-gpu-feat:dataset,dyn_pubmed,999:10,gpu,0,dataset,False,10,cn69,s2cag,,smart,0.4864410161972046,0.0,0.13425012796426525,0.0,1,,experiment|s2cag-i:10-L:3-r:1-agg:norm-gpu-feat:dataset|s2cag|smart|10|3|1|norm|gpu|dataset|None|None|dyn_pubmed|False|999:10,results/drobyshev/smart_20260512_1207.json;results/drobyshev/smart_20260513_1026.json,3,31.47204623185098,1.5949144532699941,2
norm,s2cag-i:10-L:3-r:1-agg:norm-gpu-feat:dataset,dyn_pubmed,999:10,gpu,0,dataset,True,10,cn69,s2cag,,smart,0.5299513936042786,0.0,0.17537086762417284,0.0,1,,experiment|s2cag-i:10-L:3-r:1-agg:norm-gpu-feat:dataset|s2cag|smart|10|3|1|norm|gpu|dataset|None|None|dyn_pubmed|True|999:10,results/paper_icdm/ablation_feature_modes_20260526_0024.json;results/paper_icdm/ablation_feature_radius_depth_aggregation_20260525_1852.json;results/paper_icdm/main_gnn_feature_20260525_1852.json,3,76.56701663136482,56.94746099974251,3
norm,s2cag-i:10-L:3-r:1-agg:norm-gpu-feat:dataset,lkml-reply,999:10,gpu,0,dataset,False,10,cn69,s2cag,,smart,0.0965069830417633,0.0066596024597821105,,,1,,experiment|s2cag-i:10-L:3-r:1-agg:norm-gpu-feat:dataset|s2cag|smart|10|3|1|norm|gpu|dataset|None|None|lkml-reply|False|999:10,results/drobyshev/smart_20260512_1207.json;results/drobyshev/smart_20260513_1026.json,3,1774.9346334915608,12.52521348755128,2
norm,s2cag-i:10-L:3-r:1-agg:norm-gpu-feat:dataset,patent,999:10,gpu,0,dataset,False,10,cn69,s2cag,,smart,0.563761293888092,0.0,0.3508885954867286,0.0,1,,experiment|s2cag-i:10-L:3-r:1-agg:norm-gpu-feat:dataset|s2cag|smart|10|3|1|norm|gpu|dataset|None|None|patent|False|999:10,results/drobyshev/smart_20260512_1207.json;results/drobyshev/smart_20260513_1026.json,3,36.20207096450031,0.35221696934473196,2
norm,s2cag-i:10-L:3-r:1-agg:norm-gpu-feat:dataset,patent,999:10,gpu,0,dataset,True,10,cn69,s2cag,,smart,0.5407934784889221,0.0,0.3557763162010266,0.0,1,,experiment|s2cag-i:10-L:3-r:1-agg:norm-gpu-feat:dataset|s2cag|smart|10|3|1|norm|gpu|dataset|None|None|patent|True|999:10,results/paper_icdm/main_gnn_feature_20260525_1852.json,3,35.84002896398306,0.0,1
norm,s2cag-i:10-L:3-r:1-agg:norm-gpu-feat:onehot,dyn_cora,999:10,gpu,0,onehot,False,10,cn69,s2cag,,smart,0.7794012427330017,0.0,0.452194379655337,0.0,1,,experiment|s2cag-i:10-L:3-r:1-agg:norm-gpu-feat:onehot|s2cag|smart|10|3|1|norm|gpu|onehot|None|None|dyn_cora|False|999:10,results/paper_icdm/ablation_feature_modes_20260526_0024.json;results/paper_icdm/ablation_feature_radius_depth_aggregation_20260525_1852.json,3,13.550883088260889,5.936428820522808,2
norm,s2cag-i:10-L:3-r:1-agg:norm-gpu-feat:onehot,dyn_pubmed,999:10,gpu,0,onehot,True,10,cn69,s2cag,,smart,0.5024473667144775,0.0,0.15050604521001762,0.0,1,,experiment|s2cag-i:10-L:3-r:1-agg:norm-gpu-feat:onehot|s2cag|smart|10|3|1|norm|gpu|onehot|None|None|dyn_pubmed|True|999:10,results/paper_icdm/ablation_feature_modes_20260526_0024.json;results/paper_icdm/ablation_feature_radius_depth_aggregation_20260525_1852.json,3,253.64136190339923,92.51549698797079,2
norm,s2cag-i:10-L:3-r:1-agg:norm-gpu-feat:random,arxivmath,999:10,gpu,0,random,False,10,cn69,s2cag,,smart,0.6410570740699768,0.0,0.18140875455530042,0.0,1,,experiment|s2cag-i:10-L:3-r:1-agg:norm-gpu-feat:random|s2cag|smart|10|3|1|norm|gpu|random|None|None|arxivmath|False|999:10,results/drobyshev/experiment_20260515_0109.json;results/drobyshev/smart_20260512_1207.json;results/drobyshev/smart_20260513_1026.json,3,182.69969521462917,5.4184659749397115,3
norm,s2cag-i:10-L:3-r:1-agg:norm-gpu-feat:random,arxivmath,999:10,gpu,0,random,True,10,cn69,s2cag,,smart,0.570052295923233,0.024280496282277787,0.17173107327200904,0.01652123521386417,1,,experiment|s2cag-i:10-L:3-r:1-agg:norm-gpu-feat:random|s2cag|smart|10|3|1|norm|gpu|random|None|None|arxivmath|True|999:10,results/drobyshev/smart_20260519_0124.json;results/konovalov/split_s2cag_20260525_1649.json;results/paper_icdm/main_gnn_feature_20260525_1852.json;results/paper_icdm/stability_gnn_seed_1_20260526_0027.json;results/paper_icdm/stability_gnn_seed_2_20260526_0028.json;results/paper_icdm/stability_gnn_seed_3_20260526_0030.json;results/paper_icdm/stability_gnn_seed_4_20260526_0031.json;results/paper_icdm/stability_gnn_seed_5_20260526_0032.json,3,613.5264137387276,339.5119195748467,8
norm,s2cag-i:10-L:3-r:1-agg:norm-gpu-feat:random,arxivmath,999:160,gpu,0,random,True,10,cn69,s2cag,,smart,0.4865048825740814,0.0,0.15505362474891224,0.0,1,,experiment|s2cag-i:10-L:3-r:1-agg:norm-gpu-feat:random|s2cag|smart|10|3|1|norm|gpu|random|None|None|arxivmath|True|999:160,results/konovalov/split_s2cag_20260525_1649.json,3,359.69734489172697,0.0,1
norm,s2cag-i:10-L:3-r:1-agg:norm-gpu-feat:random,arxivmath,999:20,gpu,0,random,True,10,cn69,s2cag,,smart,0.582223653793335,0.0,0.17772082001197173,0.0,1,,experiment|s2cag-i:10-L:3-r:1-agg:norm-gpu-feat:random|s2cag|smart|10|3|1|norm|gpu|random|None|None|arxivmath|True|999:20,results/konovalov/split_s2cag_20260525_1649.json,3,138.03453999757767,0.0,1
norm,s2cag-i:10-L:3-r:1-agg:norm-gpu-feat:random,arxivmath,999:320,gpu,0,random,True,10,cn69,s2cag,,smart,0.44915375113487244,0.0,0.16010942058581912,0.0,1,,experiment|s2cag-i:10-L:3-r:1-agg:norm-gpu-feat:random|s2cag|smart|10|3|1|norm|gpu|random|None|None|arxivmath|True|999:320,results/konovalov/split_s2cag_20260525_1649.json,3,688.7447474598885,0.0,1
norm,s2cag-i:10-L:3-r:1-agg:norm-gpu-feat:random,arxivmath,999:40,gpu,0,random,True,10,cn69,s2cag,,smart,0.530376136302948,0.0,0.15744270012426434,0.0,1,,experiment|s2cag-i:10-L:3-r:1-agg:norm-gpu-feat:random|s2cag|smart|10|3|1|norm|gpu|random|None|None|arxivmath|True|999:40,results/konovalov/split_s2cag_20260525_1649.json,3,134.73648503422737,0.0,1
norm,s2cag-i:10-L:3-r:1-agg:norm-gpu-feat:random,arxivmath,999:5,gpu,0,random,True,10,cn69,s2cag,,smart,0.5281794667243958,0.0,0.17479015472487833,0.0,1,,experiment|s2cag-i:10-L:3-r:1-agg:norm-gpu-feat:random|s2cag|smart|10|3|1|norm|gpu|random|None|None|arxivmath|True|999:5,results/konovalov/long_s2cag_20260525_1753.json;results/konovalov/split_s2cag_20260525_1649.json,3,282.5872586481273,6.389666377780654,2
norm,s2cag-i:10-L:3-r:1-agg:norm-gpu-feat:random,arxivmath,999:80,gpu,0,random,True,10,cn69,s2cag,,smart,0.3936130106449127,0.0,0.1432649262725568,0.0,1,,experiment|s2cag-i:10-L:3-r:1-agg:norm-gpu-feat:random|s2cag|smart|10|3|1|norm|gpu|random|None|None|arxivmath|True|999:80,results/konovalov/split_s2cag_20260525_1649.json,3,183.54346270114183,0.0,1
norm,s2cag-i:10-L:3-r:1-agg:norm-gpu-feat:random,arxivmath,99:50,gpu,0,random,True,10,cn69,s2cag,,smart,0.16249911487102509,0.0,0.10775812052236054,0.0,1,,experiment|s2cag-i:10-L:3-r:1-agg:norm-gpu-feat:random|s2cag|smart|10|3|1|norm|gpu|random|None|None|arxivmath|True|99:50,results/konovalov/plus_s2cag_20260525_1912.json,3,3908.7623327076435,0.0,1
norm,s2cag-i:10-L:3-r:1-agg:norm-gpu-feat:random,arxivmath,9:500,gpu,0,random,True,10,cn69,s2cag,,smart,0.10037462413311005,0.0,0.09707080008661846,0.0,1,,experiment|s2cag-i:10-L:3-r:1-agg:norm-gpu-feat:random|s2cag|smart|10|3|1|norm|gpu|random|None|None|arxivmath|True|9:500,results/konovalov/plus_s2cag_20260525_1912.json,3,21233.283682093024,0.0,1
norm,s2cag-i:10-L:3-r:1-agg:norm-gpu-feat:random,dyn_acm,999:10,gpu,0,random,False,10,cn69,s2cag,,smart,0.6210266888141632,0.003801850077659479,0.23483609843380182,0.0031337584398006043,1,,experiment|s2cag-i:10-L:3-r:1-agg:norm-gpu-feat:random|s2cag|smart|10|3|1|norm|gpu|random|None|None|dyn_acm|False|999:10,results/drobyshev/experiment_20260515_0109.json;results/drobyshev/smart_20260512_1207.json;results/drobyshev/smart_20260513_1026.json;results/drobyshev/smart_20260519_0124.json;results/paper_icdm/main_gnn_feature_20260525_1852.json;results/paper_icdm/stability_gnn_seed_1_20260526_0027.json;results/paper_icdm/stability_gnn_seed_2_20260526_0028.json;results/paper_icdm/stability_gnn_seed_3_20260526_0030.json;results/paper_icdm/stability_gnn_seed_4_20260526_0031.json;results/paper_icdm/stability_gnn_seed_5_20260526_0032.json,3,16.604826964810492,9.921788063257715,10
norm,s2cag-i:10-L:3-r:1-agg:norm-gpu-feat:random,dyn_citeseer,999:10,gpu,0,random,False,10,cn69,s2cag,,smart,0.7729062736034393,0.0025575302359352636,0.32023010704763527,0.002245134379914975,1,,experiment|s2cag-i:10-L:3-r:1-agg:norm-gpu-feat:random|s2cag|smart|10|3|1|norm|gpu|random|None|None|dyn_citeseer|False|999:10,results/drobyshev/experiment_20260515_0109.json;results/drobyshev/smart_20260512_1207.json;results/drobyshev/smart_20260513_1026.json;results/drobyshev/smart_20260519_0124.json;results/paper_icdm/main_gnn_feature_20260525_1852.json;results/paper_icdm/stability_gnn_seed_1_20260526_0027.json;results/paper_icdm/stability_gnn_seed_2_20260526_0028.json;results/paper_icdm/stability_gnn_seed_3_20260526_0030.json;results/paper_icdm/stability_gnn_seed_4_20260526_0031.json;results/paper_icdm/stability_gnn_seed_5_20260526_0032.json,3,9.473522325977683,5.642146260141226,10
norm,s2cag-i:10-L:3-r:1-agg:norm-gpu-feat:random,dyn_cora,999:10,gpu,0,random,False,10,cn69,s2cag,,smart,0.7851740505014148,0.0018539523228008389,0.4635131912352756,0.0021429400558772745,1,,experiment|s2cag-i:10-L:3-r:1-agg:norm-gpu-feat:random|s2cag|smart|10|3|1|norm|gpu|random|None|None|dyn_cora|False|999:10,results/drobyshev/experiment_20260515_0109.json;results/drobyshev/smart_20260512_1207.json;results/drobyshev/smart_20260513_1026.json;results/drobyshev/smart_20260519_0124.json;results/paper_icdm/ablation_feature_aggregation_20260526_0025.json;results/paper_icdm/ablation_feature_modes_20260526_0024.json;results/paper_icdm/ablation_feature_radius_depth_aggregation_20260525_1852.json;results/paper_icdm/ablation_gnn_radius_light_20260526_0026.json;results/paper_icdm/main_gnn_feature_20260525_1852.json;results/paper_icdm/stability_gnn_seed_1_20260526_0027.json;results/paper_icdm/stability_gnn_seed_2_20260526_0028.json;results/paper_icdm/stability_gnn_seed_3_20260526_0030.json;results/paper_icdm/stability_gnn_seed_4_20260526_0031.json;results/paper_icdm/stability_gnn_seed_5_20260526_0032.json,3,8.652919410062688,3.800757420682735,14
norm,s2cag-i:10-L:3-r:1-agg:norm-gpu-feat:random,dyn_pubmed,999:10,gpu,0,random,False,10,cn69,s2cag,,smart,0.5522000193595886,0.0,0.11365702144692501,0.0,1,,experiment|s2cag-i:10-L:3-r:1-agg:norm-gpu-feat:random|s2cag|smart|10|3|1|norm|gpu|random|None|None|dyn_pubmed|False|999:10,results/drobyshev/experiment_20260515_0109.json;results/drobyshev/smart_20260512_1207.json;results/drobyshev/smart_20260513_1026.json,3,12.171283703297377,0.2740190786810024,3
norm,s2cag-i:10-L:3-r:1-agg:norm-gpu-feat:random,dyn_pubmed,999:10,gpu,0,random,True,10,cn69,s2cag,,smart,0.5068811302383741,0.022861806871907694,0.12627300212971845,0.02015177060843774,1,,experiment|s2cag-i:10-L:3-r:1-agg:norm-gpu-feat:random|s2cag|smart|10|3|1|norm|gpu|random|None|None|dyn_pubmed|True|999:10,results/drobyshev/smart_20260519_0124.json;results/konovalov/split_s2cag_20260525_1649.json;results/paper_icdm/ablation_feature_aggregation_20260526_0025.json;results/paper_icdm/ablation_feature_modes_20260526_0024.json;results/paper_icdm/ablation_feature_radius_depth_aggregation_20260525_1852.json;results/paper_icdm/ablation_gnn_radius_light_20260526_0026.json;results/paper_icdm/main_gnn_feature_20260525_1852.json;results/paper_icdm/stability_gnn_seed_1_20260526_0027.json;results/paper_icdm/stability_gnn_seed_2_20260526_0028.json;results/paper_icdm/stability_gnn_seed_3_20260526_0030.json;results/paper_icdm/stability_gnn_seed_4_20260526_0031.json;results/paper_icdm/stability_gnn_seed_5_20260526_0032.json,3,45.76616830999652,30.601682508048672,12
norm,s2cag-i:10-L:3-r:1-agg:norm-gpu-feat:random,dyn_pubmed,999:160,gpu,0,random,True,10,cn69,s2cag,,smart,0.534012496471405,0.0,0.185921215929425,0.0,1,,experiment|s2cag-i:10-L:3-r:1-agg:norm-gpu-feat:random|s2cag|smart|10|3|1|norm|gpu|random|None|None|dyn_pubmed|True|999:160,results/konovalov/split_s2cag_20260525_1649.json,3,24.407941460609436,0.0,1
norm,s2cag-i:10-L:3-r:1-agg:norm-gpu-feat:random,dyn_pubmed,999:20,gpu,0,random,True,10,cn69,s2cag,,smart,0.5043678283691406,0.0,0.15473196532824715,0.0,1,,experiment|s2cag-i:10-L:3-r:1-agg:norm-gpu-feat:random|s2cag|smart|10|3|1|norm|gpu|random|None|None|dyn_pubmed|True|999:20,results/konovalov/split_s2cag_20260525_1649.json,3,15.307017087936401,0.0,1
norm,s2cag-i:10-L:3-r:1-agg:norm-gpu-feat:random,dyn_pubmed,999:320,gpu,0,random,True,10,cn69,s2cag,,smart,0.534012496471405,0.0,0.185921215929425,0.0,1,,experiment|s2cag-i:10-L:3-r:1-agg:norm-gpu-feat:random|s2cag|smart|10|3|1|norm|gpu|random|None|None|dyn_pubmed|True|999:320,results/konovalov/split_s2cag_20260525_1649.json,3,24.357981219887733,0.0,1
norm,s2cag-i:10-L:3-r:1-agg:norm-gpu-feat:random,dyn_pubmed,999:40,gpu,0,random,True,10,cn69,s2cag,,smart,0.5289557576179504,0.0,0.17944498478580653,0.0,1,,experiment|s2cag-i:10-L:3-r:1-agg:norm-gpu-feat:random|s2cag|smart|10|3|1|norm|gpu|random|None|None|dyn_pubmed|True|999:40,results/konovalov/split_s2cag_20260525_1649.json,3,23.0301373898983,0.0,1
norm,s2cag-i:10-L:3-r:1-agg:norm-gpu-feat:random,dyn_pubmed,999:5,gpu,0,random,True,10,cn69,s2cag,,smart,0.5192569494247437,0.0,0.1254328960330754,0.0,1,,experiment|s2cag-i:10-L:3-r:1-agg:norm-gpu-feat:random|s2cag|smart|10|3|1|norm|gpu|random|None|None|dyn_pubmed|True|999:5,results/konovalov/long_s2cag_20260525_1753.json;results/konovalov/split_s2cag_20260525_1649.json,3,9.86719311773777,0.21671269925875558,2
norm,s2cag-i:10-L:3-r:1-agg:norm-gpu-feat:random,dyn_pubmed,999:80,gpu,0,random,True,10,cn69,s2cag,,smart,0.534012496471405,0.0,0.185921215929425,0.0,1,,experiment|s2cag-i:10-L:3-r:1-agg:norm-gpu-feat:random|s2cag|smart|10|3|1|norm|gpu|random|None|None|dyn_pubmed|True|999:80,results/konovalov/split_s2cag_20260525_1649.json,3,24.411021672189236,0.0,1
norm,s2cag-i:10-L:3-r:1-agg:norm-gpu-feat:random,dyn_pubmed,99:50,gpu,0,random,True,10,cn69,s2cag,,smart,0.13184064626693726,0.0,0.01597003848706112,0.0,1,,experiment|s2cag-i:10-L:3-r:1-agg:norm-gpu-feat:random|s2cag|smart|10|3|1|norm|gpu|random|None|None|dyn_pubmed|True|99:50,results/konovalov/long_s2cag_20260525_1753.json,3,101.14275538176298,0.0,1
norm,s2cag-i:10-L:3-r:1-agg:norm-gpu-feat:random,dyn_pubmed,9:500,gpu,0,random,True,10,cn69,s2cag,,smart,0.07026969641447067,0.0,0.0077946524731112455,0.0,1,,experiment|s2cag-i:10-L:3-r:1-agg:norm-gpu-feat:random|s2cag|smart|10|3|1|norm|gpu|random|None|None|dyn_pubmed|True|9:500,results/konovalov/long_s2cag_20260525_1753.json,3,1115.7962216734886,0.0,1
norm,s2cag-i:10-L:3-r:1-agg:norm-gpu-feat:random,lkml-reply,999:10,gpu,0,random,False,10,cn69,s2cag,,smart,0.08296527713537216,0.0,,,1,,experiment|s2cag-i:10-L:3-r:1-agg:norm-gpu-feat:random|s2cag|smart|10|3|1|norm|gpu|random|None|None|lkml-reply|False|999:10,results/drobyshev/experiment_20260515_0109.json;results/drobyshev/smart_20260512_1207.json;results/drobyshev/smart_20260513_1026.json,3,1763.4420711298783,171.0418557009205,3
norm,s2cag-i:10-L:3-r:1-agg:norm-gpu-feat:random,patent,999:10,gpu,0,random,False,10,cn69,s2cag,,smart,0.6586462259292603,0.0,0.3511244936206916,0.0,1,,experiment|s2cag-i:10-L:3-r:1-agg:norm-gpu-feat:random|s2cag|smart|10|3|1|norm|gpu|random|None|None|patent|False|999:10,results/drobyshev/experiment_20260515_0109.json;results/drobyshev/smart_20260512_1207.json;results/drobyshev/smart_20260513_1026.json,3,25.695007724066574,2.0001553758440527,3
norm,s2cag-i:10-L:3-r:1-agg:norm-gpu-feat:random,patent,999:10,gpu,0,random,True,10,cn69,s2cag,,smart,0.6562094603266034,0.003539564353289837,0.3564778050279792,0.00020309273558911285,1,,experiment|s2cag-i:10-L:3-r:1-agg:norm-gpu-feat:random|s2cag|smart|10|3|1|norm|gpu|random|None|None|patent|True|999:10,results/drobyshev/smart_20260519_0124.json;results/paper_icdm/main_gnn_feature_20260525_1852.json;results/paper_icdm/stability_gnn_seed_1_20260526_0027.json;results/paper_icdm/stability_gnn_seed_2_20260526_0028.json;results/paper_icdm/stability_gnn_seed_3_20260526_0030.json;results/paper_icdm/stability_gnn_seed_4_20260526_0031.json;results/paper_icdm/stability_gnn_seed_5_20260526_0032.json,3,134.14137299731374,83.96927792407455,7
sum,s2cag-i:10-L:3-r:1-agg:sum-gpu-feat:dataset,arxivmath,999:10,gpu,0,dataset,True,10,cn69,s2cag,,smart,0.08881494402885437,0.0,0.1427594617451907,0.0,1,,experiment|s2cag-i:10-L:3-r:1-agg:sum-gpu-feat:dataset|s2cag|smart|10|3|1|sum|gpu|dataset|None|None|arxivmath|True|999:10,results/paper_icdm/ablation_feature_radius_depth_aggregation_20260525_1852.json,3,224.04895550757647,0.0,1
sum,s2cag-i:10-L:3-r:1-agg:sum-gpu-feat:dataset,dyn_cora,999:10,gpu,0,dataset,False,10,cn69,s2cag,,smart,0.7876014709472656,0.0,0.46280236753233295,0.0,1,,experiment|s2cag-i:10-L:3-r:1-agg:sum-gpu-feat:dataset|s2cag|smart|10|3|1|sum|gpu|dataset|None|None|dyn_cora|False|999:10,results/paper_icdm/ablation_feature_radius_depth_aggregation_20260525_1852.json,3,6.76332601159811,0.0,1
sum,s2cag-i:10-L:3-r:1-agg:sum-gpu-feat:dataset,dyn_pubmed,999:10,gpu,0,dataset,True,10,cn69,s2cag,,smart,0.5299513936042786,0.0,0.17537086762417284,0.0,1,,experiment|s2cag-i:10-L:3-r:1-agg:sum-gpu-feat:dataset|s2cag|smart|10|3|1|sum|gpu|dataset|None|None|dyn_pubmed|True|999:10,results/paper_icdm/ablation_feature_radius_depth_aggregation_20260525_1852.json,3,40.73225290328264,0.0,1
sum,s2cag-i:10-L:3-r:1-agg:sum-gpu-feat:onehot,dyn_cora,999:10,gpu,0,onehot,False,10,cn69,s2cag,,smart,0.7780366539955139,0.0,0.4520626244592098,0.0,1,,experiment|s2cag-i:10-L:3-r:1-agg:sum-gpu-feat:onehot|s2cag|smart|10|3|1|sum|gpu|onehot|None|None|dyn_cora|False|999:10,results/paper_icdm/ablation_feature_radius_depth_aggregation_20260525_1852.json,3,11.17140680551529,0.0,1
sum,s2cag-i:10-L:3-r:1-agg:sum-gpu-feat:onehot,dyn_pubmed,999:10,gpu,0,onehot,True,10,cn69,s2cag,,smart,0.5227991938591003,0.0,0.17639750468429558,0.0,1,,experiment|s2cag-i:10-L:3-r:1-agg:sum-gpu-feat:onehot|s2cag|smart|10|3|1|sum|gpu|onehot|None|None|dyn_pubmed|True|999:10,results/paper_icdm/ablation_feature_radius_depth_aggregation_20260525_1852.json,3,186.67097893357277,0.0,1
sum,s2cag-i:10-L:3-r:1-agg:sum-gpu-feat:random,dyn_cora,999:10,gpu,0,random,False,10,cn69,s2cag,,smart,0.7842636704444885,0.0,0.4623880985613466,0.0,1,,experiment|s2cag-i:10-L:3-r:1-agg:sum-gpu-feat:random|s2cag|smart|10|3|1|sum|gpu|random|None|None|dyn_cora|False|999:10,results/paper_icdm/ablation_feature_aggregation_20260526_0025.json;results/paper_icdm/ablation_feature_radius_depth_aggregation_20260525_1852.json,3,5.810455180704594,1.5115629938276935,2
sum,s2cag-i:10-L:3-r:1-agg:sum-gpu-feat:random,dyn_pubmed,999:10,gpu,0,random,True,10,cn69,s2cag,,smart,0.5202357172966003,0.0,0.13932107805186977,0.0,1,,experiment|s2cag-i:10-L:3-r:1-agg:sum-gpu-feat:random|s2cag|smart|10|3|1|sum|gpu|random|None|None|dyn_pubmed|True|999:10,results/paper_icdm/ablation_feature_aggregation_20260526_0025.json;results/paper_icdm/ablation_feature_radius_depth_aggregation_20260525_1852.json,3,27.73816202953458,16.127757207937986,2
norm,s2cag-i:10-L:3-r:2-agg:norm-gpu-feat:dataset,dyn_cora,999:10,gpu,0,dataset,False,10,cn69,s2cag,,smart,0.6671275496482849,0.0,0.44828868886269996,0.0,2,,experiment|s2cag-i:10-L:3-r:2-agg:norm-gpu-feat:dataset|s2cag|smart|10|3|2|norm|gpu|dataset|None|None|dyn_cora|False|999:10,results/paper_icdm/ablation_feature_radius_depth_aggregation_20260525_1852.json,3,11.350476697087288,0.0,1
norm,s2cag-i:10-L:3-r:2-agg:norm-gpu-feat:dataset,dyn_pubmed,999:10,gpu,0,dataset,True,10,cn69,s2cag,,smart,0.2817886173725128,0.0,0.11264435718495426,0.0,2,,experiment|s2cag-i:10-L:3-r:2-agg:norm-gpu-feat:dataset|s2cag|smart|10|3|2|norm|gpu|dataset|None|None|dyn_pubmed|True|999:10,results/paper_icdm/ablation_feature_radius_depth_aggregation_20260525_1852.json,3,362.2289557978511,0.0,1
norm,s2cag-i:10-L:3-r:2-agg:norm-gpu-feat:onehot,dyn_cora,999:10,gpu,0,onehot,False,10,cn69,s2cag,,smart,0.6673413515090942,0.0,0.44985832119269914,0.0,2,,experiment|s2cag-i:10-L:3-r:2-agg:norm-gpu-feat:onehot|s2cag|smart|10|3|2|norm|gpu|onehot|None|None|dyn_cora|False|999:10,results/paper_icdm/ablation_feature_radius_depth_aggregation_20260525_1852.json,3,18.137147188186646,0.0,1
norm,s2cag-i:10-L:3-r:2-agg:norm-gpu-feat:onehot,dyn_pubmed,999:10,gpu,0,onehot,True,10,cn69,s2cag,,smart,0.19648444652557373,0.0,0.1267812483367142,0.0,2,,experiment|s2cag-i:10-L:3-r:2-agg:norm-gpu-feat:onehot|s2cag|smart|10|3|2|norm|gpu|onehot|None|None|dyn_pubmed|True|999:10,results/paper_icdm/ablation_feature_radius_depth_aggregation_20260525_1852.json,3,5239.916383966804,0.0,1
norm,s2cag-i:10-L:3-r:2-agg:norm-gpu-feat:random,dyn_cora,999:10,gpu,0,random,False,10,cn69,s2cag,,smart,0.6675757765769958,0.0,0.4455147191482147,0.0,2,,experiment|s2cag-i:10-L:3-r:2-agg:norm-gpu-feat:random|s2cag|smart|10|3|2|norm|gpu|random|None|None|dyn_cora|False|999:10,results/paper_icdm/ablation_feature_radius_depth_aggregation_20260525_1852.json;results/paper_icdm/ablation_gnn_radius_light_20260526_0026.json,3,10.37253214046359,5.7670691803106795,2
norm,s2cag-i:10-L:3-r:2-agg:norm-gpu-feat:random,dyn_pubmed,999:10,gpu,0,random,True,10,cn69,s2cag,,smart,0.18648016452789307,0.0,0.043221126394236566,0.0,2,,experiment|s2cag-i:10-L:3-r:2-agg:norm-gpu-feat:random|s2cag|smart|10|3|2|norm|gpu|random|None|None|dyn_pubmed|True|999:10,results/paper_icdm/ablation_feature_radius_depth_aggregation_20260525_1852.json;results/paper_icdm/ablation_gnn_radius_light_20260526_0026.json,3,181.26718924194574,87.75464226960179,2
sum,s2cag-i:10-L:3-r:2-agg:sum-gpu-feat:dataset,dyn_cora,999:10,gpu,0,dataset,False,10,cn69,s2cag,,smart,0.6664255261421204,0.0,0.44680685789688607,0.0,2,,experiment|s2cag-i:10-L:3-r:2-agg:sum-gpu-feat:dataset|s2cag|smart|10|3|2|sum|gpu|dataset|None|None|dyn_cora|False|999:10,results/paper_icdm/ablation_feature_radius_depth_aggregation_20260525_1852.json,3,11.541201993823051,0.0,1
sum,s2cag-i:10-L:3-r:2-agg:sum-gpu-feat:dataset,dyn_pubmed,999:10,gpu,0,dataset,True,10,cn69,s2cag,,smart,0.2817886173725128,0.0,0.11264435718495426,0.0,2,,experiment|s2cag-i:10-L:3-r:2-agg:sum-gpu-feat:dataset|s2cag|smart|10|3|2|sum|gpu|dataset|None|None|dyn_pubmed|True|999:10,results/paper_icdm/ablation_feature_radius_depth_aggregation_20260525_1852.json,3,401.6659363284707,0.0,1
sum,s2cag-i:10-L:3-r:2-agg:sum-gpu-feat:onehot,dyn_cora,999:10,gpu,0,onehot,False,10,cn69,s2cag,,smart,0.6649942994117737,0.0,0.4464748428453829,0.0,2,,experiment|s2cag-i:10-L:3-r:2-agg:sum-gpu-feat:onehot|s2cag|smart|10|3|2|sum|gpu|onehot|None|None|dyn_cora|False|999:10,results/paper_icdm/ablation_feature_radius_depth_aggregation_20260525_1852.json,3,16.83203123509884,0.0,1
sum,s2cag-i:10-L:3-r:2-agg:sum-gpu-feat:random,dyn_cora,999:10,gpu,0,random,False,10,cn69,s2cag,,smart,0.6675757765769958,0.0,0.4455147191482147,0.0,2,,experiment|s2cag-i:10-L:3-r:2-agg:sum-gpu-feat:random|s2cag|smart|10|3|2|sum|gpu|random|None|None|dyn_cora|False|999:10,results/paper_icdm/ablation_feature_radius_depth_aggregation_20260525_1852.json,3,6.349054396152496,0.0,1
sum,s2cag-i:10-L:3-r:2-agg:sum-gpu-feat:random,dyn_pubmed,999:10,gpu,0,random,True,10,cn69,s2cag,,smart,0.18648016452789307,0.0,0.043221126394236566,0.0,2,,experiment|s2cag-i:10-L:3-r:2-agg:sum-gpu-feat:random|s2cag|smart|10|3|2|sum|gpu|random|None|None|dyn_pubmed|True|999:10,results/paper_icdm/ablation_feature_radius_depth_aggregation_20260525_1852.json,3,119.98864015191793,0.0,1
norm,s2cag-i:10-L:4-r:0-agg:norm-gpu-feat:dataset,dyn_cora,999:10,gpu,0,dataset,False,10,cn69,s2cag,,smart,0.812670886516571,0.0,0.45041227441279563,0.0,0,,experiment|s2cag-i:10-L:4-r:0-agg:norm-gpu-feat:dataset|s2cag|smart|10|4|0|norm|gpu|dataset|None|None|dyn_cora|False|999:10,results/paper_icdm/ablation_feature_radius_depth_aggregation_20260525_1852.json,4,7.912389874458313,0.0,1
norm,s2cag-i:10-L:4-r:0-agg:norm-gpu-feat:dataset,dyn_pubmed,999:10,gpu,0,dataset,True,10,cn69,s2cag,,smart,0.7473589181900024,0.0,0.2033734388046154,0.0,0,,experiment|s2cag-i:10-L:4-r:0-agg:norm-gpu-feat:dataset|s2cag|smart|10|4|0|norm|gpu|dataset|None|None|dyn_pubmed|True|999:10,results/paper_icdm/ablation_feature_radius_depth_aggregation_20260525_1852.json,4,7.584384121000767,0.0,1
norm,s2cag-i:10-L:4-r:0-agg:norm-gpu-feat:onehot,dyn_cora,999:10,gpu,0,onehot,False,10,cn69,s2cag,,smart,0.8109959959983826,0.0,0.45035915320035774,0.0,0,,experiment|s2cag-i:10-L:4-r:0-agg:norm-gpu-feat:onehot|s2cag|smart|10|4|0|norm|gpu|onehot|None|None|dyn_cora|False|999:10,results/paper_icdm/ablation_feature_radius_depth_aggregation_20260525_1852.json,4,7.690249711275101,0.0,1
norm,s2cag-i:10-L:4-r:0-agg:norm-gpu-feat:onehot,dyn_pubmed,999:10,gpu,0,onehot,True,10,cn69,s2cag,,smart,0.7176764011383057,0.0,0.16700210220405418,0.0,0,,experiment|s2cag-i:10-L:4-r:0-agg:norm-gpu-feat:onehot|s2cag|smart|10|4|0|norm|gpu|onehot|None|None|dyn_pubmed|True|999:10,results/paper_icdm/ablation_feature_radius_depth_aggregation_20260525_1852.json,4,23.955560833215714,0.0,1
norm,s2cag-i:10-L:4-r:0-agg:norm-gpu-feat:random,arxivmath,999:10,gpu,0,random,False,10,cn69,s2cag,,smart,0.7788235545158386,0.0,0.23671564060149755,0.0,0,,experiment|s2cag-i:10-L:4-r:0-agg:norm-gpu-feat:random|s2cag|smart|10|4|0|norm|gpu|random|None|None|arxivmath|False|999:10,results/drobyshev/experiment_20260515_0109.json,4,17.750057090073824,0.0,1
norm,s2cag-i:10-L:4-r:0-agg:norm-gpu-feat:random,dyn_acm,999:10,gpu,0,random,False,10,cn69,s2cag,,smart,0.7975104451179504,0.0,0.26128449466373116,0.0,0,,experiment|s2cag-i:10-L:4-r:0-agg:norm-gpu-feat:random|s2cag|smart|10|4|0|norm|gpu|random|None|None|dyn_acm|False|999:10,results/drobyshev/experiment_20260515_0109.json,4,6.216138157993555,0.0,1
norm,s2cag-i:10-L:4-r:0-agg:norm-gpu-feat:random,dyn_citeseer,999:10,gpu,0,random,False,10,cn69,s2cag,,smart,0.8739416599273682,0.0,0.3340582637866388,0.0,0,,experiment|s2cag-i:10-L:4-r:0-agg:norm-gpu-feat:random|s2cag|smart|10|4|0|norm|gpu|random|None|None|dyn_citeseer|False|999:10,results/drobyshev/experiment_20260515_0109.json,4,5.1525359861552715,0.0,1
norm,s2cag-i:10-L:4-r:0-agg:norm-gpu-feat:random,dyn_cora,999:10,gpu,0,random,False,10,cn69,s2cag,,smart,0.8131280541419983,0.0,0.4498967340216563,0.0,0,,experiment|s2cag-i:10-L:4-r:0-agg:norm-gpu-feat:random|s2cag|smart|10|4|0|norm|gpu|random|None|None|dyn_cora|False|999:10,results/drobyshev/experiment_20260515_0109.json;results/paper_icdm/ablation_feature_radius_depth_aggregation_20260525_1852.json,4,6.530474724248052,0.12229506317266955,2
norm,s2cag-i:10-L:4-r:0-agg:norm-gpu-feat:random,dyn_pubmed,999:10,gpu,0,random,False,10,cn69,s2cag,,smart,0.7453683018684387,0.0,0.1609367673373569,0.0,0,,experiment|s2cag-i:10-L:4-r:0-agg:norm-gpu-feat:random|s2cag|smart|10|4|0|norm|gpu|random|None|None|dyn_pubmed|False|999:10,results/drobyshev/experiment_20260515_0109.json,4,6.3404207192361355,0.0,1
norm,s2cag-i:10-L:4-r:0-agg:norm-gpu-feat:random,dyn_pubmed,999:10,gpu,0,random,True,10,cn69,s2cag,,smart,0.7455393075942993,0.0,0.1827738977939451,0.0,0,,experiment|s2cag-i:10-L:4-r:0-agg:norm-gpu-feat:random|s2cag|smart|10|4|0|norm|gpu|random|None|None|dyn_pubmed|True|999:10,results/paper_icdm/ablation_feature_radius_depth_aggregation_20260525_1852.json,4,6.761583402752876,0.0,1
norm,s2cag-i:10-L:4-r:0-agg:norm-gpu-feat:random,lkml-reply,999:10,gpu,0,random,False,10,cn69,s2cag,,smart,0.17412908375263214,0.0,,,0,,experiment|s2cag-i:10-L:4-r:0-agg:norm-gpu-feat:random|s2cag|smart|10|4|0|norm|gpu|random|None|None|lkml-reply|False|999:10,results/drobyshev/experiment_20260515_0109.json,4,10.462158180773258,0.0,1
norm,s2cag-i:10-L:4-r:0-agg:norm-gpu-feat:random,patent,999:10,gpu,0,random,False,10,cn69,s2cag,,smart,0.8321934342384338,0.0,0.3606213680230392,0.0,0,,experiment|s2cag-i:10-L:4-r:0-agg:norm-gpu-feat:random|s2cag|smart|10|4|0|norm|gpu|random|None|None|patent|False|999:10,results/drobyshev/experiment_20260515_0109.json,4,6.296131007373333,0.0,1
sum,s2cag-i:10-L:4-r:0-agg:sum-gpu-feat:dataset,dyn_cora,999:10,gpu,0,dataset,False,10,cn69,s2cag,,smart,0.812670886516571,0.0,0.45041227441279563,0.0,0,,experiment|s2cag-i:10-L:4-r:0-agg:sum-gpu-feat:dataset|s2cag|smart|10|4|0|sum|gpu|dataset|None|None|dyn_cora|False|999:10,results/paper_icdm/ablation_feature_radius_depth_aggregation_20260525_1852.json,4,8.033793330192566,0.0,1
sum,s2cag-i:10-L:4-r:0-agg:sum-gpu-feat:dataset,dyn_pubmed,999:10,gpu,0,dataset,True,10,cn69,s2cag,,smart,0.7473589181900024,0.0,0.2033734388046154,0.0,0,,experiment|s2cag-i:10-L:4-r:0-agg:sum-gpu-feat:dataset|s2cag|smart|10|4|0|sum|gpu|dataset|None|None|dyn_pubmed|True|999:10,results/paper_icdm/ablation_feature_radius_depth_aggregation_20260525_1852.json,4,7.767706364393234,0.0,1
sum,s2cag-i:10-L:4-r:0-agg:sum-gpu-feat:onehot,dyn_cora,999:10,gpu,0,onehot,False,10,cn69,s2cag,,smart,0.8109959959983826,0.0,0.45035915320035774,0.0,0,,experiment|s2cag-i:10-L:4-r:0-agg:sum-gpu-feat:onehot|s2cag|smart|10|4|0|sum|gpu|onehot|None|None|dyn_cora|False|999:10,results/paper_icdm/ablation_feature_radius_depth_aggregation_20260525_1852.json,4,7.621024966239929,0.0,1
sum,s2cag-i:10-L:4-r:0-agg:sum-gpu-feat:onehot,dyn_pubmed,999:10,gpu,0,onehot,True,10,cn69,s2cag,,smart,0.6057237982749939,0.0,0.12760673853582574,0.0,0,,experiment|s2cag-i:10-L:4-r:0-agg:sum-gpu-feat:onehot|s2cag|smart|10|4|0|sum|gpu|onehot|None|None|dyn_pubmed|True|999:10,results/paper_icdm/ablation_feature_radius_depth_aggregation_20260525_1852.json,4,26.981418296694756,0.0,1
sum,s2cag-i:10-L:4-r:0-agg:sum-gpu-feat:random,dyn_cora,999:10,gpu,0,random,False,10,cn69,s2cag,,smart,0.8131280541419983,0.0,0.4498967340216563,0.0,0,,experiment|s2cag-i:10-L:4-r:0-agg:sum-gpu-feat:random|s2cag|smart|10|4|0|sum|gpu|random|None|None|dyn_cora|False|999:10,results/paper_icdm/ablation_feature_radius_depth_aggregation_20260525_1852.json,4,6.710133470594883,0.0,1
sum,s2cag-i:10-L:4-r:0-agg:sum-gpu-feat:random,dyn_pubmed,999:10,gpu,0,random,True,10,cn69,s2cag,,smart,0.7455393075942993,0.0,0.1827738977939451,0.0,0,,experiment|s2cag-i:10-L:4-r:0-agg:sum-gpu-feat:random|s2cag|smart|10|4|0|sum|gpu|random|None|None|dyn_pubmed|True|999:10,results/paper_icdm/ablation_feature_radius_depth_aggregation_20260525_1852.json,4,7.416246950626373,0.0,1
norm,s2cag-i:10-L:4-r:1-agg:norm-gpu-feat:dataset,dyn_cora,999:10,gpu,0,dataset,False,10,cn69,s2cag,,smart,0.7828739881515503,0.0,0.4547782771581419,0.0,1,,experiment|s2cag-i:10-L:4-r:1-agg:norm-gpu-feat:dataset|s2cag|smart|10|4|1|norm|gpu|dataset|None|None|dyn_cora|False|999:10,results/paper_icdm/ablation_feature_radius_depth_aggregation_20260525_1852.json,4,10.258944563567638,0.0,1
norm,s2cag-i:10-L:4-r:1-agg:norm-gpu-feat:dataset,dyn_pubmed,999:10,gpu,0,dataset,True,10,cn69,s2cag,,smart,0.48288533091545105,0.0,0.10630782301674005,0.0,1,,experiment|s2cag-i:10-L:4-r:1-agg:norm-gpu-feat:dataset|s2cag|smart|10|4|1|norm|gpu|dataset|None|None|dyn_pubmed|True|999:10,results/paper_icdm/ablation_feature_radius_depth_aggregation_20260525_1852.json,4,40.58035554736853,0.0,1
norm,s2cag-i:10-L:4-r:1-agg:norm-gpu-feat:onehot,dyn_cora,999:10,gpu,0,onehot,False,10,cn69,s2cag,,smart,0.7841458320617676,0.0,0.45711318331819706,0.0,1,,experiment|s2cag-i:10-L:4-r:1-agg:norm-gpu-feat:onehot|s2cag|smart|10|4|1|norm|gpu|onehot|None|None|dyn_cora|False|999:10,results/paper_icdm/ablation_feature_radius_depth_aggregation_20260525_1852.json,4,11.687352165579796,0.0,1
norm,s2cag-i:10-L:4-r:1-agg:norm-gpu-feat:onehot,dyn_pubmed,999:10,gpu,0,onehot,True,10,cn69,s2cag,,smart,0.5034480094909668,0.0,0.16864058810399796,0.0,1,,experiment|s2cag-i:10-L:4-r:1-agg:norm-gpu-feat:onehot|s2cag|smart|10|4|1|norm|gpu|onehot|None|None|dyn_pubmed|True|999:10,results/paper_icdm/ablation_feature_radius_depth_aggregation_20260525_1852.json,4,251.20819590240717,0.0,1
norm,s2cag-i:10-L:4-r:1-agg:norm-gpu-feat:random,arxivmath,999:10,gpu,0,random,False,10,cn69,s2cag,,smart,0.5131697654724121,0.0,0.1737690555820069,0.0,1,,experiment|s2cag-i:10-L:4-r:1-agg:norm-gpu-feat:random|s2cag|smart|10|4|1|norm|gpu|random|None|None|arxivmath|False|999:10,results/drobyshev/experiment_20260515_0109.json,4,247.56771773844957,0.0,1
norm,s2cag-i:10-L:4-r:1-agg:norm-gpu-feat:random,dyn_acm,999:10,gpu,0,random,False,10,cn69,s2cag,,smart,0.6189519762992859,0.0,0.22349666836829452,0.0,1,,experiment|s2cag-i:10-L:4-r:1-agg:norm-gpu-feat:random|s2cag|smart|10|4|1|norm|gpu|random|None|None|dyn_acm|False|999:10,results/drobyshev/experiment_20260515_0109.json,4,10.185388065874577,0.0,1
norm,s2cag-i:10-L:4-r:1-agg:norm-gpu-feat:random,dyn_citeseer,999:10,gpu,0,random,False,10,cn69,s2cag,,smart,0.7753021121025085,0.0,0.32107106607894725,0.0,1,,experiment|s2cag-i:10-L:4-r:1-agg:norm-gpu-feat:random|s2cag|smart|10|4|1|norm|gpu|random|None|None|dyn_citeseer|False|999:10,results/drobyshev/experiment_20260515_0109.json,4,5.977559272199869,0.0,1
norm,s2cag-i:10-L:4-r:1-agg:norm-gpu-feat:random,dyn_cora,999:10,gpu,0,random,False,10,cn69,s2cag,,smart,0.7816230058670044,0.0,0.44750945565656103,0.0,1,,experiment|s2cag-i:10-L:4-r:1-agg:norm-gpu-feat:random|s2cag|smart|10|4|1|norm|gpu|random|None|None|dyn_cora|False|999:10,results/drobyshev/experiment_20260515_0109.json;results/paper_icdm/ablation_feature_radius_depth_aggregation_20260525_1852.json,4,6.3253339640796185,0.15991115444460083,2
norm,s2cag-i:10-L:4-r:1-agg:norm-gpu-feat:random,dyn_pubmed,999:10,gpu,0,random,False,10,cn69,s2cag,,smart,0.5288728475570679,0.0,0.12103287395297957,0.0,1,,experiment|s2cag-i:10-L:4-r:1-agg:norm-gpu-feat:random|s2cag|smart|10|4|1|norm|gpu|random|None|None|dyn_pubmed|False|999:10,results/drobyshev/experiment_20260515_0109.json,4,14.59571085497737,0.0,1
norm,s2cag-i:10-L:4-r:1-agg:norm-gpu-feat:random,dyn_pubmed,999:10,gpu,0,random,True,10,cn69,s2cag,,smart,0.49952438473701477,0.0,0.12744526747630733,0.0,1,,experiment|s2cag-i:10-L:4-r:1-agg:norm-gpu-feat:random|s2cag|smart|10|4|1|norm|gpu|random|None|None|dyn_pubmed|True|999:10,results/paper_icdm/ablation_feature_radius_depth_aggregation_20260525_1852.json,4,24.346949636936188,0.0,1
norm,s2cag-i:10-L:4-r:1-agg:norm-gpu-feat:random,lkml-reply,999:10,gpu,0,random,False,10,cn69,s2cag,,smart,0.07803120464086533,0.0,,,1,,experiment|s2cag-i:10-L:4-r:1-agg:norm-gpu-feat:random|s2cag|smart|10|4|1|norm|gpu|random|None|None|lkml-reply|False|999:10,results/drobyshev/experiment_20260515_0109.json,4,2472.6723767630756,0.0,1
norm,s2cag-i:10-L:4-r:1-agg:norm-gpu-feat:random,patent,999:10,gpu,0,random,False,10,cn69,s2cag,,smart,0.6580885052680969,0.0,0.35099558290169114,0.0,1,,experiment|s2cag-i:10-L:4-r:1-agg:norm-gpu-feat:random|s2cag|smart|10|4|1|norm|gpu|random|None|None|patent|False|999:10,results/drobyshev/experiment_20260515_0109.json,4,38.06396099179983,0.0,1
sum,s2cag-i:10-L:4-r:1-agg:sum-gpu-feat:dataset,dyn_cora,999:10,gpu,0,dataset,False,10,cn69,s2cag,,smart,0.7828739881515503,0.0,0.4547782771581419,0.0,1,,experiment|s2cag-i:10-L:4-r:1-agg:sum-gpu-feat:dataset|s2cag|smart|10|4|1|sum|gpu|dataset|None|None|dyn_cora|False|999:10,results/paper_icdm/ablation_feature_radius_depth_aggregation_20260525_1852.json,4,10.568301431834698,0.0,1
sum,s2cag-i:10-L:4-r:1-agg:sum-gpu-feat:dataset,dyn_pubmed,999:10,gpu,0,dataset,True,10,cn69,s2cag,,smart,0.48288533091545105,0.0,0.10630782301674005,0.0,1,,experiment|s2cag-i:10-L:4-r:1-agg:sum-gpu-feat:dataset|s2cag|smart|10|4|1|sum|gpu|dataset|None|None|dyn_pubmed|True|999:10,results/paper_icdm/ablation_feature_radius_depth_aggregation_20260525_1852.json,4,41.45594263076782,0.0,1
sum,s2cag-i:10-L:4-r:1-agg:sum-gpu-feat:onehot,dyn_cora,999:10,gpu,0,onehot,False,10,cn69,s2cag,,smart,0.7841458320617676,0.0,0.45711318331819706,0.0,1,,experiment|s2cag-i:10-L:4-r:1-agg:sum-gpu-feat:onehot|s2cag|smart|10|4|1|sum|gpu|onehot|None|None|dyn_cora|False|999:10,results/paper_icdm/ablation_feature_radius_depth_aggregation_20260525_1852.json,4,11.939356781542301,0.0,1
sum,s2cag-i:10-L:4-r:1-agg:sum-gpu-feat:onehot,dyn_pubmed,999:10,gpu,0,onehot,True,10,cn69,s2cag,,smart,0.49619463086128235,0.0,0.15814962312340122,0.0,1,,experiment|s2cag-i:10-L:4-r:1-agg:sum-gpu-feat:onehot|s2cag|smart|10|4|1|sum|gpu|onehot|None|None|dyn_pubmed|True|999:10,results/paper_icdm/ablation_feature_radius_depth_aggregation_20260525_1852.json,4,256.0531924664974,0.0,1
sum,s2cag-i:10-L:4-r:1-agg:sum-gpu-feat:random,dyn_cora,999:10,gpu,0,random,False,10,cn69,s2cag,,smart,0.7816230058670044,0.0,0.44750945565656103,0.0,1,,experiment|s2cag-i:10-L:4-r:1-agg:sum-gpu-feat:random|s2cag|smart|10|4|1|sum|gpu|random|None|None|dyn_cora|False|999:10,results/paper_icdm/ablation_feature_radius_depth_aggregation_20260525_1852.json,4,6.431090950965881,0.0,1
sum,s2cag-i:10-L:4-r:1-agg:sum-gpu-feat:random,dyn_pubmed,999:10,gpu,0,random,True,10,cn69,s2cag,,smart,0.49952438473701477,0.0,0.12744526747630733,0.0,1,,experiment|s2cag-i:10-L:4-r:1-agg:sum-gpu-feat:random|s2cag|smart|10|4|1|sum|gpu|random|None|None|dyn_pubmed|True|999:10,results/paper_icdm/ablation_feature_radius_depth_aggregation_20260525_1852.json,4,24.643570065498352,0.0,1
norm,s2cag-i:10-L:4-r:2-agg:norm-gpu-feat:dataset,dyn_cora,999:10,gpu,0,dataset,False,10,cn69,s2cag,,smart,0.6568555235862732,0.0,0.4395377930424343,0.0,2,,experiment|s2cag-i:10-L:4-r:2-agg:norm-gpu-feat:dataset|s2cag|smart|10|4|2|norm|gpu|dataset|None|None|dyn_cora|False|999:10,results/paper_icdm/ablation_feature_radius_depth_aggregation_20260525_1852.json,4,20.765666656196117,0.0,1
norm,s2cag-i:10-L:4-r:2-agg:norm-gpu-feat:dataset,dyn_pubmed,999:10,gpu,0,dataset,True,10,cn69,s2cag,,smart,0.2740221619606018,0.0,0.1117025923727928,0.0,2,,experiment|s2cag-i:10-L:4-r:2-agg:norm-gpu-feat:dataset|s2cag|smart|10|4|2|norm|gpu|dataset|None|None|dyn_pubmed|True|999:10,results/paper_icdm/ablation_feature_radius_depth_aggregation_20260525_1852.json,4,483.44851150363684,0.0,1
norm,s2cag-i:10-L:4-r:2-agg:norm-gpu-feat:onehot,dyn_cora,999:10,gpu,0,onehot,False,10,cn69,s2cag,,smart,0.6656103730201721,0.0,0.4433919988620961,0.0,2,,experiment|s2cag-i:10-L:4-r:2-agg:norm-gpu-feat:onehot|s2cag|smart|10|4|2|norm|gpu|onehot|None|None|dyn_cora|False|999:10,results/paper_icdm/ablation_feature_radius_depth_aggregation_20260525_1852.json,4,23.543218307197094,0.0,1
norm,s2cag-i:10-L:4-r:2-agg:norm-gpu-feat:onehot,dyn_pubmed,999:10,gpu,0,onehot,True,10,cn69,s2cag,,smart,0.19807136058807373,0.0,0.12372066498476642,0.0,2,,experiment|s2cag-i:10-L:4-r:2-agg:norm-gpu-feat:onehot|s2cag|smart|10|4|2|norm|gpu|onehot|None|None|dyn_pubmed|True|999:10,results/paper_icdm/ablation_feature_radius_depth_aggregation_20260525_1852.json,4,8220.541791073978,0.0,1
norm,s2cag-i:10-L:4-r:2-agg:norm-gpu-feat:random,dyn_cora,999:10,gpu,0,random,False,10,cn69,s2cag,,smart,0.6674692630767822,0.0,0.44011948357944974,0.0,2,,experiment|s2cag-i:10-L:4-r:2-agg:norm-gpu-feat:random|s2cag|smart|10|4|2|norm|gpu|random|None|None|dyn_cora|False|999:10,results/paper_icdm/ablation_feature_radius_depth_aggregation_20260525_1852.json,4,8.561976470053196,0.0,1
norm,s2cag-i:10-L:4-r:2-agg:norm-gpu-feat:random,dyn_pubmed,999:10,gpu,0,random,True,10,cn69,s2cag,,smart,0.17080064117908478,0.0,0.025613307869541677,0.0,2,,experiment|s2cag-i:10-L:4-r:2-agg:norm-gpu-feat:random|s2cag|smart|10|4|2|norm|gpu|random|None|None|dyn_pubmed|True|999:10,results/paper_icdm/ablation_feature_radius_depth_aggregation_20260525_1852.json,4,144.11177606880665,0.0,1
sum,s2cag-i:10-L:4-r:2-agg:sum-gpu-feat:dataset,dyn_cora,999:10,gpu,0,dataset,False,10,cn69,s2cag,,smart,0.6568744778633118,0.0,0.43910963317749097,0.0,2,,experiment|s2cag-i:10-L:4-r:2-agg:sum-gpu-feat:dataset|s2cag|smart|10|4|2|sum|gpu|dataset|None|None|dyn_cora|False|999:10,results/paper_icdm/ablation_feature_radius_depth_aggregation_20260525_1852.json,4,19.248311452567577,0.0,1
sum,s2cag-i:10-L:4-r:2-agg:sum-gpu-feat:dataset,dyn_pubmed,999:10,gpu,0,dataset,True,10,cn69,s2cag,,smart,0.2763415575027466,0.0,0.1123470481505662,0.0,2,,experiment|s2cag-i:10-L:4-r:2-agg:sum-gpu-feat:dataset|s2cag|smart|10|4|2|sum|gpu|dataset|None|None|dyn_pubmed|True|999:10,results/paper_icdm/ablation_feature_radius_depth_aggregation_20260525_1852.json,4,575.4699660763144,0.0,1
sum,s2cag-i:10-L:4-r:2-agg:sum-gpu-feat:onehot,dyn_cora,999:10,gpu,0,onehot,False,10,cn69,s2cag,,smart,0.6845741868019104,0.0,0.4434711339241156,0.0,2,,experiment|s2cag-i:10-L:4-r:2-agg:sum-gpu-feat:onehot|s2cag|smart|10|4|2|sum|gpu|onehot|None|None|dyn_cora|False|999:10,results/paper_icdm/ablation_feature_radius_depth_aggregation_20260525_1852.json,4,21.9032925888896,0.0,1
sum,s2cag-i:10-L:4-r:2-agg:sum-gpu-feat:onehot,dyn_pubmed,999:10,gpu,0,onehot,True,10,cn69,s2cag,,smart,0.19895555078983307,0.0,0.12416620242773893,0.0,2,,experiment|s2cag-i:10-L:4-r:2-agg:sum-gpu-feat:onehot|s2cag|smart|10|4|2|sum|gpu|onehot|None|None|dyn_pubmed|True|999:10,results/paper_icdm/ablation_feature_radius_depth_aggregation_20260525_1852.json,4,7022.988083556294,0.0,1
sum,s2cag-i:10-L:4-r:2-agg:sum-gpu-feat:random,dyn_cora,999:10,gpu,0,random,False,10,cn69,s2cag,,smart,0.6674692630767822,0.0,0.44011948357944974,0.0,2,,experiment|s2cag-i:10-L:4-r:2-agg:sum-gpu-feat:random|s2cag|smart|10|4|2|sum|gpu|random|None|None|dyn_cora|False|999:10,results/paper_icdm/ablation_feature_radius_depth_aggregation_20260525_1852.json,4,8.575377322733402,0.0,1
sum,s2cag-i:10-L:4-r:2-agg:sum-gpu-feat:random,dyn_pubmed,999:10,gpu,0,random,True,10,cn69,s2cag,,smart,0.17080064117908478,0.0,0.025613307869541677,0.0,2,,experiment|s2cag-i:10-L:4-r:2-agg:sum-gpu-feat:random|s2cag|smart|10|4|2|sum|gpu|random|None|None|dyn_pubmed|True|999:10,results/paper_icdm/ablation_feature_radius_depth_aggregation_20260525_1852.json,4,146.25402848422527,0.0,1
,s2cag-i:10-naive-feat:dataset,arxivmath,999:10,,0,dataset,True,10,cn69,s2cag,,naive,0.0006972345872782171,0.0,0.0002014611329132475,0.0,,,experiment|s2cag-i:10-naive-feat:dataset|s2cag|naive|10|None|None|None|None|dataset|None|None|arxivmath|True|999:10,results/drobyshev/naive_20260519_0254.json;results/paper_icdm/ablation_feature_radius_depth_aggregation_20260525_1852.json;results/paper_icdm/main_gnn_feature_20260525_1852.json,,2612.569350261241,561.4228045895073,3
,s2cag-i:10-naive-feat:dataset,dyn_acm,999:10,,0,dataset,False,10,cn69,s2cag,,naive,0.0400218740105629,0.0,0.08515147657435256,0.0,,,experiment|s2cag-i:10-naive-feat:dataset|s2cag|naive|10|None|None|None|None|dataset|None|None|dyn_acm|False|999:10,results/drobyshev/naive_20260512_1206.json;results/drobyshev/naive_20260519_0254.json;results/paper_icdm/main_gnn_feature_20260525_1852.json,,259.4323052515586,6.355845994269824,3
,s2cag-i:10-naive-feat:dataset,dyn_citeseer,999:10,,0,dataset,False,10,cn69,s2cag,,naive,0.7803378105163574,0.0,0.25342497513073536,0.0,,,experiment|s2cag-i:10-naive-feat:dataset|s2cag|naive|10|None|None|None|None|dataset|None|None|dyn_citeseer|False|999:10,results/drobyshev/naive_20260512_1206.json;results/drobyshev/naive_20260519_0254.json;results/paper_icdm/main_gnn_feature_20260525_1852.json,,163.66812909021974,3.0617685290322227,3
,s2cag-i:10-naive-feat:dataset,dyn_cora,999:10,,0,dataset,False,10,cn69,s2cag,,naive,0.6910763382911682,0.0,0.43701625273953415,0.0,,,experiment|s2cag-i:10-naive-feat:dataset|s2cag|naive|10|None|None|None|None|dataset|None|None|dyn_cora|False|999:10,results/drobyshev/naive_20260512_1206.json;results/drobyshev/naive_20260519_0254.json;results/paper_icdm/ablation_feature_modes_20260526_0024.json;results/paper_icdm/ablation_feature_radius_depth_aggregation_20260525_1852.json;results/paper_icdm/main_gnn_feature_20260525_1852.json,,42.53388163372874,9.13086802072122,5
,s2cag-i:10-naive-feat:dataset,dyn_pubmed,999:10,,0,dataset,False,10,cn69,s2cag,,naive,0.5100452303886414,0.0,0.15826338879388877,0.0,,,experiment|s2cag-i:10-naive-feat:dataset|s2cag|naive|10|None|None|None|None|dataset|None|None|dyn_pubmed|False|999:10,results/drobyshev/naive_20260512_1206.json,,129.03733735904098,0.0,1
,s2cag-i:10-naive-feat:dataset,dyn_pubmed,999:10,,0,dataset,True,10,cn69,s2cag,,naive,0.6221133470535278,0.0,0.16859971868505566,0.0,,,experiment|s2cag-i:10-naive-feat:dataset|s2cag|naive|10|None|None|None|None|dataset|None|None|dyn_pubmed|True|999:10,results/drobyshev/naive_20260519_0254.json;results/paper_icdm/ablation_feature_modes_20260526_0024.json;results/paper_icdm/ablation_feature_radius_depth_aggregation_20260525_1852.json;results/paper_icdm/main_gnn_feature_20260525_1852.json,,154.93967314623296,54.92718269616611,4
,s2cag-i:10-naive-feat:dataset,lkml-reply,999:10,,0,dataset,False,10,cn69,s2cag,,naive,0.08605656772851944,0.0,,,,,experiment|s2cag-i:10-naive-feat:dataset|s2cag|naive|10|None|None|None|None|dataset|None|None|lkml-reply|False|999:10,results/drobyshev/naive_20260512_1206.json,,4311.507613632828,0.0,1
,s2cag-i:10-naive-feat:dataset,patent,999:10,,0,dataset,False,10,cn69,s2cag,,naive,0.534936249256134,0.0,0.07129058116622584,0.0,,,experiment|s2cag-i:10-naive-feat:dataset|s2cag|naive|10|None|None|None|None|dataset|None|None|patent|False|999:10,results/drobyshev/naive_20260512_1206.json,,12.090874522924423,0.0,1
,s2cag-i:10-naive-feat:dataset,patent,999:10,,0,dataset,True,10,cn69,s2cag,,naive,0.3785267472267151,0.0,0.05843506488380823,0.0,,,experiment|s2cag-i:10-naive-feat:dataset|s2cag|naive|10|None|None|None|None|dataset|None|None|patent|True|999:10,results/drobyshev/naive_20260519_0254.json;results/paper_icdm/main_gnn_feature_20260525_1852.json,,14.541963078081608,1.3196704893633064,2
,s2cag-i:10-naive-feat:onehot,dyn_cora,999:10,,0,onehot,False,10,cn69,s2cag,,naive,0.7506778240203857,0.0,0.359562105819983,0.0,,,experiment|s2cag-i:10-naive-feat:onehot|s2cag|naive|10|None|None|None|None|onehot|None|None|dyn_cora|False|999:10,results/paper_icdm/ablation_feature_modes_20260526_0024.json;results/paper_icdm/ablation_feature_radius_depth_aggregation_20260525_1852.json,,73.72370794788003,36.047864553484054,2
,s2cag-i:10-naive-feat:onehot,dyn_pubmed,999:10,,0,onehot,True,10,cn69,s2cag,,naive,0.6521824598312378,0.0,0.11173117523036892,0.0,,,experiment|s2cag-i:10-naive-feat:onehot|s2cag|naive|10|None|None|None|None|onehot|None|None|dyn_pubmed|True|999:10,results/paper_icdm/ablation_feature_modes_20260526_0024.json;results/paper_icdm/ablation_feature_radius_depth_aggregation_20260525_1852.json,,3128.0765693709254,239.42455655102273,2
,s2cag-i:10-naive-feat:random,arxivmath,999:10,,0,random,True,10,cn69,s2cag,,naive,0.002269142773002386,0.0,0.0002360701288644417,0.0,,,experiment|s2cag-i:10-naive-feat:random|s2cag|naive|10|None|None|None|None|random|None|None|arxivmath|True|999:10,results/paper_icdm/main_gnn_feature_20260525_1852.json,,2413.63015306741,0.0,1
,s2cag-i:10-naive-feat:random,dyn_acm,999:10,,0,random,False,10,cn69,s2cag,,naive,-0.001334902597591281,0.0,0.006636808585086045,0.0,,,experiment|s2cag-i:10-naive-feat:random|s2cag|naive|10|None|None|None|None|random|None|None|dyn_acm|False|999:10,results/paper_icdm/main_gnn_feature_20260525_1852.json,,18.512533277273178,0.0,1
,s2cag-i:10-naive-feat:random,dyn_citeseer,999:10,,0,random,False,10,cn69,s2cag,,naive,-0.00019849702948704362,0.0,0.01676380440470241,0.0,,,experiment|s2cag-i:10-naive-feat:random|s2cag|naive|10|None|None|None|None|random|None|None|dyn_citeseer|False|999:10,results/paper_icdm/main_gnn_feature_20260525_1852.json,,15.219630725681782,0.0,1
,s2cag-i:10-naive-feat:random,dyn_cora,999:10,,0,random,False,10,cn69,s2cag,,naive,-0.0011015788186341524,0.0,0.023070494152860343,0.0,,,experiment|s2cag-i:10-naive-feat:random|s2cag|naive|10|None|None|None|None|random|None|None|dyn_cora|False|999:10,results/paper_icdm/ablation_feature_modes_20260526_0024.json;results/paper_icdm/ablation_feature_radius_depth_aggregation_20260525_1852.json;results/paper_icdm/main_gnn_feature_20260525_1852.json,,23.990384206175804,5.354736593652409,3
,s2cag-i:10-naive-feat:random,dyn_pubmed,999:10,,0,random,True,10,cn69,s2cag,,naive,0.0011606015032157302,0.0,0.00011401780864825575,0.0,,,experiment|s2cag-i:10-naive-feat:random|s2cag|naive|10|None|None|None|None|random|None|None|dyn_pubmed|True|999:10,results/paper_icdm/ablation_feature_modes_20260526_0024.json;results/paper_icdm/ablation_feature_radius_depth_aggregation_20260525_1852.json;results/paper_icdm/main_gnn_feature_20260525_1852.json,,51.05526061107715,23.096826789990008,3
,s2cag-i:10-naive-feat:random,patent,999:10,,0,random,True,10,cn69,s2cag,,naive,-0.0038252680096775293,0.0,0.0006953732729895586,0.0,,,experiment|s2cag-i:10-naive-feat:random|s2cag|naive|10|None|None|None|None|random|None|None|patent|True|999:10,results/paper_icdm/main_gnn_feature_20260525_1852.json,,15.550733380019665,0.0,1
,s2cag-naive,dyn_acm,999:10,,0,,False,,cn69,s2cag,,naive,0.04002192243933678,0.0,,,,,experiment|s2cag-naive|s2cag|naive|None|None|None|None|None|None|None|None|dyn_acm|False|999:10,results/archive/12s_5small_999:10.json,,241.79278349876404,0.0,1
,s2cag-naive,dyn_bat,999:10,,0,,False,,cn69,s2cag,,naive,0.14565713703632355,0.0,,,,,experiment|s2cag-naive|s2cag|naive|None|None|None|None|None|None|None|None|dyn_bat|False|999:10,results/archive/12s_5small_999:10.json,,0.3483011722564697,0.0,1
,s2cag-naive,dyn_blogcatalog,999:10,,0,,False,,dev_256g,s2cag,,naive,0.23162280023097992,0.0,,,,,experiment|s2cag-naive|s2cag|naive|None|None|None|None|None|None|None|None|dyn_blogcatalog|False|999:10,results/archive/55s_dyn_blogcatalog_b999:10.json,,203.07619166374207,0.0,1
,s2cag-naive,dyn_citeseer,999:10,,0,,False,,cn69,s2cag,,naive,0.7885777950286865,0.0,,,,,experiment|s2cag-naive|s2cag|naive|None|None|None|None|None|None|None|None|dyn_citeseer|False|999:10,results/archive/12s_5small_999:10.json,,167.98205184936523,0.0,1
,s2cag-naive,dyn_cora,999:10,,0,,False,,cn69,s2cag,,naive,0.6910762190818787,0.0,,,,,experiment|s2cag-naive|s2cag|naive|None|None|None|None|None|None|None|None|dyn_cora|False|999:10,results/archive/12s_5small_999:10.json,,35.69201731681824,0.0,1
,s2cag-naive,dyn_wikics,999:10,,0,,False,,dev_256g,s2cag,,naive,0.03149743005633354,0.0,,,,,experiment|s2cag-naive|s2cag|naive|None|None|None|None|None|None|None|None|dyn_wikics|False|999:10,results/archive/55s_dyn_blogcatalog_b999:10.json,,297.22832775115967,0.0,1
,s2cag-naive,dyn_wiki,999:10,,0,,False,,dev_256g,s2cag,,naive,0.6623396277427673,0.0,,,,,experiment|s2cag-naive|s2cag|naive|None|None|None|None|None|None|None|None|dyn_wiki|False|999:10,results/archive/5ss_dyn_wiki_b999:10.json,,65.3065435886383,0.0,1
