{
    "ca-cit-HepPh": 0.60161,
    "youtube-u-growth": 0.672514,
    "wiki_talk_en": 0.574924,
    "dblp_coauthor": 0.780689,
    "flickr-growth": 0.669439,
    "wikipedia-growth": 0.577032,
    "sx-stackoverflow": 0.586908,
    "link-dynamic-frwiki": 0.632798,
    "link-dynamic-dewiki": 0.583271,
    "asia_osm": 0.993929,
    "europe_osm": 0.992871,
    "com-lj": 0.772469,
    "com-orkut": 0.697832,
    "wiki_talk_ru": 0.676865,
    "wiki_talk_it": 0.60053,
    "sx-askubuntu": 0.610378,
    "wiki_talk_de": 0.607933,
    "wiki_talk_eo": 0.561167,
    "link-dynamic-itwiki": 0.584829,
    "wiki_talk_oc": 0.479638,
    "sx-mathoverflow": 0.48691,
    "wiki_talk_vi": 0.795884,
    "dnc-temporalGraph": 0.555113,
    "wiki_talk_gl": 0.47204,
    "wikipedia-discussions-de": 0.467788,
    "wiki_talk_pt": 0.546532,
    "sociopatterns-infectious": 0.860288,
    "radoslaw_email": 0.403165,
    "sociopatterns-hypertext": 0.518814,
    "dblp-cite": 0.649576,
    "lkml-reply": 0.390516,
    "wiki_talk_ca": 0.506181,
    "wiki_talk_fr": 0.643081,
    "facebook-wosn-wall": 0.73346,
    "slashdot-threads": 0.507282,
    "opsahl-ucsocial": 0.372027,
    "topology": 0.528658,
    "wiki_talk_pl": 0.489357,
    "wiki_talk_nl": 0.615964,
    "link-dynamic-simplewiki": 0.623994,
    "wiki_talk_lv": 0.592116,
    "wiki_talk_nds": 0.298122,
    "digg-friends": 0.468937,
    "contact": 0.0925214,
    "link-dynamic-nlwiki": 0.655969,
    "wiki_talk_eu": 0.61125,
    "munmun_digg_reply": 0.429548,
    "wiki_talk_ar": 0.580548,
    "prosper-loans": 0.434958,
    "wiki_talk_el": 0.611728,
    "wiki_talk_br": 0.475378,
    "wiki_talk_sv": 0.656799,
    "enron": 0.707473,
    "wiki_talk_ht": 0.641839,
    "wiki_talk_zh": 0.637471,
    "wiki_talk_sr": 0.613333,
    "sx-superuser": 0.550782,
    "wiki_talk_cy": 0.569827,
    "facebook-wosn-links": 0.643196,
    "ca-cit-HepTh": 0.423145,
    "wiki_talk_es": 0.610422,
    "wiki_talk_sk": 0.642594,
    "link-dynamic-plwiki": 0.579446,
    "mit": 0.580173,
    "hyves": 0.795736,
    "wiki_talk_bn": 0.783837,
    "wiki_talk_ja": 0.738907,
    "convote": 0.89998,
    "moreno_vdb": 0.437179,
    "soc-sign-bitcoinalpha": 0.685627,
    "soc-sign-bitcoinotc": 1.02115,
    "chess": 2.05736,
    "elec": 0.5435,
    "epinions": 0.630668,
    "kmer_A2a": 0.971094,
    "kmer_V1r": 0.948756,
    "dimacs10-uk-2007-05": 0.99596,
    "friendster": 0.649341,
    "twitter": 0.499362,
    "wikipedia_link_en": 0.810946
}